2026-04-20 11:13:16 | INFO     | PDFs encontrados : 27121
2026-04-20 11:13:16 | INFO     | Já processados   : 20
2026-04-20 11:13:16 | INFO     | Pendentes        : 27101
2026-04-20 11:13:16 | INFO     | Workers          : 4
2026-04-20 11:13:16 | INFO     | Multiprocessing  : False
2026-04-20 11:13:16 | INFO     | Saída JSON       : C:\Users\User\Desktop\Projeto NLP\data\processed\extracted_json
2026-04-20 11:13:16 | INFO     | Processando: 03-ANEXO III - 1.4 - Atendimento_v6.0.pdf
2026-04-20 11:13:17 | ERROR    | Extração de blocos falhou: No module named 'pdfplumber'
2026-04-20 11:13:17 | INFO     | Concluído: 03-ANEXO III - 1.4 - Atendimento_v6.0.pdf | 0 blocos texto | 0 tabelas | 56 imgs | 0.33s
2026-04-20 11:13:17 | INFO     | Processando: 03-ANEXO III - 1.4 - Atendimento_v6.0_1.pdf
2026-04-20 11:13:17 | ERROR    | Extração de blocos falhou: No module named 'pdfplumber'
2026-04-20 11:13:17 | INFO     | Concluído: 03-ANEXO III - 1.4 - Atendimento_v6.0_1.pdf | 0 blocos texto | 0 tabelas | 56 imgs | 0.07s
2026-04-20 11:13:17 | INFO     | Processando: 04 - MRE_2017.1.0.pdf
2026-04-20 11:13:17 | ERROR    | Extração de blocos falhou: No module named 'pdfplumber'
2026-04-20 11:13:17 | INFO     | Concluído: 04 - MRE_2017.1.0.pdf | 0 blocos texto | 0 tabelas | 464 imgs | 0.41s
2026-04-20 11:13:17 | INFO     | Processando: 04 - MRE_2017.1.0_1.pdf
2026-04-20 11:13:17 | ERROR    | Extração de blocos falhou: No module named 'pdfplumber'
2026-04-20 11:13:18 | INFO     | Concluído: 04 - MRE_2017.1.0_1.pdf | 0 blocos texto | 0 tabelas | 464 imgs | 0.41s
2026-04-20 11:13:18 | INFO     | Processando: 04-ANEXO IV - 1.3 - Votos e ContribuiçΣes_v4.0.pdf
2026-04-20 11:13:18 | ERROR    | Extração de blocos falhou: No module named 'pdfplumber'
2026-04-20 11:13:18 | INFO     | Concluído: 04-ANEXO IV - 1.3 - Votos e ContribuiçΣes_v4.0.pdf | 0 blocos texto | 0 tabelas | 31 imgs | 0.11s
2026-04-20 11:13:18 | INFO     | Processando: 04-ANEXO IV - 1.3 - Votos e ContribuiçΣes_v4.0_1.pdf
2026-04-20 11:13:18 | ERROR    | Extração de blocos falhou: No module named 'pdfplumber'
2026-04-20 11:13:18 | INFO     | Concluído: 04-ANEXO IV - 1.3 - Votos e ContribuiçΣes_v4.0_1.pdf | 0 blocos texto | 0 tabelas | 31 imgs | 0.11s
2026-04-20 11:13:18 | INFO     | Processando: 04-ANEXO IV - 1.5 - Desligamento da CCEE_v3.0.pdf
2026-04-20 11:13:18 | ERROR    | Extração de blocos falhou: No module named 'pdfplumber'
2026-04-20 11:13:18 | INFO     | Concluído: 04-ANEXO IV - 1.5 - Desligamento da CCEE_v3.0.pdf | 0 blocos texto | 0 tabelas | 53 imgs | 0.07s
2026-04-20 11:13:18 | INFO     | Processando: 04-ANEXO IV - 1.5 - Desligamento da CCEE_v3.0_1.pdf
2026-04-20 11:13:18 | ERROR    | Extração de blocos falhou: No module named 'pdfplumber'
2026-04-20 11:13:18 | INFO     | Concluído: 04-ANEXO IV - 1.5 - Desligamento da CCEE_v3.0_1.pdf | 0 blocos texto | 0 tabelas | 53 imgs | 0.07s
2026-04-20 11:13:18 | INFO     | Processando: 05 - Contratos_2017.1.0.pdf
2026-04-20 11:13:18 | ERROR    | Extração de blocos falhou: No module named 'pdfplumber'
2026-04-20 11:13:19 | INFO     | Concluído: 05 - Contratos_2017.1.0.pdf | 0 blocos texto | 0 tabelas | 1003 imgs | 1.00s
2026-04-20 11:13:19 | INFO     | Processando: 05 - Contratos_2017.1.0_1.pdf
2026-04-20 11:13:19 | ERROR    | Extração de blocos falhou: No module named 'pdfplumber'
2026-04-20 11:13:20 | INFO     | Concluído: 05 - Contratos_2017.1.0_1.pdf | 0 blocos texto | 0 tabelas | 1003 imgs | 1.01s
2026-04-20 11:13:20 | INFO     | Processando: 05-ANEXO V - 1.4 - Atendimento_v7.0.pdf
2026-04-20 11:13:20 | ERROR    | Extração de blocos falhou: No module named 'pdfplumber'
2026-04-20 11:13:20 | INFO     | Concluído: 05-ANEXO V - 1.4 - Atendimento_v7.0.pdf | 0 blocos texto | 0 tabelas | 56 imgs | 0.15s
2026-04-20 11:13:20 | INFO     | Processando: 05-ANEXO V - 1.4 - Atendimento_v7.0_1.pdf
2026-04-20 11:13:20 | ERROR    | Extração de blocos falhou: No module named 'pdfplumber'
2026-04-20 11:13:20 | INFO     | Concluído: 05-ANEXO V - 1.4 - Atendimento_v7.0_1.pdf | 0 blocos texto | 0 tabelas | 56 imgs | 0.15s
2026-04-20 11:13:20 | INFO     | Processando: 05-ANEXO V - 1.6 - Comercializaç╞o varejista_v3.0.pdf
2026-04-20 11:13:20 | ERROR    | Extração de blocos falhou: No module named 'pdfplumber'
2026-04-20 11:13:21 | INFO     | Concluído: 05-ANEXO V - 1.6 - Comercializaç╞o varejista_v3.0.pdf | 0 blocos texto | 0 tabelas | 75 imgs | 0.32s
2026-04-20 11:13:21 | INFO     | Processando: 05-ANEXO V - 1.6 - Comercializaç╞o varejista_v3.0_1.pdf
2026-04-20 11:13:21 | ERROR    | Extração de blocos falhou: No module named 'pdfplumber'
2026-04-20 11:13:21 | INFO     | Concluído: 05-ANEXO V - 1.6 - Comercializaç╞o varejista_v3.0_1.pdf | 0 blocos texto | 0 tabelas | 75 imgs | 0.32s
2026-04-20 11:13:21 | INFO     | Processando: 06-ANEXO VI - 1.5 - Desligamento da CCEE_v4.0.pdf
2026-04-20 11:13:21 | ERROR    | Extração de blocos falhou: No module named 'pdfplumber'
2026-04-20 11:13:21 | INFO     | Concluído: 06-ANEXO VI - 1.5 - Desligamento da CCEE_v4.0.pdf | 0 blocos texto | 0 tabelas | 53 imgs | 0.17s
2026-04-20 11:13:21 | INFO     | Processando: 06-ANEXO VI - 1.5 - Desligamento da CCEE_v4.0_1.pdf
2026-04-20 11:13:21 | ERROR    | Extração de blocos falhou: No module named 'pdfplumber'
2026-04-20 11:13:21 | INFO     | Concluído: 06-ANEXO VI - 1.5 - Desligamento da CCEE_v4.0_1.pdf | 0 blocos texto | 0 tabelas | 53 imgs | 0.16s
2026-04-20 11:13:21 | INFO     | Processando: 06-ANEXO VI - 1.7 - Monitoramento do Mercado_v2.0.pdf
2026-04-20 11:13:21 | ERROR    | Extração de blocos falhou: No module named 'pdfplumber'
2026-04-20 11:13:21 | INFO     | Concluído: 06-ANEXO VI - 1.7 - Monitoramento do Mercado_v2.0.pdf | 0 blocos texto | 0 tabelas | 23 imgs | 0.05s
2026-04-20 11:13:21 | INFO     | Processando: 06-ANEXO VI - 1.7 - Monitoramento do Mercado_v2.0_1.pdf
2026-04-20 11:13:21 | ERROR    | Extração de blocos falhou: No module named 'pdfplumber'
2026-04-20 11:13:21 | INFO     | Concluído: 06-ANEXO VI - 1.7 - Monitoramento do Mercado_v2.0_1.pdf | 0 blocos texto | 0 tabelas | 23 imgs | 0.04s
2026-04-20 11:13:21 | INFO     | Processando: 07-ANEXO VII - 1.6 - Comercializaç╞o varejista_v4.0.pdf
2026-04-20 11:13:22 | ERROR    | Extração de blocos falhou: No module named 'pdfplumber'
2026-04-20 11:13:22 | INFO     | Concluído: 07-ANEXO VII - 1.6 - Comercializaç╞o varejista_v4.0.pdf | 0 blocos texto | 0 tabelas | 72 imgs | 0.23s
2026-04-20 11:13:22 | INFO     | Processando: 07-ANEXO VII - 1.6 - Comercializaç╞o varejista_v4.0_1.pdf
2026-04-20 11:13:22 | ERROR    | Extração de blocos falhou: No module named 'pdfplumber'
2026-04-20 11:13:22 | INFO     | Concluído: 07-ANEXO VII - 1.6 - Comercializaç╞o varejista_v4.0_1.pdf | 0 blocos texto | 0 tabelas | 72 imgs | 0.23s
2026-04-20 11:13:22 | INFO     | Processando: 07-ANEXO VII - 3.2 - Contratos ACR_v5.0.pdf
2026-04-20 11:13:22 | ERROR    | Extração de blocos falhou: No module named 'pdfplumber'
2026-04-20 11:13:22 | INFO     | Concluído: 07-ANEXO VII - 3.2 - Contratos ACR_v5.0.pdf | 0 blocos texto | 0 tabelas | 82 imgs | 0.20s
2026-04-20 11:13:22 | INFO     | Processando: 07-ANEXO VII - 3.2 - Contratos ACR_v5.0_1.pdf
2026-04-20 11:13:22 | ERROR    | Extração de blocos falhou: No module named 'pdfplumber'
2026-04-20 11:13:22 | INFO     | Concluído: 07-ANEXO VII - 3.2 - Contratos ACR_v5.0_1.pdf | 0 blocos texto | 0 tabelas | 82 imgs | 0.20s
2026-04-20 11:13:22 | INFO     | Processando: 08 - Comprometimento de Usinas_2017.1.0.pdf
2026-04-20 11:13:22 | ERROR    | Extração de blocos falhou: No module named 'pdfplumber'
2026-04-20 11:13:23 | INFO     | Concluído: 08 - Comprometimento de Usinas_2017.1.0.pdf | 0 blocos texto | 0 tabelas | 793 imgs | 1.07s
2026-04-20 11:13:23 | INFO     | Processando: 08 - Comprometimento de Usinas_2017.1.0_1.pdf
2026-04-20 11:13:23 | ERROR    | Extração de blocos falhou: No module named 'pdfplumber'
2026-04-20 11:13:24 | INFO     | Concluído: 08 - Comprometimento de Usinas_2017.1.0_1.pdf | 0 blocos texto | 0 tabelas | 793 imgs | 1.07s
2026-04-20 11:13:24 | INFO     | Processando: 08-ANEXO VIII - 1.7 - Monitoramento do Mercado_v3.0.pdf
2026-04-20 11:13:24 | ERROR    | Extração de blocos falhou: No module named 'pdfplumber'
2026-04-20 11:13:24 | INFO     | Concluído: 08-ANEXO VIII - 1.7 - Monitoramento do Mercado_v3.0.pdf | 0 blocos texto | 0 tabelas | 23 imgs | 0.10s
2026-04-20 11:13:24 | INFO     | Processando: 08-ANEXO VIII - 1.7 - Monitoramento do Mercado_v3.0_1.pdf
2026-04-20 11:13:25 | ERROR    | Extração de blocos falhou: No module named 'pdfplumber'
2026-04-20 11:13:25 | INFO     | Concluído: 08-ANEXO VIII - 1.7 - Monitoramento do Mercado_v3.0_1.pdf | 0 blocos texto | 0 tabelas | 23 imgs | 0.10s
2026-04-20 11:13:25 | INFO     | Processando: 08-ANEXO VIII - 3.3 - Sazo e resazo de garantia fisica_v 4.0.pdf
2026-04-20 11:13:25 | ERROR    | Extração de blocos falhou: No module named 'pdfplumber'
2026-04-20 11:13:25 | INFO     | Concluído: 08-ANEXO VIII - 3.3 - Sazo e resazo de garantia fisica_v 4.0.pdf | 0 blocos texto | 0 tabelas | 34 imgs | 0.05s
2026-04-20 11:13:25 | INFO     | Processando: 08-ANEXO VIII - 3.3 - Sazo e resazo de garantia fisica_v 4.0_1.pdf
2026-04-20 11:13:25 | ERROR    | Extração de blocos falhou: No module named 'pdfplumber'
2026-04-20 11:13:25 | INFO     | Concluído: 08-ANEXO VIII - 3.3 - Sazo e resazo de garantia fisica_v 4.0_1.pdf | 0 blocos texto | 0 tabelas | 34 imgs | 0.05s
2026-04-20 11:13:25 | INFO     | Processando: 09 - Encargos_2019.6.1 (jan-19).pdf
2026-04-20 11:13:25 | ERROR    | Extração de blocos falhou: No module named 'pdfplumber'
2026-04-20 11:18:01 | INFO     | PDFs encontrados : 27121
2026-04-20 11:18:01 | INFO     | Já processados   : 0
2026-04-20 11:18:01 | INFO     | Pendentes        : 27121
2026-04-20 11:18:01 | INFO     | Workers          : 8
2026-04-20 11:18:01 | INFO     | Multiprocessing  : True
2026-04-20 11:18:01 | INFO     | Saída JSON       : C:\Users\User\Desktop\Projeto NLP\data\processed\extracted_json
2026-04-20 11:18:02 | INFO     | Processando: 01-ANEXO I - 1.2 - Cadastro de agentes_v9.0.pdf
2026-04-20 11:18:02 | INFO     | Processando: 02 - Mediç╞o Contábil_2017.1.0.pdf
2026-04-20 11:18:02 | INFO     | Processando: 01-ANEXO I - 1.2 - Cadastro de agentes_v9.0_1.pdf
2026-04-20 11:18:02 | INFO     | Processando: 02 - Mediç╞o Contábil_2017.1.0_1.pdf
2026-04-20 11:18:02 | INFO     | Processando: 02-ANEXO II - 1.1 - Ades╞o à CCEE_v8.0.pdf
2026-04-20 11:18:02 | INFO     | Processando: 02-ANEXO II - 1.1 - Ades╞o à CCEE_v8.0_1.pdf
2026-04-20 11:18:02 | INFO     | Processando: 02-ANEXO II - 1.3 - Votos e ContribuiçΣes_v3.0_1.pdf
2026-04-20 11:18:02 | INFO     | Processando: 02-ANEXO II - 1.3 - Votos e ContribuiçΣes_v3.0.pdf
2026-04-20 11:18:03 | INFO     | Concluído: 02-ANEXO II - 1.3 - Votos e ContribuiçΣes_v3.0_1.pdf | 10 blocos texto | 8 tabelas | 31 imgs | 0.87s
2026-04-20 11:18:03 | INFO     | Concluído: 02-ANEXO II - 1.3 - Votos e ContribuiçΣes_v3.0.pdf | 10 blocos texto | 8 tabelas | 31 imgs | 0.88s
2026-04-20 11:18:04 | INFO     | Concluído: 02-ANEXO II - 1.1 - Ades╞o à CCEE_v8.0.pdf | 19 blocos texto | 18 tabelas | 59 imgs | 1.96s
2026-04-20 11:18:04 | INFO     | Concluído: 02-ANEXO II - 1.1 - Ades╞o à CCEE_v8.0_1.pdf | 19 blocos texto | 18 tabelas | 59 imgs | 1.98s
2026-04-20 11:18:04 | INFO     | Processando: 03-ANEXO III - 1.2 - Cadastro de agentes_v10.0.pdf
2026-04-20 11:18:04 | INFO     | Processando: 03-ANEXO III - 1.2 - Cadastro de agentes_v10.0_1.pdf
2026-04-20 11:18:04 | INFO     | Processando: 03-ANEXO III - 1.4 - Atendimento_v6.0.pdf
2026-04-20 11:18:04 | INFO     | Processando: 03-ANEXO III - 1.4 - Atendimento_v6.0_1.pdf
2026-04-20 11:18:05 | INFO     | Concluído: 01-ANEXO I - 1.2 - Cadastro de agentes_v9.0_1.pdf | 28 blocos texto | 15 tabelas | 84 imgs | 2.95s
2026-04-20 11:18:05 | INFO     | Processando: 04 - MRE_2017.1.0.pdf
2026-04-20 11:18:05 | INFO     | Concluído: 01-ANEXO I - 1.2 - Cadastro de agentes_v9.0.pdf | 28 blocos texto | 15 tabelas | 84 imgs | 3.11s
2026-04-20 11:18:05 | INFO     | Processando: 04 - MRE_2017.1.0_1.pdf
2026-04-20 11:18:06 | INFO     | Concluído: 03-ANEXO III - 1.4 - Atendimento_v6.0_1.pdf | 18 blocos texto | 10 tabelas | 56 imgs | 1.67s
2026-04-20 11:18:06 | INFO     | Processando: 04-ANEXO IV - 1.3 - Votos e ContribuiçΣes_v4.0.pdf
2026-04-20 11:18:06 | INFO     | Concluído: 03-ANEXO III - 1.4 - Atendimento_v6.0.pdf | 18 blocos texto | 10 tabelas | 56 imgs | 1.71s
2026-04-20 11:18:06 | INFO     | Processando: 04-ANEXO IV - 1.3 - Votos e ContribuiçΣes_v4.0_1.pdf
2026-04-20 11:18:07 | INFO     | Concluído: 04-ANEXO IV - 1.3 - Votos e ContribuiçΣes_v4.0_1.pdf | 10 blocos texto | 10 tabelas | 31 imgs | 0.63s
2026-04-20 11:18:07 | INFO     | Processando: 04-ANEXO IV - 1.5 - Desligamento da CCEE_v3.0.pdf
2026-04-20 11:18:07 | INFO     | Concluído: 04-ANEXO IV - 1.3 - Votos e ContribuiçΣes_v4.0.pdf | 10 blocos texto | 10 tabelas | 31 imgs | 0.70s
2026-04-20 11:18:07 | INFO     | Processando: 04-ANEXO IV - 1.5 - Desligamento da CCEE_v3.0_1.pdf
2026-04-20 11:18:07 | INFO     | Concluído: 03-ANEXO III - 1.2 - Cadastro de agentes_v10.0_1.pdf | 27 blocos texto | 20 tabelas | 81 imgs | 2.84s
2026-04-20 11:18:07 | INFO     | Processando: 05 - Contratos_2017.1.0.pdf
2026-04-20 11:18:07 | INFO     | Concluído: 03-ANEXO III - 1.2 - Cadastro de agentes_v10.0.pdf | 27 blocos texto | 20 tabelas | 81 imgs | 2.91s
2026-04-20 11:18:07 | INFO     | Processando: 05 - Contratos_2017.1.0_1.pdf
2026-04-20 11:18:08 | INFO     | Concluído: 04-ANEXO IV - 1.5 - Desligamento da CCEE_v3.0.pdf | 17 blocos texto | 10 tabelas | 53 imgs | 1.57s
2026-04-20 11:18:08 | INFO     | Processando: 05-ANEXO V - 1.4 - Atendimento_v7.0.pdf
2026-04-20 11:18:08 | INFO     | Concluído: 04-ANEXO IV - 1.5 - Desligamento da CCEE_v3.0_1.pdf | 17 blocos texto | 10 tabelas | 53 imgs | 1.58s
2026-04-20 11:18:08 | INFO     | Processando: 05-ANEXO V - 1.4 - Atendimento_v7.0_1.pdf
2026-04-20 11:18:10 | INFO     | Concluído: 05-ANEXO V - 1.4 - Atendimento_v7.0.pdf | 18 blocos texto | 10 tabelas | 56 imgs | 1.62s
2026-04-20 11:18:10 | INFO     | Processando: 05-ANEXO V - 1.6 - Comercializaç╞o varejista_v3.0.pdf
2026-04-20 11:18:10 | INFO     | Concluído: 05-ANEXO V - 1.4 - Atendimento_v7.0_1.pdf | 18 blocos texto | 10 tabelas | 56 imgs | 1.65s
2026-04-20 11:18:10 | INFO     | Processando: 05-ANEXO V - 1.6 - Comercializaç╞o varejista_v3.0_1.pdf
2026-04-20 11:18:11 | INFO     | Concluído: 04 - MRE_2017.1.0.pdf | 58 blocos texto | 43 tabelas | 464 imgs | 6.06s
2026-04-20 11:18:11 | INFO     | Processando: 06-ANEXO VI - 1.5 - Desligamento da CCEE_v4.0.pdf
2026-04-20 11:18:11 | INFO     | Concluído: 04 - MRE_2017.1.0_1.pdf | 58 blocos texto | 43 tabelas | 464 imgs | 6.18s
2026-04-20 11:18:11 | INFO     | Processando: 06-ANEXO VI - 1.5 - Desligamento da CCEE_v4.0_1.pdf
2026-04-20 11:18:12 | INFO     | Concluído: 05-ANEXO V - 1.6 - Comercializaç╞o varejista_v3.0.pdf | 24 blocos texto | 5 tabelas | 75 imgs | 2.32s
2026-04-20 11:18:12 | INFO     | Processando: 06-ANEXO VI - 1.7 - Monitoramento do Mercado_v2.0.pdf
2026-04-20 11:18:12 | INFO     | Concluído: 05-ANEXO V - 1.6 - Comercializaç╞o varejista_v3.0_1.pdf | 24 blocos texto | 5 tabelas | 75 imgs | 2.41s
2026-04-20 11:18:12 | INFO     | Processando: 06-ANEXO VI - 1.7 - Monitoramento do Mercado_v2.0_1.pdf
2026-04-20 11:18:13 | INFO     | Concluído: 06-ANEXO VI - 1.7 - Monitoramento do Mercado_v2.0.pdf | 8 blocos texto | 8 tabelas | 23 imgs | 0.71s
2026-04-20 11:18:13 | INFO     | Processando: 07-ANEXO VII - 1.6 - Comercializaç╞o varejista_v4.0.pdf
2026-04-20 11:18:13 | INFO     | Concluído: 06-ANEXO VI - 1.5 - Desligamento da CCEE_v4.0.pdf | 17 blocos texto | 7 tabelas | 53 imgs | 1.84s
2026-04-20 11:18:13 | INFO     | Processando: 07-ANEXO VII - 1.6 - Comercializaç╞o varejista_v4.0_1.pdf
2026-04-20 11:18:13 | INFO     | Concluído: 06-ANEXO VI - 1.7 - Monitoramento do Mercado_v2.0_1.pdf | 8 blocos texto | 8 tabelas | 23 imgs | 0.78s
2026-04-20 11:18:13 | INFO     | Processando: 07-ANEXO VII - 3.2 - Contratos ACR_v5.0.pdf
2026-04-20 11:18:13 | INFO     | Concluído: 06-ANEXO VI - 1.5 - Desligamento da CCEE_v4.0_1.pdf | 17 blocos texto | 7 tabelas | 53 imgs | 1.76s
2026-04-20 11:18:13 | INFO     | Processando: 07-ANEXO VII - 3.2 - Contratos ACR_v5.0_1.pdf
2026-04-20 11:18:15 | INFO     | Concluído: 07-ANEXO VII - 1.6 - Comercializaç╞o varejista_v4.0.pdf | 23 blocos texto | 7 tabelas | 72 imgs | 2.10s
2026-04-20 11:18:15 | INFO     | Processando: 08 - Comprometimento de Usinas_2017.1.0.pdf
2026-04-20 11:18:15 | INFO     | Concluído: 07-ANEXO VII - 1.6 - Comercializaç╞o varejista_v4.0_1.pdf | 23 blocos texto | 7 tabelas | 72 imgs | 2.24s
2026-04-20 11:18:15 | INFO     | Processando: 08 - Comprometimento de Usinas_2017.1.0_1.pdf
2026-04-20 11:18:16 | INFO     | Concluído: 07-ANEXO VII - 3.2 - Contratos ACR_v5.0.pdf | 27 blocos texto | 15 tabelas | 82 imgs | 2.79s
2026-04-20 11:18:16 | INFO     | Processando: 08-ANEXO VIII - 1.7 - Monitoramento do Mercado_v3.0.pdf
2026-04-20 11:18:16 | INFO     | Concluído: 07-ANEXO VII - 3.2 - Contratos ACR_v5.0_1.pdf | 27 blocos texto | 15 tabelas | 82 imgs | 2.90s
2026-04-20 11:18:16 | INFO     | Processando: 08-ANEXO VIII - 1.7 - Monitoramento do Mercado_v3.0_1.pdf
2026-04-20 11:18:16 | INFO     | Concluído: 08-ANEXO VIII - 1.7 - Monitoramento do Mercado_v3.0.pdf | 8 blocos texto | 9 tabelas | 23 imgs | 0.58s
2026-04-20 11:18:16 | INFO     | Processando: 08-ANEXO VIII - 3.3 - Sazo e resazo de garantia fisica_v 4.0.pdf
2026-04-20 11:18:16 | INFO     | Concluído: 08-ANEXO VIII - 1.7 - Monitoramento do Mercado_v3.0_1.pdf | 8 blocos texto | 9 tabelas | 23 imgs | 0.56s
2026-04-20 11:18:16 | INFO     | Processando: 08-ANEXO VIII - 3.3 - Sazo e resazo de garantia fisica_v 4.0_1.pdf
2026-04-20 11:18:17 | INFO     | Concluído: 02 - Mediç╞o Contábil_2017.1.0_1.pdf | 130 blocos texto | 268 tabelas | 819 imgs | 15.43s
2026-04-20 11:18:17 | INFO     | Concluído: 08-ANEXO VIII - 3.3 - Sazo e resazo de garantia fisica_v 4.0.pdf | 11 blocos texto | 11 tabelas | 34 imgs | 1.07s
2026-04-20 11:18:17 | INFO     | Processando: 09 - Encargos_2019.6.1 (jan-19).pdf
2026-04-20 11:18:17 | INFO     | Processando: 09 - Encargos_2019.6.1 (jan-19)_1.pdf
2026-04-20 11:18:17 | INFO     | Concluído: 02 - Mediç╞o Contábil_2017.1.0.pdf | 130 blocos texto | 268 tabelas | 819 imgs | 15.52s
2026-04-20 11:18:18 | INFO     | Processando: 09 - Encargos_2020.3.4 (jan-20 a abr-20).pdf
2026-04-20 11:18:18 | INFO     | Concluído: 08-ANEXO VIII - 3.3 - Sazo e resazo de garantia fisica_v 4.0_1.pdf | 11 blocos texto | 11 tabelas | 34 imgs | 1.13s
2026-04-20 11:18:18 | INFO     | Processando: 09 - Encargos_2020.3.4 (jan-20 a abr-20)_1.pdf
2026-04-20 11:18:21 | INFO     | Concluído: 05 - Contratos_2017.1.0.pdf | 167 blocos texto | 128 tabelas | 1003 imgs | 13.56s
2026-04-20 11:18:21 | INFO     | Processando: 09 - Encargos_2020.4.3 (mai-20).pdf
2026-04-20 11:18:21 | INFO     | Concluído: 05 - Contratos_2017.1.0_1.pdf | 167 blocos texto | 128 tabelas | 1003 imgs | 13.52s
2026-04-20 11:18:21 | INFO     | Processando: 09 - Encargos_2020.4.3 (mai-20)_1.pdf
2026-04-20 11:18:31 | INFO     | Concluído: 09 - Encargos_2020.3.4 (jan-20 a abr-20)_1.pdf | 110 blocos texto | 178 tabelas | 463 imgs | 13.38s
2026-04-20 11:18:31 | INFO     | Processando: 09 - Encargos_2021.1.1 (jan-20).pdf
2026-04-20 11:18:32 | INFO     | Concluído: 09 - Encargos_2020.3.4 (jan-20 a abr-20).pdf | 110 blocos texto | 178 tabelas | 463 imgs | 14.16s
2026-04-20 11:18:32 | INFO     | Processando: 09 - Encargos_2021.1.1 (jan-20)_1.pdf
2026-04-20 11:18:32 | INFO     | Concluído: 08 - Comprometimento de Usinas_2017.1.0.pdf | 129 blocos texto | 380 tabelas | 793 imgs | 16.94s
2026-04-20 11:18:32 | INFO     | Processando: 09-ANEXO IX - 2.1 - Coleta e ajuste de dados de mediç╞o_v4.0.pdf
2026-04-20 11:18:32 | INFO     | Concluído: 08 - Comprometimento de Usinas_2017.1.0_1.pdf | 129 blocos texto | 380 tabelas | 793 imgs | 17.35s
2026-04-20 11:18:32 | INFO     | Processando: 09-ANEXO IX - 2.1 - Coleta e ajuste de dados de mediç╞o_v4.0_1.pdf
2026-04-20 11:18:33 | INFO     | Concluído: 09 - Encargos_2019.6.1 (jan-19).pdf | 111 blocos texto | 169 tabelas | 574 imgs | 15.10s
2026-04-20 11:18:33 | INFO     | Processando: 09-ANEXO IX - 3.5 - Receita de Venda de CCEAR_v 6.0.pdf
2026-04-20 11:18:33 | INFO     | Concluído: 09-ANEXO IX - 2.1 - Coleta e ajuste de dados de mediç╞o_v4.0.pdf | 10 blocos texto | 18 tabelas | 30 imgs | 1.27s
2026-04-20 11:18:33 | INFO     | Processando: 09-ANEXO IX - 3.5 - Receita de Venda de CCEAR_v 6.0_1.pdf
2026-04-20 11:18:33 | INFO     | Concluído: 09 - Encargos_2019.6.1 (jan-19)_1.pdf | 111 blocos texto | 169 tabelas | 574 imgs | 15.97s
2026-04-20 11:18:33 | INFO     | Processando: 1-08 - Ressarcimento_sem_realce_2014.1.10_(jan-14).pdf
2026-04-20 11:18:34 | INFO     | Concluído: 09-ANEXO IX - 2.1 - Coleta e ajuste de dados de mediç╞o_v4.0_1.pdf | 10 blocos texto | 18 tabelas | 30 imgs | 1.16s
2026-04-20 11:18:34 | INFO     | Processando: 1-08 - Ressarcimento_sem_realce_2014.1.10_(jan-14)_1.pdf
2026-04-20 11:18:34 | INFO     | Concluído: 09-ANEXO IX - 3.5 - Receita de Venda de CCEAR_v 6.0.pdf | 14 blocos texto | 15 tabelas | 43 imgs | 1.83s
2026-04-20 11:18:34 | INFO     | Processando: 10 - Consolidaç╞o de Resultados_2017.1.0.pdf
2026-04-20 11:18:35 | INFO     | Concluído: 09-ANEXO IX - 3.5 - Receita de Venda de CCEAR_v 6.0_1.pdf | 14 blocos texto | 15 tabelas | 43 imgs | 2.05s
2026-04-20 11:18:35 | INFO     | Processando: 10 - Consolidaç╞o de Resultados_2017.1.0_1.pdf
2026-04-20 11:18:36 | INFO     | Concluído: 09 - Encargos_2020.4.3 (mai-20).pdf | 111 blocos texto | 178 tabelas | 580 imgs | 15.72s
2026-04-20 11:18:36 | INFO     | Concluído: 09 - Encargos_2020.4.3 (mai-20)_1.pdf | 111 blocos texto | 178 tabelas | 580 imgs | 15.71s
2026-04-20 11:18:36 | INFO     | Processando: 10-19 - MCSD_sem_realce_2015.1.4_(jan-15).pdf
2026-04-20 11:18:36 | INFO     | Processando: 10-19 - MCSD_sem_realce_2015.1.4_(jan-15)_1.pdf
2026-04-20 11:18:45 | INFO     | Concluído: 10 - Consolidaç╞o de Resultados_2017.1.0.pdf | 103 blocos texto | 155 tabelas | 659 imgs | 10.90s
2026-04-20 11:18:45 | INFO     | Processando: 10-ANEXO X - 3.1 - Contratos ACL_v5.0.pdf
2026-04-20 11:18:46 | INFO     | Concluído: 10 - Consolidaç╞o de Resultados_2017.1.0_1.pdf | 103 blocos texto | 155 tabelas | 659 imgs | 10.44s
2026-04-20 11:18:46 | INFO     | Processando: 10-ANEXO X - 3.1 - Contratos ACL_v5.0_1.pdf
2026-04-20 11:18:47 | INFO     | Concluído: 09 - Encargos_2021.1.1 (jan-20).pdf | 107 blocos texto | 173 tabelas | 553 imgs | 15.86s
2026-04-20 11:18:47 | INFO     | Processando: 10-ANEXO X - 3.8 - Mecanismo de Venda de Excedentes_v3.0.pdf
2026-04-20 11:18:47 | INFO     | Concluído: 10-ANEXO X - 3.1 - Contratos ACL_v5.0.pdf | 19 blocos texto | 19 tabelas | 58 imgs | 1.88s
2026-04-20 11:18:47 | INFO     | Processando: 10-ANEXO X - 3.8 - Mecanismo de Venda de Excedentes_v3.0_1.pdf
2026-04-20 11:18:48 | INFO     | Concluído: 09 - Encargos_2021.1.1 (jan-20)_1.pdf | 107 blocos texto | 173 tabelas | 553 imgs | 16.06s
2026-04-20 11:18:48 | INFO     | Processando: 11-02 - Mediç╞o Contábil_sem_realce_2015.1.4_(jan-15).pdf
2026-04-20 11:18:48 | INFO     | Concluído: 10-ANEXO X - 3.1 - Contratos ACL_v5.0_1.pdf | 19 blocos texto | 19 tabelas | 58 imgs | 2.24s
2026-04-20 11:18:48 | INFO     | Processando: 11-02 - Mediç╞o Contábil_sem_realce_2015.1.4_(jan-15)_1.pdf
2026-04-20 11:18:49 | INFO     | Concluído: 10-ANEXO X - 3.8 - Mecanismo de Venda de Excedentes_v3.0_1.pdf | 15 blocos texto | 21 tabelas | 47 imgs | 1.54s
2026-04-20 11:18:49 | INFO     | Processando: 11-ANEXO XI - 3.2 - Contratos ACR_v6.0.pdf
2026-04-20 11:18:49 | INFO     | Concluído: 10-ANEXO X - 3.8 - Mecanismo de Venda de Excedentes_v3.0.pdf | 15 blocos texto | 21 tabelas | 47 imgs | 2.00s
2026-04-20 11:18:49 | INFO     | Processando: 11-ANEXO XI - 3.2 - Contratos ACR_v6.0_1.pdf
2026-04-20 11:18:52 | INFO     | Concluído: 11-ANEXO XI - 3.2 - Contratos ACR_v6.0.pdf | 26 blocos texto | 9 tabelas | 79 imgs | 3.71s
2026-04-20 11:18:52 | INFO     | Processando: 11-ANEXO XI - 5.1 - Contabilizaç╞o e recontabilizaç╞o_v2.0.pdf
2026-04-20 11:18:53 | INFO     | Concluído: 11-ANEXO XI - 3.2 - Contratos ACR_v6.0_1.pdf | 26 blocos texto | 9 tabelas | 79 imgs | 3.82s
2026-04-20 11:18:53 | INFO     | Processando: 11-ANEXO XI - 5.1 - Contabilizaç╞o e recontabilizaç╞o_v2.0_1.pdf
2026-04-20 11:18:54 | INFO     | Concluído: 10-19 - MCSD_sem_realce_2015.1.4_(jan-15)_1.pdf | 123 blocos texto | 26 tabelas | 1735 imgs | 17.92s
2026-04-20 11:18:54 | INFO     | Processando: 12-02 - Mediç╞o Contábil_sem_realce_2015.2.0_(out-15).pdf
2026-04-20 11:18:55 | INFO     | Concluído: 11-ANEXO XI - 5.1 - Contabilizaç╞o e recontabilizaç╞o_v2.0.pdf | 17 blocos texto | 17 tabelas | 52 imgs | 2.09s
2026-04-20 11:18:55 | INFO     | Processando: 12-02 - Mediç╞o Contábil_sem_realce_2015.2.0_(out-15)_1.pdf
2026-04-20 11:18:55 | INFO     | Concluído: 10-19 - MCSD_sem_realce_2015.1.4_(jan-15).pdf | 123 blocos texto | 26 tabelas | 1735 imgs | 18.24s
2026-04-20 11:18:55 | INFO     | Processando: 12-ANEXO XII - 3.3 - Sazo e resazo de garantia fisica_v 5.0.pdf
2026-04-20 11:18:55 | INFO     | Concluído: 11-ANEXO XI - 5.1 - Contabilizaç╞o e recontabilizaç╞o_v2.0_1.pdf | 17 blocos texto | 17 tabelas | 52 imgs | 2.04s
2026-04-20 11:18:55 | INFO     | Processando: 12-ANEXO XII - 3.3 - Sazo e resazo de garantia fisica_v 5.0_1.pdf
2026-04-20 11:18:56 | INFO     | Concluído: 12-ANEXO XII - 3.3 - Sazo e resazo de garantia fisica_v 5.0.pdf | 11 blocos texto | 7 tabelas | 34 imgs | 1.16s
2026-04-20 11:18:56 | INFO     | Processando: 12-ANEXO XII - 6.2 - Notificaç╞o e gest╞o pagamento penalidades e multas_v3.0.pdf
2026-04-20 11:18:56 | INFO     | Concluído: 12-ANEXO XII - 3.3 - Sazo e resazo de garantia fisica_v 5.0_1.pdf | 11 blocos texto | 7 tabelas | 34 imgs | 1.29s
2026-04-20 11:18:56 | INFO     | Processando: 12-ANEXO XII - 6.2 - Notificaç╞o e gest╞o pagamento penalidades e multas_v3.0_1.pdf
2026-04-20 11:18:57 | INFO     | Concluído: 12-ANEXO XII - 6.2 - Notificaç╞o e gest╞o pagamento penalidades e multas_v3.0.pdf | 14 blocos texto | 8 tabelas | 43 imgs | 1.23s
2026-04-20 11:18:57 | INFO     | Processando: 13 - Penalidades de Energia_2017.1.0.pdf
2026-04-20 11:18:57 | INFO     | Concluído: 12-ANEXO XII - 6.2 - Notificaç╞o e gest╞o pagamento penalidades e multas_v3.0_1.pdf | 14 blocos texto | 8 tabelas | 43 imgs | 1.23s
2026-04-20 11:18:57 | INFO     | Processando: 13 - Penalidades de Energia_2017.1.0_1.pdf
2026-04-20 11:19:00 | INFO     | Concluído: 11-02 - Mediç╞o Contábil_sem_realce_2015.1.4_(jan-15)_1.pdf | 104 blocos texto | 7 tabelas | 423 imgs | 12.61s
2026-04-20 11:19:00 | INFO     | Processando: 13-14 - Penalidade de Potência_sem_realce_2015.2.0_(out-15).pdf
2026-04-20 11:19:01 | INFO     | Concluído: 11-02 - Mediç╞o Contábil_sem_realce_2015.1.4_(jan-15).pdf | 104 blocos texto | 7 tabelas | 423 imgs | 12.92s
2026-04-20 11:19:01 | INFO     | Processando: 13-14 - Penalidade de Potência_sem_realce_2015.2.0_(out-15)_1.pdf
2026-04-20 11:19:01 | INFO     | Concluído: 1-08 - Ressarcimento_sem_realce_2014.1.10_(jan-14).pdf | 169 blocos texto | 2 tabelas | 883 imgs | 27.64s
2026-04-20 11:19:01 | INFO     | Processando: 13-ANEXO XIII - 3.5 - Receita de Venda de CCEAR_v 7.0.pdf
2026-04-20 11:19:02 | INFO     | Concluído: 1-08 - Ressarcimento_sem_realce_2014.1.10_(jan-14)_1.pdf | 169 blocos texto | 2 tabelas | 883 imgs | 28.09s
2026-04-20 11:19:02 | INFO     | Processando: 13-ANEXO XIII - 3.5 - Receita de Venda de CCEAR_v 7.0_1.pdf
2026-04-20 11:19:03 | INFO     | Concluído: 13-ANEXO XIII - 3.5 - Receita de Venda de CCEAR_v 7.0.pdf | 14 blocos texto | 18 tabelas | 43 imgs | 1.43s
2026-04-20 11:19:03 | INFO     | Processando: 13-ANEXO XIII - 8.1 - MCSD Existente_v7.0.pdf
2026-04-20 11:19:03 | INFO     | Concluído: 13-ANEXO XIII - 3.5 - Receita de Venda de CCEAR_v 7.0_1.pdf | 14 blocos texto | 18 tabelas | 43 imgs | 1.32s
2026-04-20 11:19:03 | INFO     | Processando: 13-ANEXO XIII - 8.1 - MCSD Existente_v7.0_1.pdf
2026-04-20 11:19:04 | INFO     | Concluído: 13-ANEXO XIII - 8.1 - MCSD Existente_v7.0.pdf | 10 blocos texto | 8 tabelas | 31 imgs | 1.11s
2026-04-20 11:19:04 | INFO     | Processando: 14-02 - Mediç╞o Contábil_sem_realce_2016.2.0_(jan-16).pdf
2026-04-20 11:19:04 | INFO     | Concluído: 13-ANEXO XIII - 8.1 - MCSD Existente_v7.0_1.pdf | 10 blocos texto | 8 tabelas | 31 imgs | 1.18s
2026-04-20 11:19:04 | INFO     | Processando: 14-02 - Mediç╞o Contábil_sem_realce_2016.2.0_(jan-16)_1.pdf
2026-04-20 11:19:05 | INFO     | Concluído: 13 - Penalidades de Energia_2017.1.0.pdf | 73 blocos texto | 135 tabelas | 463 imgs | 8.22s
2026-04-20 11:19:05 | INFO     | Processando: 14-ANEXO XIV - 3.6 - Liquidaç╞o Angra 1 e 2_v2.0.pdf
2026-04-20 11:19:05 | INFO     | Concluído: 13 - Penalidades de Energia_2017.1.0_1.pdf | 73 blocos texto | 135 tabelas | 463 imgs | 8.05s
2026-04-20 11:19:05 | INFO     | Processando: 14-ANEXO XIV - 3.6 - Liquidaç╞o Angra 1 e 2_v2.0_1.pdf
2026-04-20 11:19:06 | INFO     | Concluído: 14-ANEXO XIV - 3.6 - Liquidaç╞o Angra 1 e 2_v2.0_1.pdf | 9 blocos texto | 7 tabelas | 28 imgs | 0.72s
2026-04-20 11:19:06 | INFO     | Processando: 14-ANEXO XIV - 8.3 - Liquidaç╞o cessΣes do MCSD_v3.0.pdf
2026-04-20 11:19:06 | INFO     | Concluído: 14-ANEXO XIV - 3.6 - Liquidaç╞o Angra 1 e 2_v2.0.pdf | 9 blocos texto | 7 tabelas | 28 imgs | 1.08s
2026-04-20 11:19:06 | INFO     | Processando: 14-ANEXO XIV - 8.3 - Liquidaç╞o cessΣes do MCSD_v3.0_1.pdf
2026-04-20 11:19:07 | INFO     | Concluído: 14-ANEXO XIV - 8.3 - Liquidaç╞o cessΣes do MCSD_v3.0.pdf | 8 blocos texto | 9 tabelas | 23 imgs | 0.79s
2026-04-20 11:19:07 | INFO     | Processando: 15 - Cálculo do Desconto Aplicado à TUSDTUST_2017.1.0.pdf
2026-04-20 11:19:07 | INFO     | Concluído: 14-ANEXO XIV - 8.3 - Liquidaç╞o cessΣes do MCSD_v3.0_1.pdf | 8 blocos texto | 9 tabelas | 23 imgs | 0.87s
2026-04-20 11:19:07 | INFO     | Processando: 15 - Cálculo do Desconto Aplicado à TUSDTUST_2017.1.0_1.pdf
2026-04-20 11:19:08 | INFO     | Concluído: 12-02 - Mediç╞o Contábil_sem_realce_2015.2.0_(out-15)_1.pdf | 105 blocos texto | 7 tabelas | 532 imgs | 13.37s
2026-04-20 11:19:08 | INFO     | Processando: 15-03 - Garantia Física_sem_realce_2016.2.0_(jan-16).pdf
2026-04-20 11:19:08 | INFO     | Concluído: 12-02 - Mediç╞o Contábil_sem_realce_2015.2.0_(out-15).pdf | 105 blocos texto | 7 tabelas | 532 imgs | 13.92s
2026-04-20 11:19:08 | INFO     | Processando: 15-03 - Garantia Física_sem_realce_2016.2.0_(jan-16)_1.pdf
2026-04-20 11:19:15 | INFO     | Concluído: 15 - Cálculo do Desconto Aplicado à TUSDTUST_2017.1.0.pdf | 64 blocos texto | 184 tabelas | 406 imgs | 7.83s
2026-04-20 11:19:15 | INFO     | Processando: 15-ANEXO XV - 3.7 - Liquidaç╞o cotas de garantia física_v2.0.pdf
2026-04-20 11:19:15 | INFO     | Concluído: 15 - Cálculo do Desconto Aplicado à TUSDTUST_2017.1.0_1.pdf | 64 blocos texto | 184 tabelas | 406 imgs | 7.55s
2026-04-20 11:19:15 | INFO     | Processando: 15-ANEXO XV - 3.7 - Liquidaç╞o cotas de garantia física_v2.0_1.pdf
2026-04-20 11:19:16 | INFO     | Concluído: 15-ANEXO XV - 3.7 - Liquidaç╞o cotas de garantia física_v2.0.pdf | 8 blocos texto | 5 tabelas | 25 imgs | 0.91s
2026-04-20 11:19:16 | INFO     | Processando: 15-ANEXO XV - 8.4 - MCSD Ex-post_v2.0.pdf
2026-04-20 11:19:16 | INFO     | Concluído: 15-ANEXO XV - 3.7 - Liquidaç╞o cotas de garantia física_v2.0_1.pdf | 8 blocos texto | 5 tabelas | 25 imgs | 0.93s
2026-04-20 11:19:16 | INFO     | Processando: 15-ANEXO XV - 8.4 - MCSD Ex-post_v2.0_1.pdf
2026-04-20 11:19:16 | INFO     | Concluído: 14-02 - Mediç╞o Contábil_sem_realce_2016.2.0_(jan-16).pdf | 111 blocos texto | 150 tabelas | 699 imgs | 12.66s
2026-04-20 11:19:16 | INFO     | Processando: 16 - Reajuste dos Parâmetros da Receita de CCEAR_2017.1.0.pdf
2026-04-20 11:19:16 | INFO     | Concluído: 15-ANEXO XV - 8.4 - MCSD Ex-post_v2.0_1.pdf | 7 blocos texto | 9 tabelas | 20 imgs | 0.68s
2026-04-20 11:19:16 | INFO     | Processando: 16 - Reajuste dos Parâmetros da Receita de CCEAR_2017.1.0_1.pdf
2026-04-20 11:19:16 | INFO     | Concluído: 15-03 - Garantia Física_sem_realce_2016.2.0_(jan-16).pdf | 73 blocos texto | 6 tabelas | 405 imgs | 8.46s
2026-04-20 11:19:16 | INFO     | Processando: 16-08 - Comprometimento de Usinas_sem_realce_2016.2.0_(mai-16).pdf
2026-04-20 11:19:16 | INFO     | Concluído: 15-03 - Garantia Física_sem_realce_2016.2.0_(jan-16)_1.pdf | 73 blocos texto | 6 tabelas | 405 imgs | 8.21s
2026-04-20 11:19:16 | INFO     | Processando: 16-08 - Comprometimento de Usinas_sem_realce_2016.2.0_(mai-16)_1.pdf
2026-04-20 11:19:17 | INFO     | Concluído: 15-ANEXO XV - 8.4 - MCSD Ex-post_v2.0.pdf | 7 blocos texto | 9 tabelas | 20 imgs | 1.04s
2026-04-20 11:19:17 | INFO     | Processando: 16-ANEXO XVI - 3.8 - Mecanismo de Venda de Excedentes_v4.0.pdf
2026-04-20 11:19:17 | INFO     | Concluído: 14-02 - Mediç╞o Contábil_sem_realce_2016.2.0_(jan-16)_1.pdf | 111 blocos texto | 150 tabelas | 699 imgs | 12.89s
2026-04-20 11:19:17 | INFO     | Processando: 16-ANEXO XVI - 3.8 - Mecanismo de Venda de Excedentes_v4.0_1.pdf
2026-04-20 11:19:18 | INFO     | Concluído: 16-ANEXO XVI - 3.8 - Mecanismo de Venda de Excedentes_v4.0.pdf | 14 blocos texto | 15 tabelas | 44 imgs | 1.82s
2026-04-20 11:19:18 | INFO     | Processando: 16-ANEXO XVI - 8.5 - MCSD Energia Nova_v3.0.pdf
2026-04-20 11:19:19 | INFO     | Concluído: 16-ANEXO XVI - 3.8 - Mecanismo de Venda de Excedentes_v4.0_1.pdf | 14 blocos texto | 15 tabelas | 44 imgs | 2.17s
2026-04-20 11:19:19 | INFO     | Processando: 16-ANEXO XVI - 8.5 - MCSD Energia Nova_v3.0_1.pdf
2026-04-20 11:19:20 | INFO     | Concluído: 16-ANEXO XVI - 8.5 - MCSD Energia Nova_v3.0.pdf | 14 blocos texto | 18 tabelas | 43 imgs | 1.62s
2026-04-20 11:19:20 | INFO     | Processando: 17 - Receita de Venda de CCEAR_2017.1.0 - minuta.pdf
2026-04-20 11:19:21 | INFO     | Concluído: 16-ANEXO XVI - 8.5 - MCSD Energia Nova_v3.0_1.pdf | 14 blocos texto | 18 tabelas | 43 imgs | 1.55s
2026-04-20 11:19:21 | INFO     | Processando: 17 - Receita de Venda de CCEAR_2017.1.0 - minuta_1.pdf
2026-04-20 11:19:30 | INFO     | Concluído: 16 - Reajuste dos Parâmetros da Receita de CCEAR_2017.1.0_1.pdf | 131 blocos texto | 121 tabelas | 839 imgs | 13.79s
2026-04-20 11:19:30 | INFO     | Processando: 17-10 - Consolidaç╞o de Resultados_sem_realce_2016.2.0_(mai-16).pdf
2026-04-20 11:19:30 | INFO     | Concluído: 16 - Reajuste dos Parâmetros da Receita de CCEAR_2017.1.0.pdf | 131 blocos texto | 121 tabelas | 839 imgs | 14.18s
2026-04-20 11:19:31 | INFO     | Processando: 17-10 - Consolidaç╞o de Resultados_sem_realce_2016.2.0_(mai-16)_1.pdf
2026-04-20 11:19:34 | INFO     | Concluído: 16-08 - Comprometimento de Usinas_sem_realce_2016.2.0_(mai-16)_1.pdf | 117 blocos texto | 3 tabelas | 623 imgs | 17.53s
2026-04-20 11:19:34 | INFO     | Processando: 17-ANEXO XVII - 5.1 - Contabilizaç╞o e recontabilizaç╞o_v3.0.pdf
2026-04-20 11:19:34 | INFO     | Concluído: 16-08 - Comprometimento de Usinas_sem_realce_2016.2.0_(mai-16).pdf | 117 blocos texto | 3 tabelas | 623 imgs | 17.94s
2026-04-20 11:19:34 | INFO     | Processando: 17-ANEXO XVII - 5.1 - Contabilizaç╞o e recontabilizaç╞o_v3.0_1.pdf
2026-04-20 11:19:36 | INFO     | Concluído: 17-ANEXO XVII - 5.1 - Contabilizaç╞o e recontabilizaç╞o_v3.0.pdf | 17 blocos texto | 20 tabelas | 52 imgs | 2.37s
2026-04-20 11:19:36 | INFO     | Processando: 18 - Contrataç╞o de Energia de Reserva_2017.1.0.pdf
2026-04-20 11:19:37 | INFO     | Concluído: 17-ANEXO XVII - 5.1 - Contabilizaç╞o e recontabilizaç╞o_v3.0_1.pdf | 17 blocos texto | 20 tabelas | 52 imgs | 2.37s
2026-04-20 11:19:37 | INFO     | Processando: 18 - Contrataç╞o de Energia de Reserva_2017.1.0_1.pdf
2026-04-20 11:19:40 | INFO     | Concluído: 13-14 - Penalidade de Potência_sem_realce_2015.2.0_(out-15).pdf | 55 blocos texto | 47 tabelas | 330 imgs | 39.38s
2026-04-20 11:19:40 | INFO     | Processando: 18-13 - Penalidades de Energia_sem_realce_2016.2.0_(mai-16).pdf
2026-04-20 11:19:40 | INFO     | Concluído: 13-14 - Penalidade de Potência_sem_realce_2015.2.0_(out-15)_1.pdf | 55 blocos texto | 47 tabelas | 330 imgs | 39.73s
2026-04-20 11:19:40 | INFO     | Processando: 18-13 - Penalidades de Energia_sem_realce_2016.2.0_(mai-16)_1.pdf
2026-04-20 11:19:43 | INFO     | Concluído: 17 - Receita de Venda de CCEAR_2017.1.0 - minuta.pdf | 174 blocos texto | 337 tabelas | 1083 imgs | 22.58s
2026-04-20 11:19:43 | INFO     | Processando: 18-ANEXO XVIII - 5.2 - Liquidaç╞o MCP_v4.0.pdf
2026-04-20 11:19:43 | INFO     | Concluído: 17-10 - Consolidaç╞o de Resultados_sem_realce_2016.2.0_(mai-16).pdf | 93 blocos texto | 2 tabelas | 506 imgs | 13.13s
2026-04-20 11:19:43 | INFO     | Processando: 18-ANEXO XVIII - 5.2 - Liquidaç╞o MCP_v4.0_1.pdf
2026-04-20 11:19:44 | INFO     | Concluído: 17 - Receita de Venda de CCEAR_2017.1.0 - minuta_1.pdf | 174 blocos texto | 337 tabelas | 1083 imgs | 22.85s
2026-04-20 11:19:44 | INFO     | Concluído: 17-10 - Consolidaç╞o de Resultados_sem_realce_2016.2.0_(mai-16)_1.pdf | 93 blocos texto | 2 tabelas | 506 imgs | 13.26s
2026-04-20 11:19:44 | INFO     | Processando: 19 - MCSD_2017.1.0.pdf
2026-04-20 11:19:44 | INFO     | Processando: 19 - MCSD_2017.1.0_1.pdf
2026-04-20 11:19:45 | INFO     | Concluído: 18-ANEXO XVIII - 5.2 - Liquidaç╞o MCP_v4.0_1.pdf | 11 blocos texto | 13 tabelas | 34 imgs | 1.29s
2026-04-20 11:19:45 | INFO     | Processando: 19-17 - Receita de Venda de CCEAR_sem_realce_2016.2.0_(mai-16).pdf
2026-04-20 11:19:45 | INFO     | Concluído: 18-ANEXO XVIII - 5.2 - Liquidaç╞o MCP_v4.0.pdf | 11 blocos texto | 13 tabelas | 34 imgs | 2.35s
2026-04-20 11:19:45 | INFO     | Processando: 19-17 - Receita de Venda de CCEAR_sem_realce_2016.2.0_(mai-16)_1.pdf
2026-04-20 11:19:50 | INFO     | Concluído: 18-13 - Penalidades de Energia_sem_realce_2016.2.0_(mai-16).pdf | 72 blocos texto | 89 tabelas | 458 imgs | 10.03s
2026-04-20 11:19:50 | INFO     | Processando: 19-ANEXO XIX - 5.3 - Conta Bandeiras_v3.0.pdf
2026-04-20 11:19:50 | INFO     | Concluído: 18-13 - Penalidades de Energia_sem_realce_2016.2.0_(mai-16)_1.pdf | 72 blocos texto | 89 tabelas | 458 imgs | 9.95s
2026-04-20 11:19:50 | INFO     | Processando: 19-ANEXO XIX - 5.3 - Conta Bandeiras_v3.0_1.pdf
2026-04-20 11:19:52 | INFO     | Concluído: 19-ANEXO XIX - 5.3 - Conta Bandeiras_v3.0.pdf | 16 blocos texto | 21 tabelas | 52 imgs | 2.15s
2026-04-20 11:19:52 | INFO     | Processando: 2-08 - Ressarcimento_sem_realce_2014.2.3_(jul-14).pdf
2026-04-20 11:19:53 | INFO     | Concluído: 19-ANEXO XIX - 5.3 - Conta Bandeiras_v3.0_1.pdf | 16 blocos texto | 21 tabelas | 52 imgs | 2.12s
2026-04-20 11:19:53 | INFO     | Processando: 2-08 - Ressarcimento_sem_realce_2014.2.3_(jul-14)_1.pdf
2026-04-20 11:19:56 | INFO     | Concluído: 18 - Contrataç╞o de Energia de Reserva_2017.1.0.pdf | 144 blocos texto | 318 tabelas | 907 imgs | 19.74s
2026-04-20 11:19:56 | INFO     | Processando: 20 - Votos e Contribuiç╞o Associativa_2017.1.0.pdf
2026-04-20 11:19:57 | INFO     | Concluído: 18 - Contrataç╞o de Energia de Reserva_2017.1.0_1.pdf | 144 blocos texto | 318 tabelas | 907 imgs | 20.11s
2026-04-20 11:19:57 | INFO     | Processando: 20 - Votos e Contribuiç╞o Associativa_2017.1.0_1.pdf
2026-04-20 11:20:01 | INFO     | Concluído: 19 - MCSD_2017.1.0_1.pdf | 125 blocos texto | 79 tabelas | 825 imgs | 16.96s
2026-04-20 11:20:01 | INFO     | Processando: 20-18 - Contrataç╞o de Energia de Reserva_sem_realce_2016.2.0_(mai-16).pdf
2026-04-20 11:20:01 | INFO     | Concluído: 19 - MCSD_2017.1.0.pdf | 125 blocos texto | 79 tabelas | 825 imgs | 17.47s
2026-04-20 11:20:01 | INFO     | Processando: 20-18 - Contrataç╞o de Energia de Reserva_sem_realce_2016.2.0_(mai-16)_1.pdf
2026-04-20 11:20:02 | INFO     | Concluído: 20 - Votos e Contribuiç╞o Associativa_2017.1.0.pdf | 39 blocos texto | 33 tabelas | 239 imgs | 6.05s
2026-04-20 11:20:02 | INFO     | Processando: 20-ANEXO XX - 6.1 - Penalidades de mediç╞o e multas_v5.0.pdf
2026-04-20 11:20:03 | INFO     | Concluído: 20 - Votos e Contribuiç╞o Associativa_2017.1.0_1.pdf | 39 blocos texto | 33 tabelas | 239 imgs | 6.12s
2026-04-20 11:20:03 | INFO     | Processando: 20-ANEXO XX - 6.1 - Penalidades de mediç╞o e multas_v5.0_1.pdf
2026-04-20 11:20:03 | INFO     | Concluído: 20-ANEXO XX - 6.1 - Penalidades de mediç╞o e multas_v5.0.pdf | 9 blocos texto | 1 tabelas | 28 imgs | 1.19s
2026-04-20 11:20:03 | INFO     | Processando: 21 - Alocaç╞o de Geraç╞o Própria (AGP)_2017.1.0.pdf
2026-04-20 11:20:04 | INFO     | Concluído: 20-ANEXO XX - 6.1 - Penalidades de mediç╞o e multas_v5.0_1.pdf | 9 blocos texto | 1 tabelas | 28 imgs | 0.91s
2026-04-20 11:20:04 | INFO     | Processando: 21 - Alocaç╞o de Geraç╞o Própria (AGP)_2017.1.0_1.pdf
2026-04-20 11:20:09 | INFO     | Concluído: 19-17 - Receita de Venda de CCEAR_sem_realce_2016.2.0_(mai-16).pdf | 164 blocos texto | 194 tabelas | 1351 imgs | 23.89s
2026-04-20 11:20:09 | INFO     | Processando: 21-ANEXO XXI - 6.2 - Notificaç╞o e gest╞o pagamento penalidades e multas_v4.0.pdf
2026-04-20 11:20:09 | INFO     | Concluído: 21 - Alocaç╞o de Geraç╞o Própria (AGP)_2017.1.0.pdf | 38 blocos texto | 133 tabelas | 241 imgs | 5.56s
2026-04-20 11:20:09 | INFO     | Processando: 21-ANEXO XXI - 6.2 - Notificaç╞o e gest╞o pagamento penalidades e multas_v4.0_1.pdf
2026-04-20 11:20:09 | INFO     | Concluído: 19-17 - Receita de Venda de CCEAR_sem_realce_2016.2.0_(mai-16)_1.pdf | 164 blocos texto | 194 tabelas | 1351 imgs | 24.04s
2026-04-20 11:20:09 | INFO     | Processando: 21-Glossario de termos_sem_realce_2015.1.4_(jan-15).pdf
2026-04-20 11:20:10 | INFO     | Concluído: 21 - Alocaç╞o de Geraç╞o Própria (AGP)_2017.1.0_1.pdf | 38 blocos texto | 133 tabelas | 241 imgs | 6.03s
2026-04-20 11:20:10 | INFO     | Processando: 21-Glossario de termos_sem_realce_2015.1.4_(jan-15)_1.pdf
2026-04-20 11:20:11 | INFO     | Concluído: 21-ANEXO XXI - 6.2 - Notificaç╞o e gest╞o pagamento penalidades e multas_v4.0_1.pdf | 15 blocos texto | 8 tabelas | 46 imgs | 1.60s
2026-04-20 11:20:11 | INFO     | Processando: 22-ANEXO XXII - 7.1 - ApuraçΣes de Energia de Reserva_v5.0.pdf
2026-04-20 11:20:11 | INFO     | Concluído: 21-ANEXO XXI - 6.2 - Notificaç╞o e gest╞o pagamento penalidades e multas_v4.0.pdf | 15 blocos texto | 8 tabelas | 46 imgs | 2.38s
2026-04-20 11:20:11 | INFO     | Processando: 22-ANEXO XXII - 7.1 - ApuraçΣes de Energia de Reserva_v5.0_1.pdf
2026-04-20 11:20:12 | INFO     | Concluído: 22-ANEXO XXII - 7.1 - ApuraçΣes de Energia de Reserva_v5.0.pdf | 11 blocos texto | 10 tabelas | 32 imgs | 1.36s
2026-04-20 11:20:12 | INFO     | Processando: 22-Glossario de termos_sem_realce_2016.2.0_(mai-16).pdf
2026-04-20 11:20:12 | INFO     | Concluído: 22-ANEXO XXII - 7.1 - ApuraçΣes de Energia de Reserva_v5.0_1.pdf | 11 blocos texto | 10 tabelas | 32 imgs | 1.08s
2026-04-20 11:20:12 | INFO     | Processando: 22-Glossario de termos_sem_realce_2016.2.0_(mai-16)_1.pdf
2026-04-20 11:20:15 | INFO     | Concluído: 20-18 - Contrataç╞o de Energia de Reserva_sem_realce_2016.2.0_(mai-16).pdf | 117 blocos texto | 123 tabelas | 740 imgs | 14.04s
2026-04-20 11:20:15 | INFO     | Processando: 23 - Regime de Cotas de Garantia Física e Energia Nuclear_2017.1.0.pdf
2026-04-20 11:20:16 | INFO     | Concluído: 20-18 - Contrataç╞o de Energia de Reserva_sem_realce_2016.2.0_(mai-16)_1.pdf | 117 blocos texto | 123 tabelas | 740 imgs | 14.37s
2026-04-20 11:20:16 | INFO     | Processando: 23 - Regime de Cotas de Garantia Física e Energia Nuclear_2017.1.0_1.pdf
2026-04-20 11:20:17 | INFO     | Concluído: 2-08 - Ressarcimento_sem_realce_2014.2.3_(jul-14).pdf | 152 blocos texto | 2 tabelas | 795 imgs | 24.55s
2026-04-20 11:20:17 | INFO     | Processando: 23-05 - Contratos_sem_realce_2016.1.1_(jan-16).pdf
2026-04-20 11:20:18 | INFO     | Concluído: 2-08 - Ressarcimento_sem_realce_2014.2.3_(jul-14)_1.pdf | 152 blocos texto | 2 tabelas | 795 imgs | 25.16s
2026-04-20 11:20:18 | INFO     | Processando: 23-05 - Contratos_sem_realce_2016.1.1_(jan-16)_1.pdf
2026-04-20 11:20:23 | INFO     | Concluído: 23 - Regime de Cotas de Garantia Física e Energia Nuclear_2017.1.0.pdf | 50 blocos texto | 122 tabelas | 299 imgs | 8.15s
2026-04-20 11:20:23 | INFO     | Processando: 23-ANEXO XXIII - 7.2 - Liquidaç╞o energia de reserva_v3.0.pdf
2026-04-20 11:20:24 | INFO     | Concluído: 23 - Regime de Cotas de Garantia Física e Energia Nuclear_2017.1.0_1.pdf | 50 blocos texto | 122 tabelas | 299 imgs | 8.28s
2026-04-20 11:20:24 | INFO     | Processando: 23-ANEXO XXIII - 7.2 - Liquidaç╞o energia de reserva_v3.0_1.pdf
2026-04-20 11:20:24 | INFO     | Concluído: 23-ANEXO XXIII - 7.2 - Liquidaç╞o energia de reserva_v3.0.pdf | 9 blocos texto | 6 tabelas | 26 imgs | 1.20s
2026-04-20 11:20:24 | INFO     | Processando: 24 - Repasse do Risco Hidrológico do ACR_2017.1.0.pdf
2026-04-20 11:20:25 | INFO     | Concluído: 23-ANEXO XXIII - 7.2 - Liquidaç╞o energia de reserva_v3.0_1.pdf | 9 blocos texto | 6 tabelas | 26 imgs | 0.94s
2026-04-20 11:20:25 | INFO     | Processando: 24 - Repasse do Risco Hidrológico do ACR_2017.1.0_1.pdf
2026-04-20 11:20:28 | INFO     | Concluído: 24 - Repasse do Risco Hidrológico do ACR_2017.1.0.pdf | 41 blocos texto | 38 tabelas | 258 imgs | 3.70s
2026-04-20 11:20:28 | INFO     | Processando: 24-08 - Comprometimento de Usinas_sem_realce_2016.1.1_(jan-16).pdf
2026-04-20 11:20:29 | INFO     | Concluído: 24 - Repasse do Risco Hidrológico do ACR_2017.1.0_1.pdf | 41 blocos texto | 38 tabelas | 258 imgs | 3.94s
2026-04-20 11:20:29 | INFO     | Processando: 24-08 - Comprometimento de Usinas_sem_realce_2016.1.1_(jan-16)_1.pdf
2026-04-20 11:20:34 | INFO     | Concluído: 23-05 - Contratos_sem_realce_2016.1.1_(jan-16).pdf | 167 blocos texto | 2 tabelas | 667 imgs | 16.93s
2026-04-20 11:20:34 | INFO     | Processando: 24-ANEXO XXIV - 7.3 -Cess╞o de Energia de Reserva_v6.0.pdf
2026-04-20 11:20:35 | INFO     | Concluído: 24-ANEXO XXIV - 7.3 -Cess╞o de Energia de Reserva_v6.0.pdf | 12 blocos texto | 15 tabelas | 37 imgs | 1.17s
2026-04-20 11:20:35 | INFO     | Processando: 24-ANEXO XXIV - 7.3 -Cess╞o de Energia de Reserva_v6.0_1.pdf
2026-04-20 11:20:35 | INFO     | Concluído: 23-05 - Contratos_sem_realce_2016.1.1_(jan-16)_1.pdf | 167 blocos texto | 2 tabelas | 667 imgs | 17.44s
2026-04-20 11:20:35 | INFO     | Processando: 25-10 - Consolidaç╞o de Resultados_sem_realce_2016.1.1_(jan-16).pdf
2026-04-20 11:20:36 | INFO     | Concluído: 24-ANEXO XXIV - 7.3 -Cess╞o de Energia de Reserva_v6.0_1.pdf | 12 blocos texto | 15 tabelas | 37 imgs | 1.02s
2026-04-20 11:20:36 | INFO     | Processando: 25-10 - Consolidaç╞o de Resultados_sem_realce_2016.1.1_(jan-16)_1.pdf
2026-04-20 11:20:43 | INFO     | Concluído: 24-08 - Comprometimento de Usinas_sem_realce_2016.1.1_(jan-16).pdf | 113 blocos texto | 2 tabelas | 490 imgs | 15.57s
2026-04-20 11:20:43 | INFO     | Processando: 25-ANEXO XXV - 8.1 - MCSD Existente_v8.0.pdf
2026-04-20 11:20:44 | INFO     | Concluído: 24-08 - Comprometimento de Usinas_sem_realce_2016.1.1_(jan-16)_1.pdf | 113 blocos texto | 2 tabelas | 490 imgs | 15.39s
2026-04-20 11:20:44 | INFO     | Processando: 25-ANEXO XXV - 8.1 - MCSD Existente_v8.0_1.pdf
2026-04-20 11:20:45 | INFO     | Concluído: 25-10 - Consolidaç╞o de Resultados_sem_realce_2016.1.1_(jan-16).pdf | 93 blocos texto | 105 tabelas | 591 imgs | 9.47s
2026-04-20 11:20:45 | INFO     | Processando: 26-13 - Penalidades de Energia_sem_realce_2016.1.1_(jan-16).pdf
2026-04-20 11:20:45 | INFO     | Concluído: 25-10 - Consolidaç╞o de Resultados_sem_realce_2016.1.1_(jan-16)_1.pdf | 93 blocos texto | 105 tabelas | 591 imgs | 9.70s
2026-04-20 11:20:45 | INFO     | Processando: 26-13 - Penalidades de Energia_sem_realce_2016.1.1_(jan-16)_1.pdf
2026-04-20 11:20:46 | INFO     | Concluído: 25-ANEXO XXV - 8.1 - MCSD Existente_v8.0.pdf | 10 blocos texto | 9 tabelas | 31 imgs | 2.01s
2026-04-20 11:20:46 | INFO     | Processando: 26-ANEXO XXVI - 8.2 - MCSD Contrataç╞o Escalonada _v2.0.pdf
2026-04-20 11:20:46 | INFO     | Concluído: 25-ANEXO XXV - 8.1 - MCSD Existente_v8.0_1.pdf | 10 blocos texto | 9 tabelas | 31 imgs | 1.34s
2026-04-20 11:20:46 | INFO     | Processando: 26-ANEXO XXVI - 8.2 - MCSD Contrataç╞o Escalonada _v2.0_1.pdf
2026-04-20 11:20:47 | INFO     | Concluído: 26-ANEXO XXVI - 8.2 - MCSD Contrataç╞o Escalonada _v2.0.pdf | 13 blocos texto | 21 tabelas | 40 imgs | 1.08s
2026-04-20 11:20:47 | INFO     | Processando: 27-14 - Penalidade de Potência_sem_realce_2016.1.1_(jan-16).pdf
2026-04-20 11:20:47 | INFO     | Concluído: 26-ANEXO XXVI - 8.2 - MCSD Contrataç╞o Escalonada _v2.0_1.pdf | 13 blocos texto | 21 tabelas | 40 imgs | 1.72s
2026-04-20 11:20:47 | INFO     | Processando: 27-14 - Penalidade de Potência_sem_realce_2016.1.1_(jan-16)_1.pdf
2026-04-20 11:20:54 | INFO     | Concluído: 26-13 - Penalidades de Energia_sem_realce_2016.1.1_(jan-16).pdf | 72 blocos texto | 89 tabelas | 458 imgs | 8.88s
2026-04-20 11:20:54 | INFO     | Processando: 27-ANEXO XXVII - 8.3 - Liquidaç╞o cessΣes do MCSD_v4.0.pdf
2026-04-20 11:20:54 | INFO     | Concluído: 26-13 - Penalidades de Energia_sem_realce_2016.1.1_(jan-16)_1.pdf | 72 blocos texto | 89 tabelas | 458 imgs | 8.71s
2026-04-20 11:20:54 | INFO     | Processando: 27-ANEXO XXVII - 8.3 - Liquidaç╞o cessΣes do MCSD_v4.0_1.pdf
2026-04-20 11:20:54 | INFO     | Concluído: 27-ANEXO XXVII - 8.3 - Liquidaç╞o cessΣes do MCSD_v4.0.pdf | 8 blocos texto | 9 tabelas | 23 imgs | 0.86s
2026-04-20 11:20:54 | INFO     | Processando: 28-17 - Receita de Venda de CCEAR_sem_realce_2016.1.1_(jan-16).pdf
2026-04-20 11:20:55 | INFO     | Concluído: 21-Glossario de termos_sem_realce_2015.1.4_(jan-15).pdf | 305 blocos texto | 301 tabelas | 306 imgs | 45.69s
2026-04-20 11:20:55 | INFO     | Processando: 28-17 - Receita de Venda de CCEAR_sem_realce_2016.1.1_(jan-16)_1.pdf
2026-04-20 11:20:55 | INFO     | Concluído: 27-ANEXO XXVII - 8.3 - Liquidaç╞o cessΣes do MCSD_v4.0_1.pdf | 8 blocos texto | 9 tabelas | 23 imgs | 0.82s
2026-04-20 11:20:55 | INFO     | Processando: 28-ANEXO XXVIII - 8.4 - MCSD Ex-post_v3.0.pdf
2026-04-20 11:20:55 | INFO     | Concluído: 21-Glossario de termos_sem_realce_2015.1.4_(jan-15)_1.pdf | 305 blocos texto | 301 tabelas | 306 imgs | 45.23s
2026-04-20 11:20:55 | INFO     | Processando: 28-ANEXO XXVIII - 8.4 - MCSD Ex-post_v3.0_1.pdf
2026-04-20 11:20:56 | INFO     | Concluído: 28-ANEXO XXVIII - 8.4 - MCSD Ex-post_v3.0_1.pdf | 7 blocos texto | 9 tabelas | 20 imgs | 0.67s
2026-04-20 11:20:56 | INFO     | Processando: 29-21 - Alocaç╞o de Geraç╞o Própria (AGP)_sem_realce_2016.1.1_(jan-16).pdf
2026-04-20 11:20:56 | INFO     | Concluído: 28-ANEXO XXVIII - 8.4 - MCSD Ex-post_v3.0.pdf | 7 blocos texto | 9 tabelas | 20 imgs | 1.03s
2026-04-20 11:20:56 | INFO     | Processando: 29-21 - Alocaç╞o de Geraç╞o Própria (AGP)_sem_realce_2016.1.1_(jan-16)_1.pdf
2026-04-20 11:20:59 | INFO     | Concluído: 29-21 - Alocaç╞o de Geraç╞o Própria (AGP)_sem_realce_2016.1.1_(jan-16).pdf | 26 blocos texto | 20 tabelas | 155 imgs | 2.62s
2026-04-20 11:20:59 | INFO     | Processando: 29-ANEXO XXIX - 8.5 - MCSD Energia Nova_v4.0.pdf
2026-04-20 11:20:59 | INFO     | Concluído: 29-21 - Alocaç╞o de Geraç╞o Própria (AGP)_sem_realce_2016.1.1_(jan-16)_1.pdf | 26 blocos texto | 20 tabelas | 155 imgs | 2.76s
2026-04-20 11:20:59 | INFO     | Processando: 29-ANEXO XXIX - 8.5 - MCSD Energia Nova_v4.0_1.pdf
2026-04-20 11:21:00 | INFO     | Concluído: 29-ANEXO XXIX - 8.5 - MCSD Energia Nova_v4.0.pdf | 14 blocos texto | 20 tabelas | 43 imgs | 1.65s
2026-04-20 11:21:00 | INFO     | Processando: 3-17 - RRV_sem_realce_2014.2.3_(jul-14).pdf
2026-04-20 11:21:01 | INFO     | Concluído: 29-ANEXO XXIX - 8.5 - MCSD Energia Nova_v4.0_1.pdf | 14 blocos texto | 20 tabelas | 43 imgs | 1.90s
2026-04-20 11:21:01 | INFO     | Processando: 3-17 - RRV_sem_realce_2014.2.3_(jul-14)_1.pdf
2026-04-20 11:21:09 | INFO     | Concluído: 22-Glossario de termos_sem_realce_2016.2.0_(mai-16)_1.pdf | 318 blocos texto | 287 tabelas | 319 imgs | 56.60s
2026-04-20 11:21:09 | INFO     | Processando: 4-05 - Contratos_sem_realce_2015.1.4_(jan-15).pdf
2026-04-20 11:21:09 | INFO     | Concluído: 22-Glossario de termos_sem_realce_2016.2.0_(mai-16).pdf | 318 blocos texto | 287 tabelas | 319 imgs | 56.96s
2026-04-20 11:21:09 | INFO     | Processando: 4-05 - Contratos_sem_realce_2015.1.4_(jan-15)_1.pdf
2026-04-20 11:21:14 | INFO     | Concluído: 28-17 - Receita de Venda de CCEAR_sem_realce_2016.1.1_(jan-16).pdf | 150 blocos texto | 165 tabelas | 934 imgs | 20.02s
2026-04-20 11:21:14 | INFO     | Processando: 5-08 - Comprometimento de Usinas_sem_realce_2015.1.4_(jan-15).pdf
2026-04-20 11:21:17 | INFO     | Concluído: 28-17 - Receita de Venda de CCEAR_sem_realce_2016.1.1_(jan-16)_1.pdf | 150 blocos texto | 165 tabelas | 934 imgs | 21.77s
2026-04-20 11:21:17 | INFO     | Processando: 5-08 - Comprometimento de Usinas_sem_realce_2015.1.4_(jan-15)_1.pdf
2026-04-20 11:21:23 | INFO     | Concluído: 4-05 - Contratos_sem_realce_2015.1.4_(jan-15).pdf | 155 blocos texto | 116 tabelas | 623 imgs | 14.26s
2026-04-20 11:21:23 | INFO     | Processando: 6-09 - Encargos_sem_realce_2015.1.4_(jan-15).pdf
2026-04-20 11:21:23 | INFO     | Concluído: 4-05 - Contratos_sem_realce_2015.1.4_(jan-15)_1.pdf | 155 blocos texto | 116 tabelas | 623 imgs | 14.53s
2026-04-20 11:21:23 | INFO     | Processando: 6-09 - Encargos_sem_realce_2015.1.4_(jan-15)_1.pdf
2026-04-20 11:21:28 | INFO     | Processando: 7-10 - Consolidaç╞o de Resultados_sem_realce_2015.1.4_(jan-15).pdf
2026-04-20 11:21:28 | INFO     | Processando: 7-10 - Consolidaç╞o de Resultados_sem_realce_2015.1.4_(jan-15)_1.pdf
2026-04-20 11:21:28 | INFO     | Processando: 70610 - SE Mirassol II - Diagrama Unifilar - Reforço.PDF
2026-04-20 11:21:28 | INFO     | Processando: 70610 - SE Mirassol II - Diagrama Unifilar - Reforço_1.PDF
2026-04-20 11:21:28 | INFO     | Processando: 8-13 - Penalidades de Energia_sem_realce_2015.1.4_(jan-15).pdf
2026-04-20 11:21:28 | INFO     | Processando: 8-13 - Penalidades de Energia_sem_realce_2015.1.4_(jan-15)_1.pdf
2026-04-20 11:21:28 | INFO     | Processando: 9-17 - Receita de Venda de CCEAR_sem_realce_2015.1.4_(jan-15).pdf
2026-04-20 11:21:28 | INFO     | Processando: 9-17 - Receita de Venda de CCEAR_sem_realce_2015.1.4_(jan-15)_1.pdf
2026-04-20 11:21:30 | INFO     | 70610 - SE Mirassol II - Diagrama Unifilar - Reforço.PDF: texto nativo insuficiente, tentando OCR...
2026-04-20 11:21:30 | WARNING  | OCR — pdf2image falhou (Poppler instalado?): No module named 'pdf2image'
2026-04-20 11:21:30 | INFO     | PyMuPDF: sem imagens embutidas em 70610 - SE Mirassol II - Diagrama Unifilar - Reforço.PDF
2026-04-20 11:21:30 | WARNING  | Imagens — pdf2image falhou (Poppler instalado?): No module named 'pdf2image'
2026-04-20 11:21:30 | INFO     | Concluído: 70610 - SE Mirassol II - Diagrama Unifilar - Reforço.PDF | 0 blocos texto | 0 tabelas | 0 imgs | 1.98s
2026-04-20 11:21:30 | INFO     | Processando: aaap2022001_1.pdf
2026-04-20 11:21:31 | INFO     | 70610 - SE Mirassol II - Diagrama Unifilar - Reforço_1.PDF: texto nativo insuficiente, tentando OCR...
2026-04-20 11:21:31 | WARNING  | OCR — pdf2image falhou (Poppler instalado?): No module named 'pdf2image'
2026-04-20 11:21:31 | INFO     | PyMuPDF: sem imagens embutidas em 70610 - SE Mirassol II - Diagrama Unifilar - Reforço_1.PDF
2026-04-20 11:21:31 | WARNING  | Imagens — pdf2image falhou (Poppler instalado?): No module named 'pdf2image'
2026-04-20 11:21:31 | INFO     | Concluído: 70610 - SE Mirassol II - Diagrama Unifilar - Reforço_1.PDF | 0 blocos texto | 0 tabelas | 0 imgs | 3.03s
2026-04-20 11:21:31 | INFO     | Processando: aaap2022004_1.pdf
2026-04-20 11:21:32 | INFO     | Concluído: aaap2022004_1.pdf | 17 blocos texto | 1 tabelas | 72 imgs | 1.47s
2026-04-20 11:21:32 | INFO     | Processando: aaap2022005_1.pdf
2026-04-20 11:21:32 | INFO     | Concluído: aaap2022001_1.pdf | 16 blocos texto | 1 tabelas | 69 imgs | 2.60s
2026-04-20 11:21:32 | INFO     | Processando: aaap2022006_1.pdf
2026-04-20 11:21:34 | INFO     | Processando: aaap2022007_1.pdf
2026-04-20 11:21:34 | INFO     | Processando: aaap2022012_1.pdf
2026-04-20 11:21:34 | INFO     | Processando: aaap2022014_1.pdf
2026-04-20 11:21:34 | INFO     | Processando: aaap2022018_1.pdf
2026-04-20 11:21:34 | INFO     | Processando: aaap2022017_1.pdf
2026-04-20 11:21:34 | INFO     | Processando: aaap2022019_1.pdf
2026-04-20 11:21:34 | INFO     | Processando: aaap2022020_1.pdf
2026-04-20 11:21:34 | INFO     | Processando: aacp2021039_1.pdf
2026-04-20 11:21:34 | INFO     | Processando: aacp2022004_1.pdf
2026-04-20 11:21:34 | INFO     | Processando: aacp2022013_1.pdf
2026-04-20 11:21:34 | INFO     | Processando: aacp2022014_1.pdf
2026-04-20 11:21:34 | INFO     | Processando: aacp2022015_1.pdf
2026-04-20 11:21:34 | INFO     | Processando: aacp2022016_1.pdf
2026-04-20 11:21:34 | INFO     | Processando: aacp2022017_1.pdf
2026-04-20 11:21:34 | INFO     | Processando: aacp2022018_1.pdf
2026-04-20 11:21:34 | INFO     | Processando: aacp2022027_1.pdf
2026-04-20 11:21:34 | INFO     | PyMuPDF: sem imagens embutidas em aacp2022017_1.pdf
2026-04-20 11:21:34 | WARNING  | Imagens — pdf2image falhou (Poppler instalado?): No module named 'pdf2image'
2026-04-20 11:21:34 | INFO     | Concluído: aacp2022017_1.pdf | 4 blocos texto | 0 tabelas | 0 imgs | 0.27s
2026-04-20 11:21:34 | INFO     | Processando: aacp2022028_1.pdf
2026-04-20 11:21:35 | INFO     | Concluído: aacp2022027_1.pdf | 11 blocos texto | 4 tabelas | 10 imgs | 0.89s
2026-04-20 11:21:35 | INFO     | Processando: aacp2022029_1.pdf
2026-04-20 11:21:35 | INFO     | Concluído: aacp2022013_1.pdf | 17 blocos texto | 1 tabelas | 72 imgs | 1.26s
2026-04-20 11:21:35 | INFO     | Processando: aacp2022032_1.pdf
2026-04-20 11:21:35 | INFO     | Concluído: aacp2022014_1.pdf | 16 blocos texto | 1 tabelas | 69 imgs | 1.35s
2026-04-20 11:21:35 | INFO     | Processando: aacp2022033_1.pdf
2026-04-20 11:21:35 | INFO     | Processando: aacp2022034_1.pdf
2026-04-20 11:21:35 | INFO     | Processando: aacp2022035_1.pdf
2026-04-20 11:21:35 | INFO     | Processando: aacp2022038_1.pdf
2026-04-20 11:21:35 | INFO     | Processando: aacp2022039_1.pdf
2026-04-20 11:21:35 | INFO     | Processando: aacp2022044_1.pdf
2026-04-20 11:21:35 | INFO     | Processando: aacp2022045_1.pdf
2026-04-20 11:21:35 | INFO     | Processando: aacp2022046_1.pdf
2026-04-20 11:21:35 | INFO     | Processando: aacp2022050_1.pdf
2026-04-20 11:21:35 | INFO     | Processando: aacp2022052_1.pdf
2026-04-20 11:21:35 | INFO     | Processando: aacp2022055_1.pdf
2026-04-20 11:21:35 | INFO     | Processando: aacp2022060_1.pdf
2026-04-20 11:21:35 | INFO     | Processando: aacp2022059_1.pdf
2026-04-20 11:21:35 | INFO     | Processando: aacp2022061_1.pdf
2026-04-20 11:21:35 | INFO     | Processando: aacp2022062_1.pdf
2026-04-20 11:21:35 | INFO     | Processando: aacp2022063_1.pdf
2026-04-20 11:21:36 | INFO     | Processando: aacp2022064_1.pdf
2026-04-20 11:21:36 | INFO     | Processando: aap2016001ti.pdf
2026-04-20 11:21:36 | INFO     | Processando: aap2016002ti.pdf
2026-04-20 11:21:36 | INFO     | Processando: aap2016003ti.pdf
2026-04-20 11:21:36 | INFO     | Processando: aap2016004ti.pdf
2026-04-20 11:21:36 | INFO     | Processando: aap2016006ti.pdf
2026-04-20 11:21:36 | INFO     | Processando: aap2016005ti.pdf
2026-04-20 11:21:36 | INFO     | Processando: aap2016007ti.pdf
2026-04-20 11:21:36 | INFO     | PyMuPDF: sem imagens embutidas em aap2016001ti.pdf
2026-04-20 11:21:36 | WARNING  | Imagens — pdf2image falhou (Poppler instalado?): No module named 'pdf2image'
2026-04-20 11:21:36 | INFO     | Concluído: aap2016001ti.pdf | 1 blocos texto | 0 tabelas | 0 imgs | 0.06s
2026-04-20 11:21:36 | INFO     | Processando: aap2016008ti.pdf
2026-04-20 11:21:36 | INFO     | PyMuPDF: sem imagens embutidas em aap2016002ti.pdf
2026-04-20 11:21:36 | WARNING  | Imagens — pdf2image falhou (Poppler instalado?): No module named 'pdf2image'
2026-04-20 11:21:36 | INFO     | Concluído: aap2016002ti.pdf | 1 blocos texto | 0 tabelas | 0 imgs | 0.06s
2026-04-20 11:21:36 | INFO     | Processando: aap2016009ti.pdf
2026-04-20 11:21:36 | INFO     | PyMuPDF: sem imagens embutidas em aap2016004ti.pdf
2026-04-20 11:21:36 | WARNING  | Imagens — pdf2image falhou (Poppler instalado?): No module named 'pdf2image'
2026-04-20 11:21:36 | INFO     | Concluído: aap2016004ti.pdf | 1 blocos texto | 0 tabelas | 0 imgs | 0.07s
2026-04-20 11:21:36 | INFO     | Processando: aap2016010ti.pdf
2026-04-20 11:21:36 | INFO     | PyMuPDF: sem imagens embutidas em aap2016003ti.pdf
2026-04-20 11:21:36 | WARNING  | Imagens — pdf2image falhou (Poppler instalado?): No module named 'pdf2image'
2026-04-20 11:21:36 | INFO     | Concluído: aap2016003ti.pdf | 1 blocos texto | 0 tabelas | 0 imgs | 0.07s
2026-04-20 11:21:36 | INFO     | Processando: aap2016011ti.pdf
2026-04-20 11:21:36 | INFO     | PyMuPDF: sem imagens embutidas em aap2016007ti.pdf
2026-04-20 11:21:36 | WARNING  | Imagens — pdf2image falhou (Poppler instalado?): No module named 'pdf2image'
2026-04-20 11:21:36 | INFO     | Concluído: aap2016007ti.pdf | 1 blocos texto | 0 tabelas | 0 imgs | 0.09s
2026-04-20 11:21:36 | INFO     | Processando: aap2016012ti.pdf
2026-04-20 11:21:36 | INFO     | PyMuPDF: sem imagens embutidas em aap2016006ti.pdf
2026-04-20 11:21:36 | WARNING  | Imagens — pdf2image falhou (Poppler instalado?): No module named 'pdf2image'
2026-04-20 11:21:36 | INFO     | Concluído: aap2016006ti.pdf | 1 blocos texto | 0 tabelas | 0 imgs | 0.10s
2026-04-20 11:21:36 | INFO     | Processando: aap2016013ti.pdf
2026-04-20 11:21:36 | INFO     | PyMuPDF: sem imagens embutidas em aap2016005ti.pdf
2026-04-20 11:21:36 | WARNING  | Imagens — pdf2image falhou (Poppler instalado?): No module named 'pdf2image'
2026-04-20 11:21:36 | INFO     | Concluído: aap2016005ti.pdf | 1 blocos texto | 0 tabelas | 0 imgs | 0.11s
2026-04-20 11:21:36 | INFO     | Processando: aap2016014ti.pdf
2026-04-20 11:21:36 | INFO     | PyMuPDF: sem imagens embutidas em aap2016009ti.pdf
2026-04-20 11:21:36 | WARNING  | Imagens — pdf2image falhou (Poppler instalado?): No module named 'pdf2image'
2026-04-20 11:21:36 | INFO     | Concluído: aap2016009ti.pdf | 1 blocos texto | 0 tabelas | 0 imgs | 0.07s
2026-04-20 11:21:36 | INFO     | Processando: aap2016016ti.pdf
2026-04-20 11:21:36 | INFO     | PyMuPDF: sem imagens embutidas em aap2016010ti.pdf
2026-04-20 11:21:36 | WARNING  | Imagens — pdf2image falhou (Poppler instalado?): No module named 'pdf2image'
2026-04-20 11:21:36 | INFO     | Concluído: aap2016010ti.pdf | 1 blocos texto | 0 tabelas | 0 imgs | 0.08s
2026-04-20 11:21:36 | INFO     | Processando: aap2016017ti.pdf
2026-04-20 11:21:36 | INFO     | Processando: aap2016018ti.pdf
2026-04-20 11:21:36 | INFO     | Processando: aap2016019ti.pdf
2026-04-20 11:21:36 | INFO     | Processando: aap2016020ti.pdf
2026-04-20 11:21:36 | INFO     | Processando: aap2016021ti.pdf
2026-04-20 11:21:36 | INFO     | Processando: aap2016022ti.pdf
2026-04-20 11:21:36 | INFO     | Processando: aap2016023ti.pdf
2026-04-20 11:21:36 | INFO     | Processando: aap2016024ti.pdf
2026-04-20 11:21:36 | INFO     | PyMuPDF: sem imagens embutidas em aap2016021ti.pdf
2026-04-20 11:21:36 | WARNING  | Imagens — pdf2image falhou (Poppler instalado?): No module named 'pdf2image'
2026-04-20 11:21:36 | INFO     | Concluído: aap2016021ti.pdf | 1 blocos texto | 0 tabelas | 0 imgs | 0.08s
2026-04-20 11:21:36 | INFO     | Processando: aap2016025ti.pdf
2026-04-20 11:21:36 | INFO     | PyMuPDF: sem imagens embutidas em aap2016020ti.pdf
2026-04-20 11:21:36 | WARNING  | Imagens — pdf2image falhou (Poppler instalado?): No module named 'pdf2image'
2026-04-20 11:21:36 | INFO     | Concluído: aap2016020ti.pdf | 1 blocos texto | 0 tabelas | 0 imgs | 0.09s
2026-04-20 11:21:36 | INFO     | Processando: aap2016027ti.pdf
2026-04-20 11:21:36 | INFO     | PyMuPDF: sem imagens embutidas em aap2016022ti.pdf
2026-04-20 11:21:36 | INFO     | PyMuPDF: sem imagens embutidas em aap2016018ti.pdf
2026-04-20 11:21:36 | WARNING  | Imagens — pdf2image falhou (Poppler instalado?): No module named 'pdf2image'
2026-04-20 11:21:36 | INFO     | Concluído: aap2016022ti.pdf | 1 blocos texto | 0 tabelas | 0 imgs | 0.09s
2026-04-20 11:21:36 | WARNING  | Imagens — pdf2image falhou (Poppler instalado?): No module named 'pdf2image'
2026-04-20 11:21:36 | INFO     | Concluído: aap2016018ti.pdf | 1 blocos texto | 0 tabelas | 0 imgs | 0.09s
2026-04-20 11:21:36 | INFO     | Processando: aap2016028ti.pdf
2026-04-20 11:21:36 | INFO     | Processando: aap2016029ti.pdf
2026-04-20 11:21:36 | INFO     | PyMuPDF: sem imagens embutidas em aap2016017ti.pdf
2026-04-20 11:21:36 | WARNING  | Imagens — pdf2image falhou (Poppler instalado?): No module named 'pdf2image'
2026-04-20 11:21:36 | INFO     | Concluído: aap2016017ti.pdf | 2 blocos texto | 0 tabelas | 0 imgs | 0.10s
2026-04-20 11:21:36 | INFO     | Processando: aap2016036ti.pdf
2026-04-20 11:21:36 | INFO     | PyMuPDF: sem imagens embutidas em aap2016023ti.pdf
2026-04-20 11:21:36 | WARNING  | Imagens — pdf2image falhou (Poppler instalado?): No module named 'pdf2image'
2026-04-20 11:21:36 | INFO     | Concluído: aap2016023ti.pdf | 1 blocos texto | 0 tabelas | 0 imgs | 0.10s
2026-04-20 11:21:36 | INFO     | Processando: aap2016037ti.pdf
2026-04-20 11:21:36 | INFO     | PyMuPDF: sem imagens embutidas em aap2016024ti.pdf
2026-04-20 11:21:36 | WARNING  | Imagens — pdf2image falhou (Poppler instalado?): No module named 'pdf2image'
2026-04-20 11:21:36 | INFO     | Concluído: aap2016024ti.pdf | 1 blocos texto | 0 tabelas | 0 imgs | 0.07s
2026-04-20 11:21:36 | INFO     | Processando: aap2016038ti.pdf
2026-04-20 11:21:36 | INFO     | Processando: aap2016039ti.pdf
2026-04-20 11:21:36 | INFO     | Processando: aap2016040ti.pdf
2026-04-20 11:21:36 | INFO     | Processando: aap2016041ti.pdf
2026-04-20 11:21:36 | INFO     | Processando: aap2016042ti.pdf
2026-04-20 11:21:36 | INFO     | Processando: aap2016045ti.pdf
2026-04-20 11:21:36 | INFO     | Processando: aap2016046ti.pdf
2026-04-20 11:21:36 | INFO     | Processando: aap2016047ti.pdf
2026-04-20 11:21:36 | INFO     | Processando: aap2016048ti.pdf
2026-04-20 11:21:36 | INFO     | PyMuPDF: sem imagens embutidas em aap2016046ti.pdf
2026-04-20 11:21:36 | WARNING  | Imagens — pdf2image falhou (Poppler instalado?): No module named 'pdf2image'
2026-04-20 11:21:36 | INFO     | Concluído: aap2016046ti.pdf | 1 blocos texto | 0 tabelas | 0 imgs | 0.06s
2026-04-20 11:21:36 | INFO     | Processando: aap2016049ti.pdf
2026-04-20 11:21:36 | INFO     | PyMuPDF: sem imagens embutidas em aap2016040ti.pdf
2026-04-20 11:21:36 | WARNING  | Imagens — pdf2image falhou (Poppler instalado?): No module named 'pdf2image'
2026-04-20 11:21:36 | INFO     | Concluído: aap2016040ti.pdf | 1 blocos texto | 0 tabelas | 0 imgs | 0.06s
2026-04-20 11:21:36 | INFO     | PyMuPDF: sem imagens embutidas em aap2016039ti.pdf
2026-04-20 11:21:36 | INFO     | PyMuPDF: sem imagens embutidas em aap2016041ti.pdf
2026-04-20 11:21:36 | WARNING  | Imagens — pdf2image falhou (Poppler instalado?): No module named 'pdf2image'
2026-04-20 11:21:36 | WARNING  | Imagens — pdf2image falhou (Poppler instalado?): No module named 'pdf2image'
2026-04-20 11:21:36 | INFO     | Concluído: aap2016041ti.pdf | 1 blocos texto | 0 tabelas | 0 imgs | 0.06s
2026-04-20 11:21:36 | INFO     | Concluído: aap2016039ti.pdf | 1 blocos texto | 0 tabelas | 0 imgs | 0.06s
2026-04-20 11:21:36 | INFO     | Processando: aap2016054ti.pdf
2026-04-20 11:21:36 | INFO     | Processando: aap2016055ti.pdf
2026-04-20 11:21:36 | INFO     | Processando: aap2016056ti.pdf
2026-04-20 11:21:36 | INFO     | PyMuPDF: sem imagens embutidas em aap2016047ti.pdf
2026-04-20 11:21:36 | INFO     | PyMuPDF: sem imagens embutidas em aap2016042ti.pdf
2026-04-20 11:21:36 | WARNING  | Imagens — pdf2image falhou (Poppler instalado?): No module named 'pdf2image'
2026-04-20 11:21:36 | INFO     | Concluído: aap2016047ti.pdf | 1 blocos texto | 0 tabelas | 0 imgs | 0.07s
2026-04-20 11:21:36 | WARNING  | Imagens — pdf2image falhou (Poppler instalado?): No module named 'pdf2image'
2026-04-20 11:21:36 | INFO     | Concluído: aap2016042ti.pdf | 1 blocos texto | 0 tabelas | 0 imgs | 0.07s
2026-04-20 11:21:36 | INFO     | Processando: aap2016057ti.pdf
2026-04-20 11:21:36 | INFO     | Processando: aap2016058ti.pdf
2026-04-20 11:21:36 | INFO     | PyMuPDF: sem imagens embutidas em aap2016048ti.pdf
2026-04-20 11:21:36 | WARNING  | Imagens — pdf2image falhou (Poppler instalado?): No module named 'pdf2image'
2026-04-20 11:21:36 | INFO     | Concluído: aap2016048ti.pdf | 1 blocos texto | 0 tabelas | 0 imgs | 0.07s
2026-04-20 11:21:36 | INFO     | Processando: aap2016059ti.pdf
2026-04-20 11:21:36 | INFO     | PyMuPDF: sem imagens embutidas em aap2016054ti.pdf
2026-04-20 11:21:36 | WARNING  | Imagens — pdf2image falhou (Poppler instalado?): No module named 'pdf2image'
2026-04-20 11:21:36 | INFO     | Concluído: aap2016054ti.pdf | 1 blocos texto | 0 tabelas | 0 imgs | 0.07s
2026-04-20 11:21:36 | INFO     | PyMuPDF: sem imagens embutidas em aap2016045ti.pdf
2026-04-20 11:21:36 | INFO     | Processando: aap2016064ti.pdf
2026-04-20 11:21:36 | WARNING  | Imagens — pdf2image falhou (Poppler instalado?): No module named 'pdf2image'
2026-04-20 11:21:36 | INFO     | Concluído: aap2016045ti.pdf | 2 blocos texto | 0 tabelas | 0 imgs | 0.13s
2026-04-20 11:21:36 | INFO     | Processando: aap2016065ti.pdf
2026-04-20 11:21:36 | INFO     | PyMuPDF: sem imagens embutidas em aap2016057ti.pdf
2026-04-20 11:21:36 | WARNING  | Imagens — pdf2image falhou (Poppler instalado?): No module named 'pdf2image'
2026-04-20 11:21:36 | INFO     | Concluído: aap2016057ti.pdf | 1 blocos texto | 0 tabelas | 0 imgs | 0.07s
2026-04-20 11:21:36 | INFO     | Processando: aap2016066ti.pdf
2026-04-20 11:21:36 | INFO     | PyMuPDF: sem imagens embutidas em aap2016049ti.pdf
2026-04-20 11:21:36 | WARNING  | Imagens — pdf2image falhou (Poppler instalado?): No module named 'pdf2image'
2026-04-20 11:21:36 | INFO     | Concluído: aap2016049ti.pdf | 1 blocos texto | 0 tabelas | 0 imgs | 0.10s
2026-04-20 11:21:36 | INFO     | Processando: aap2016067ti.pdf
2026-04-20 11:21:36 | INFO     | Processando: aap2016068ti.pdf
2026-04-20 11:21:36 | INFO     | Processando: aap2016069ti.pdf
2026-04-20 11:21:36 | INFO     | Processando: aap2016070ti.pdf
2026-04-20 11:21:36 | INFO     | Processando: aap2016073ti.pdf
2026-04-20 11:21:36 | INFO     | Processando: aap2016074ti.pdf
2026-04-20 11:21:36 | INFO     | Processando: aap2016075ti.pdf
2026-04-20 11:21:36 | INFO     | Processando: aap2016076ti.pdf
2026-04-20 11:21:36 | INFO     | PyMuPDF: sem imagens embutidas em aap2016067ti.pdf
2026-04-20 11:21:36 | WARNING  | Imagens — pdf2image falhou (Poppler instalado?): No module named 'pdf2image'
2026-04-20 11:21:36 | INFO     | Concluído: aap2016067ti.pdf | 1 blocos texto | 0 tabelas | 0 imgs | 0.06s
2026-04-20 11:21:36 | INFO     | Processando: aap2016077ti.pdf
2026-04-20 11:21:36 | INFO     | PyMuPDF: sem imagens embutidas em aap2016070ti.pdf
2026-04-20 11:21:36 | WARNING  | Imagens — pdf2image falhou (Poppler instalado?): No module named 'pdf2image'
2026-04-20 11:21:36 | INFO     | Concluído: aap2016070ti.pdf | 1 blocos texto | 0 tabelas | 0 imgs | 0.07s
2026-04-20 11:21:36 | INFO     | PyMuPDF: sem imagens embutidas em aap2016075ti.pdf
2026-04-20 11:21:36 | WARNING  | Imagens — pdf2image falhou (Poppler instalado?): No module named 'pdf2image'
2026-04-20 11:21:36 | INFO     | Processando: aap2016078ti.pdf
2026-04-20 11:21:36 | INFO     | Concluído: aap2016075ti.pdf | 1 blocos texto | 0 tabelas | 0 imgs | 0.07s
2026-04-20 11:21:36 | INFO     | PyMuPDF: sem imagens embutidas em aap2016073ti.pdf
2026-04-20 11:21:36 | INFO     | Processando: aap2016079ti.pdf
2026-04-20 11:21:36 | WARNING  | Imagens — pdf2image falhou (Poppler instalado?): No module named 'pdf2image'
2026-04-20 11:21:36 | INFO     | Concluído: aap2016073ti.pdf | 1 blocos texto | 0 tabelas | 0 imgs | 0.07s
2026-04-20 11:21:36 | INFO     | Processando: aap2016080ti.pdf
2026-04-20 11:21:36 | INFO     | PyMuPDF: sem imagens embutidas em aap2016076ti.pdf
2026-04-20 11:21:36 | INFO     | PyMuPDF: sem imagens embutidas em aap2016074ti.pdf
2026-04-20 11:21:36 | WARNING  | Imagens — pdf2image falhou (Poppler instalado?): No module named 'pdf2image'
2026-04-20 11:21:36 | INFO     | Concluído: aap2016076ti.pdf | 1 blocos texto | 0 tabelas | 0 imgs | 0.07s
2026-04-20 11:21:36 | WARNING  | Imagens — pdf2image falhou (Poppler instalado?): No module named 'pdf2image'
2026-04-20 11:21:36 | INFO     | Concluído: aap2016074ti.pdf | 1 blocos texto | 0 tabelas | 0 imgs | 0.07s
2026-04-20 11:21:36 | INFO     | Processando: aap2016081ti.pdf
2026-04-20 11:21:36 | INFO     | Processando: aap2016087ti.pdf
2026-04-20 11:21:36 | INFO     | PyMuPDF: sem imagens embutidas em aap2016068ti.pdf
2026-04-20 11:21:36 | WARNING  | Imagens — pdf2image falhou (Poppler instalado?): No module named 'pdf2image'
2026-04-20 11:21:36 | INFO     | Concluído: aap2016068ti.pdf | 1 blocos texto | 0 tabelas | 0 imgs | 0.08s
2026-04-20 11:21:36 | INFO     | Processando: aap2016088ti.pdf
2026-04-20 11:21:36 | INFO     | PyMuPDF: sem imagens embutidas em aap2016080ti.pdf
2026-04-20 11:21:36 | WARNING  | Imagens — pdf2image falhou (Poppler instalado?): No module named 'pdf2image'
2026-04-20 11:21:36 | INFO     | Concluído: aap2016080ti.pdf | 1 blocos texto | 0 tabelas | 0 imgs | 0.06s
2026-04-20 11:21:36 | INFO     | Processando: aap2016089ti.pdf
2026-04-20 11:21:36 | INFO     | PyMuPDF: sem imagens embutidas em aap2016081ti.pdf
2026-04-20 11:21:36 | WARNING  | Imagens — pdf2image falhou (Poppler instalado?): No module named 'pdf2image'
2026-04-20 11:21:36 | INFO     | Concluído: aap2016081ti.pdf | 1 blocos texto | 0 tabelas | 0 imgs | 0.07s
2026-04-20 11:21:36 | INFO     | Processando: aap2016090ti.pdf
2026-04-20 11:21:36 | INFO     | PyMuPDF: sem imagens embutidas em aap2016079ti.pdf
2026-04-20 11:21:36 | WARNING  | Imagens — pdf2image falhou (Poppler instalado?): No module named 'pdf2image'
2026-04-20 11:21:36 | INFO     | Concluído: aap2016079ti.pdf | 1 blocos texto | 0 tabelas | 0 imgs | 0.08s
2026-04-20 11:21:36 | INFO     | PyMuPDF: sem imagens embutidas em aap2016088ti.pdf
2026-04-20 11:21:36 | INFO     | PyMuPDF: sem imagens embutidas em aap2016087ti.pdf
2026-04-20 11:21:36 | INFO     | Processando: aap2016091ti.pdf
2026-04-20 11:21:36 | WARNING  | Imagens — pdf2image falhou (Poppler instalado?): No module named 'pdf2image'
2026-04-20 11:21:36 | INFO     | Concluído: aap2016088ti.pdf | 1 blocos texto | 0 tabelas | 0 imgs | 0.07s
2026-04-20 11:21:36 | INFO     | PyMuPDF: sem imagens embutidas em aap2016077ti.pdf
2026-04-20 11:21:36 | WARNING  | Imagens — pdf2image falhou (Poppler instalado?): No module named 'pdf2image'
2026-04-20 11:21:36 | INFO     | Concluído: aap2016087ti.pdf | 1 blocos texto | 0 tabelas | 0 imgs | 0.08s
2026-04-20 11:21:36 | WARNING  | Imagens — pdf2image falhou (Poppler instalado?): No module named 'pdf2image'
2026-04-20 11:21:36 | INFO     | Concluído: aap2016077ti.pdf | 1 blocos texto | 0 tabelas | 0 imgs | 0.10s
2026-04-20 11:21:36 | INFO     | Processando: aap2016092ti.pdf
2026-04-20 11:21:36 | INFO     | Processando: aap2016093ti.pdf
2026-04-20 11:21:36 | INFO     | Processando: aap2016094ti.pdf
2026-04-20 11:21:36 | INFO     | PyMuPDF: sem imagens embutidas em aap2016078ti.pdf
2026-04-20 11:21:36 | WARNING  | Imagens — pdf2image falhou (Poppler instalado?): No module named 'pdf2image'
2026-04-20 11:21:36 | INFO     | Concluído: aap2016078ti.pdf | 2 blocos texto | 0 tabelas | 0 imgs | 0.09s
2026-04-20 11:21:36 | INFO     | Processando: aap2016095ti.pdf
2026-04-20 11:21:36 | INFO     | PyMuPDF: sem imagens embutidas em aap2016069ti.pdf
2026-04-20 11:21:36 | WARNING  | Imagens — pdf2image falhou (Poppler instalado?): No module named 'pdf2image'
2026-04-20 11:21:36 | INFO     | Concluído: aap2016069ti.pdf | 1 blocos texto | 0 tabelas | 0 imgs | 0.20s
2026-04-20 11:21:36 | INFO     | Processando: aap2016096ti.pdf
2026-04-20 11:21:36 | INFO     | PyMuPDF: sem imagens embutidas em aap2016091ti.pdf
2026-04-20 11:21:36 | INFO     | PyMuPDF: sem imagens embutidas em aap2016090ti.pdf
o module named 'pdf2image'
2026-04-20 11:21:36 | INFO     | Concluído: aap2016091ti.pdf | 1 blocos texto | 0 tabelas | 0 imgs | 0.06s
2026-04-20 11:21:36 | WARNING  | Imagens — pdf2image falhou (Poppler instalado?): No module named 'pdf2image'
2026-04-20 11:21:36 | INFO     | Concluído: aap2016090ti.pdf | 1 blocos texto | 0 tabelas | 0 imgs | 0.08s
2026-04-20 11:21:36 | INFO     | Processando: aap2021001ti.pdf
2026-04-20 11:21:36 | INFO     | Processando: aap2021002ti.pdf
2026-04-20 11:21:36 | INFO     | PyMuPDF: sem imagens embutidas em aap2016093ti.pdf
2026-04-20 11:21:36 | WARNING  | Imagens — pdf2image falhou (Poppler instalado?): No module named 'pdf2image'
2026-04-20 11:21:36 | INFO     | Concluído: aap2016093ti.pdf | 1 blocos texto | 0 tabelas | 0 imgs | 0.07s
2026-04-20 11:21:36 | INFO     | PyMuPDF: sem imagens embutidas em aap2016092ti.pdf
2026-04-20 11:21:36 | INFO     | PyMuPDF: sem imagens embutidas em aap2016094ti.pdf
2026-04-20 11:21:36 | INFO     | Processando: aap2021003ti.pdf
2026-04-20 11:21:36 | WARNING  | Imagens — pdf2image falhou (Poppler instalado?): No module named 'pdf2image'
2026-04-20 11:21:36 | INFO     | Concluído: aap2016092ti.pdf | 1 blocos texto | 0 tabelas | 0 imgs | 0.08s
2026-04-20 11:21:36 | WARNING  | Imagens — pdf2image falhou (Poppler instalado?): No module named 'pdf2image'
2026-04-20 11:21:36 | INFO     | Concluído: aap2016094ti.pdf | 1 blocos texto | 0 tabelas | 0 imgs | 0.07s
2026-04-20 11:21:36 | INFO     | Processando: aap2021004ti.pdf
2026-04-20 11:21:36 | INFO     | Processando: aap2021005ti.pdf
2026-04-20 11:21:36 | INFO     | PyMuPDF: sem imagens embutidas em aap2016089ti.pdf
2026-04-20 11:21:36 | WARNING  | Imagens — pdf2image falhou (Poppler instalado?): No module named 'pdf2image'
2026-04-20 11:21:36 | INFO     | Concluído: aap2016089ti.pdf | 1 blocos texto | 0 tabelas | 0 imgs | 0.10s
2026-04-20 11:21:36 | INFO     | Processando: aap2021006ti.pdf
2026-04-20 11:21:36 | INFO     | PyMuPDF: sem imagens embutidas em aap2016095ti.pdf
2026-04-20 11:21:36 | WARNING  | Imagens — pdf2image falhou (Poppler instalado?): No module named 'pdf2image'
2026-04-20 11:21:36 | INFO     | Concluído: aap2016095ti.pdf | 2 blocos texto | 0 tabelas | 0 imgs | 0.09s
2026-04-20 11:21:36 | INFO     | Processando: aap2021007ti.pdf
2026-04-20 11:21:36 | INFO     | PyMuPDF: sem imagens embutidas em aap2016096ti.pdf
2026-04-20 11:21:36 | WARNING  | Imagens — pdf2image falhou (Poppler instalado?): No module named 'pdf2image'
2026-04-20 11:21:36 | INFO     | Concluído: aap2016096ti.pdf | 1 blocos texto | 0 tabelas | 0 imgs | 0.07s
2026-04-20 11:21:36 | INFO     | Processando: aap2021008ti.pdf
2026-04-20 11:21:36 | INFO     | PyMuPDF: sem imagens embutidas em aap2021001ti.pdf
2026-04-20 11:21:36 | WARNING  | Imagens — pdf2image falhou (Poppler instalado?): No module named 'pdf2image'
2026-04-20 11:21:36 | INFO     | Concluído: aap2021001ti.pdf | 1 blocos texto | 0 tabelas | 0 imgs | 0.07s
2026-04-20 11:21:36 | INFO     | Processando: aap2021009ti.pdf
2026-04-20 11:21:36 | INFO     | PyMuPDF: sem imagens embutidas em aap2021003ti.pdf
2026-04-20 11:21:36 | WARNING  | Imagens — pdf2image falhou (Poppler instalado?): No module named 'pdf2image'
2026-04-20 11:21:36 | INFO     | Concluído: aap2021003ti.pdf | 1 blocos texto | 0 tabelas | 0 imgs | 0.06s
2026-04-20 11:21:36 | INFO     | Processando: aap2021010ti.pdf
2026-04-20 11:21:36 | INFO     | PyMuPDF: sem imagens embutidas em aap2021004ti.pdf
2026-04-20 11:21:36 | WARNING  | Imagens — pdf2image falhou (Poppler instalado?): No module named 'pdf2image'
2026-04-20 11:21:36 | INFO     | Concluído: aap2021004ti.pdf | 1 blocos texto | 0 tabelas | 0 imgs | 0.07s
2026-04-20 11:21:36 | INFO     | Processando: aap2021011ti.pdf
2026-04-20 11:21:36 | INFO     | PyMuPDF: sem imagens embutidas em aap2021002ti.pdf
2026-04-20 11:21:36 | WARNING  | Imagens — pdf2image falhou (Poppler instalado?): No module named 'pdf2image'
2026-04-20 11:21:36 | INFO     | Concluído: aap2021002ti.pdf | 1 blocos texto | 0 tabelas | 0 imgs | 0.10s
2026-04-20 11:21:36 | INFO     | Processando: aap2021012ti.pdf
2026-04-20 11:21:36 | INFO     | PyMuPDF: sem imagens embutidas em aap2021006ti.pdf
2026-04-20 11:21:36 | WARNING  | Imagens — pdf2image falhou (Poppler instalado?): No module named 'pdf2image'
2026-04-20 11:21:36 | INFO     | Concluído: aap2021006ti.pdf | 1 blocos texto | 0 tabelas | 0 imgs | 0.10s
2026-04-20 11:21:36 | INFO     | Processando: aap2021013ti.pdf
2026-04-20 11:21:36 | INFO     | PyMuPDF: sem imagens embutidas em aap2021005ti.pdf
2026-04-20 11:21:36 | WARNING  | Imagens — pdf2image falhou (Poppler instalado?): No module named 'pdf2image'
2026-04-20 11:21:36 | INFO     | Concluído: aap2021005ti.pdf | 1 blocos texto | 0 tabelas | 0 imgs | 0.10s
2026-04-20 11:21:36 | INFO     | Processando: aap2021014ti.pdf
2026-04-20 11:21:36 | INFO     | PyMuPDF: sem imagens embutidas em aap2021007ti.pdf
2026-04-20 11:21:36 | WARNING  | Imagens — pdf2image falhou (Poppler instalado?): No module named 'pdf2image'
2026-04-20 11:21:36 | INFO     | Concluído: aap2021007ti.pdf | 1 blocos texto | 0 tabelas | 0 imgs | 0.11s
2026-04-20 11:21:36 | INFO     | Processando: aap2021015ti.pdf
2026-04-20 11:21:36 | INFO     | PyMuPDF: sem imagens embutidas em aap2021010ti.pdf
2026-04-20 11:21:36 | WARNING  | Imagens — pdf2image falhou (Poppler instalado?): No module named 'pdf2image'
2026-04-20 11:21:36 | INFO     | Concluído: aap2021010ti.pdf | 1 blocos texto | 0 tabelas | 0 imgs | 0.08s
2026-04-20 11:21:36 | INFO     | PyMuPDF: sem imagens embutidas em aap2021009ti.pdf
2026-04-20 11:21:36 | WARNING  | Imagens — pdf2image falhou (Poppler instalado?): No module named 'pdf2image'
2026-04-20 11:21:36 | INFO     | Concluído: aap2021009ti.pdf | 1 blocos texto | 0 tabelas | 0 imgs | 0.09s
2026-04-20 11:21:36 | INFO     | Processando: aap2021016ti.pdf
2026-04-20 11:21:36 | INFO     | Processando: aap2021017ti.pdf
2026-04-20 11:21:36 | INFO     | PyMuPDF: sem imagens embutidas em aap2021008ti.pdf
2026-04-20 11:21:36 | WARNING  | Imagens — pdf2image falhou (Poppler instalado?): No module named 'pdf2image'
2026-04-20 11:21:36 | INFO     | Concluído: aap2021008ti.pdf | 1 blocos texto | 0 tabelas | 0 imgs | 0.11s
2026-04-20 11:21:36 | INFO     | Processando: aap2021018ti.pdf
2026-04-20 11:21:36 | INFO     | PyMuPDF: sem imagens embutidas em aap2021013ti.pdf
2026-04-20 11:21:36 | WARNING  | Imagens — pdf2image falhou (Poppler instalado?): No module named 'pdf2image'
2026-04-20 11:21:36 | INFO     | Concluído: aap2021013ti.pdf | 1 blocos texto | 0 tabelas | 0 imgs | 0.10s
2026-04-20 11:21:36 | INFO     | Processando: aap2021019ti.pdf
2026-04-20 11:21:36 | INFO     | PyMuPDF: sem imagens embutidas em aap2021012ti.pdf
2026-04-20 11:21:36 | INFO     | PyMuPDF: sem imagens embutidas em aap2021014ti.pdf
2026-04-20 11:21:36 | WARNING  | Imagens — pdf2image falhou (Poppler instalado?): No module named 'pdf2image'
2026-04-20 11:21:36 | WARNING  | Imagens — pdf2image falhou (Poppler instalado?): No module named 'pdf2image'
2026-04-20 11:21:36 | INFO     | Concluído: aap2021014ti.pdf | 1 blocos texto | 0 tabelas | 0 imgs | 0.11s
2026-04-20 11:21:36 | INFO     | Concluído: aap2021012ti.pdf | 1 blocos texto | 0 tabelas | 0 imgs | 0.12s
2026-04-20 11:21:36 | INFO     | Processando: aap2021020ti.pdf
2026-04-20 11:21:36 | INFO     | Processando: aap2021021ti.pdf
2026-04-20 11:21:36 | INFO     | PyMuPDF: sem imagens embutidas em aap2021011ti.pdf
2026-04-20 11:21:36 | WARNING  | Imagens — pdf2image falhou (Poppler instalado?): No module named 'pdf2image'
2026-04-20 11:21:36 | INFO     | Concluído: aap2021011ti.pdf | 2 blocos texto | 0 tabelas | 0 imgs | 0.15s
2026-04-20 11:21:36 | INFO     | Processando: aap2021022ti.pdf
2026-04-20 11:21:36 | INFO     | PyMuPDF: sem imagens embutidas em aap2021016ti.pdf
2026-04-20 11:21:36 | WARNING  | Imagens — pdf2image falhou (Poppler instalado?): No module named 'pdf2image'
2026-04-20 11:21:36 | INFO     | Concluído: aap2021016ti.pdf | 1 blocos texto | 0 tabelas | 0 imgs | 0.10s
2026-04-20 11:21:36 | INFO     | Processando: aap2021023ti.pdf
2026-04-20 11:21:36 | INFO     | PyMuPDF: sem imagens embutidas em aap2021017ti.pdf
2026-04-20 11:21:36 | WARNING  | Imagens — pdf2image falhou (Poppler instalado?): No module named 'pdf2image'
2026-04-20 11:21:36 | INFO     | Concluído: aap2021017ti.pdf | 1 blocos texto | 0 tabelas | 0 imgs | 0.11s
2026-04-20 11:21:36 | INFO     | PyMuPDF: sem imagens embutidas em aap2021018ti.pdf
2026-04-20 11:21:36 | INFO     | Processando: aap2021024ti.pdf
2026-04-20 11:21:36 | INFO     | PyMuPDF: sem imagens embutidas em aap2021015ti.pdf
2026-04-20 11:21:36 | WARNING  | Imagens — pdf2image falhou (Poppler instalado?): No module named 'pdf2image'
2026-04-20 11:21:36 | INFO     | Concluído: aap2021018ti.pdf | 1 blocos texto | 0 tabelas | 0 imgs | 0.11s
2026-04-20 11:21:36 | WARNING  | Imagens — pdf2image falhou (Poppler instalado?): No module named 'pdf2image'
2026-04-20 11:21:36 | INFO     | Concluído: aap2021015ti.pdf | 1 blocos texto | 0 tabelas | 0 imgs | 0.11s
2026-04-20 11:21:36 | INFO     | Processando: aap2021025ti.pdf
2026-04-20 11:21:36 | INFO     | Processando: aap2021026ti.pdf
2026-04-20 11:21:37 | INFO     | PyMuPDF: sem imagens embutidas em aap2021021ti.pdf
2026-04-20 11:21:37 | WARNING  | Imagens — pdf2image falhou (Poppler instalado?): No module named 'pdf2image'
2026-04-20 11:21:37 | INFO     | Concluído: aap2021021ti.pdf | 1 blocos texto | 0 tabelas | 0 imgs | 0.07s
2026-04-20 11:21:37 | INFO     | Processando: aap2021028ti.pdf
2026-04-20 11:21:37 | INFO     | PyMuPDF: sem imagens embutidas em aap2021020ti.pdf
2026-04-20 11:21:37 | WARNING  | Imagens — pdf2image falhou (Poppler instalado?): No module named 'pdf2image'
2026-04-20 11:21:37 | INFO     | Concluído: aap2021020ti.pdf | 1 blocos texto | 0 tabelas | 0 imgs | 0.08s
2026-04-20 11:21:37 | INFO     | Processando: aap2021029ti.pdf
2026-04-20 11:21:37 | INFO     | PyMuPDF: sem imagens embutidas em aap2021019ti.pdf
2026-04-20 11:21:37 | WARNING  | Imagens — pdf2image falhou (Poppler instalado?): No module named 'pdf2image'
2026-04-20 11:21:37 | INFO     | Concluído: aap2021019ti.pdf | 1 blocos texto | 0 tabelas | 0 imgs | 0.11s
2026-04-20 11:21:37 | INFO     | Processando: aap2021032ti.pdf
2026-04-20 11:21:37 | INFO     | PyMuPDF: sem imagens embutidas em aap2021022ti.pdf
2026-04-20 11:21:37 | WARNING  | Imagens — pdf2image falhou (Poppler instalado?): No module named 'pdf2image'
2026-04-20 11:21:37 | INFO     | Concluído: aap2021022ti.pdf | 1 blocos texto | 0 tabelas | 0 imgs | 0.10s
2026-04-20 11:21:37 | INFO     | Processando: aap202131ti.pdf
2026-04-20 11:21:37 | INFO     | PyMuPDF: sem imagens embutidas em aap2021025ti.pdf
2026-04-20 11:21:37 | WARNING  | Imagens — pdf2image falhou (Poppler instalado?): No module named 'pdf2image'
2026-04-20 11:21:37 | INFO     | Concluído: aap2021025ti.pdf | 1 blocos texto | 0 tabelas | 0 imgs | 0.07s
2026-04-20 11:21:37 | INFO     | Processando: aap2022001ti.pdf
2026-04-20 11:21:37 | INFO     | PyMuPDF: sem imagens embutidas em aap2021024ti.pdf
2026-04-20 11:21:37 | WARNING  | Imagens — pdf2image falhou (Poppler instalado?): No module named 'pdf2image'
2026-04-20 11:21:37 | INFO     | Concluído: aap2021024ti.pdf | 1 blocos texto | 0 tabelas | 0 imgs | 0.10s
2026-04-20 11:21:37 | INFO     | PyMuPDF: sem imagens embutidas em aap2021026ti.pdf
2026-04-20 11:21:37 | WARNING  | Imagens — pdf2image falhou (Poppler instalado?): No module named 'pdf2image'
2026-04-20 11:21:37 | INFO     | Concluído: aap2021026ti.pdf | 1 blocos texto | 0 tabelas | 0 imgs | 0.10s
2026-04-20 11:21:37 | INFO     | Processando: aap2022002ti.pdf
2026-04-20 11:21:37 | INFO     | Processando: aap2022003ti.pdf
2026-04-20 11:21:37 | INFO     | PyMuPDF: sem imagens embutidas em aap2021028ti.pdf
2026-04-20 11:21:37 | WARNING  | Imagens — pdf2image falhou (Poppler instalado?): No module named 'pdf2image'
2026-04-20 11:21:37 | INFO     | Concluído: aap2021028ti.pdf | 1 blocos texto | 0 tabelas | 0 imgs | 0.08s
2026-04-20 11:21:37 | INFO     | Processando: aap2022004ti.pdf
2026-04-20 11:21:37 | INFO     | PyMuPDF: sem imagens embutidas em aap2021023ti.pdf
2026-04-20 11:21:37 | WARNING  | Imagens — pdf2image falhou (Poppler instalado?): No module named 'pdf2image'
2026-04-20 11:21:37 | INFO     | Concluído: aap2021023ti.pdf | 2 blocos texto | 0 tabelas | 0 imgs | 0.12s
2026-04-20 11:21:37 | INFO     | Processando: aap2022005ti.pdf
2026-04-20 11:21:37 | INFO     | PyMuPDF: sem imagens embutidas em aap2021032ti.pdf
2026-04-20 11:21:37 | WARNING  | Imagens — pdf2image falhou (Poppler instalado?): No module named 'pdf2image'
2026-04-20 11:21:37 | INFO     | Concluído: aap2021032ti.pdf | 1 blocos texto | 0 tabelas | 0 imgs | 0.08s
2026-04-20 11:21:37 | INFO     | Processando: aap2022006ti.pdf
2026-04-20 11:21:37 | INFO     | PyMuPDF: sem imagens embutidas em aap2021029ti.pdf
2026-04-20 11:21:37 | WARNING  | Imagens — pdf2image falhou (Poppler instalado?): No module named 'pdf2image'
2026-04-20 11:21:37 | INFO     | Concluído: aap2021029ti.pdf | 2 blocos texto | 0 tabelas | 0 imgs | 0.11s
2026-04-20 11:21:37 | INFO     | Processando: aap2022007ti.pdf
2026-04-20 11:21:37 | INFO     | PyMuPDF: sem imagens embutidas em aap202131ti.pdf
2026-04-20 11:21:37 | WARNING  | Imagens — pdf2image falhou (Poppler instalado?): No module named 'pdf2image'
2026-04-20 11:21:37 | INFO     | Concluído: aap202131ti.pdf | 1 blocos texto | 0 tabelas | 0 imgs | 0.10s
2026-04-20 11:21:37 | INFO     | Processando: aap2022008ti.pdf
2026-04-20 11:21:37 | INFO     | PyMuPDF: sem imagens embutidas em aap2022002ti.pdf
2026-04-20 11:21:37 | WARNING  | Imagens — pdf2image falhou (Poppler instalado?): No module named 'pdf2image'
2026-04-20 11:21:37 | INFO     | Concluído: aap2022002ti.pdf | 1 blocos texto | 0 tabelas | 0 imgs | 0.07s
2026-04-20 11:21:37 | INFO     | PyMuPDF: sem imagens embutidas em aap2022001ti.pdf
2026-04-20 11:21:37 | INFO     | Processando: aap2022009ti.pdf
2026-04-20 11:21:37 | WARNING  | Imagens — pdf2image falhou (Poppler instalado?): No module named 'pdf2image'
2026-04-20 11:21:37 | INFO     | Concluído: aap2022001ti.pdf | 1 blocos texto | 0 tabelas | 0 imgs | 0.11s
2026-04-20 11:21:37 | INFO     | Processando: aap2022010ti.pdf
2026-04-20 11:21:37 | INFO     | PyMuPDF: sem imagens embutidas em aap2022003ti.pdf
2026-04-20 11:21:37 | WARNING  | Imagens — pdf2image falhou (Poppler instalado?): No module named 'pdf2image'
2026-04-20 11:21:37 | INFO     | Concluído: aap2022003ti.pdf | 1 blocos texto | 0 tabelas | 0 imgs | 0.09s
2026-04-20 11:21:37 | INFO     | Processando: aap2022011ti.pdf
2026-04-20 11:21:37 | INFO     | PyMuPDF: sem imagens embutidas em aap2022004ti.pdf
2026-04-20 11:21:37 | WARNING  | Imagens — pdf2image falhou (Poppler instalado?): No module named 'pdf2image'
2026-04-20 11:21:37 | INFO     | Concluído: aap2022004ti.pdf | 1 blocos texto | 0 tabelas | 0 imgs | 0.12s
2026-04-20 11:21:37 | INFO     | Processando: aap2022012ti.pdf
2026-04-20 11:21:37 | INFO     | PyMuPDF: sem imagens embutidas em aap2022005ti.pdf
2026-04-20 11:21:37 | WARNING  | Imagens — pdf2image falhou (Poppler instalado?): No module named 'pdf2image'
2026-04-20 11:21:37 | INFO     | Concluído: aap2022005ti.pdf | 1 blocos texto | 0 tabelas | 0 imgs | 0.12s
2026-04-20 11:21:37 | INFO     | Processando: aap2022013ti.pdf
2026-04-20 11:21:37 | INFO     | PyMuPDF: sem imagens embutidas em aap2022006ti.pdf
2026-04-20 11:21:37 | WARNING  | Imagens — pdf2image falhou (Poppler instalado?): No module named 'pdf2image'
2026-04-20 11:21:37 | INFO     | Concluído: aap2022006ti.pdf | 1 blocos texto | 0 tabelas | 0 imgs | 0.13s
2026-04-20 11:21:37 | INFO     | Processando: aap2022014ti.pdf
2026-04-20 11:21:37 | INFO     | PyMuPDF: sem imagens embutidas em aap2022007ti.pdf
2026-04-20 11:21:37 | WARNING  | Imagens — pdf2image falhou (Poppler instalado?): No module named 'pdf2image'
2026-04-20 11:21:37 | INFO     | Concluído: aap2022007ti.pdf | 1 blocos texto | 0 tabelas | 0 imgs | 0.12s
2026-04-20 11:21:37 | INFO     | Processando: aap2022015ti.pdf
2026-04-20 11:21:37 | INFO     | PyMuPDF: sem imagens embutidas em aap2022008ti.pdf
2026-04-20 11:21:37 | WARNING  | Imagens — pdf2image falhou (Poppler instalado?): No module named 'pdf2image'
2026-04-20 11:21:37 | INFO     | Concluído: aap2022008ti.pdf | 1 blocos texto | 0 tabelas | 0 imgs | 0.13s
2026-04-20 11:21:37 | INFO     | Processando: aap2022016ti.pdf
2026-04-20 11:21:37 | INFO     | PyMuPDF: sem imagens embutidas em aap2022011ti.pdf
2026-04-20 11:21:37 | WARNING  | Imagens — pdf2image falhou (Poppler instalado?): No module named 'pdf2image'
2026-04-20 11:21:37 | INFO     | Concluído: aap2022011ti.pdf | 1 blocos texto | 0 tabelas | 0 imgs | 0.11s
2026-04-20 11:21:37 | INFO     | Processando: aap2022017ti.pdf
2026-04-20 11:21:37 | INFO     | PyMuPDF: sem imagens embutidas em aap2022010ti.pdf
2026-04-20 11:21:37 | WARNING  | Imagens — pdf2image falhou (Poppler instalado?): No module named 'pdf2image'
2026-04-20 11:21:37 | INFO     | Concluído: aap2022010ti.pdf | 2 blocos texto | 0 tabelas | 0 imgs | 0.16s
2026-04-20 11:21:37 | INFO     | Processando: aap2022018ti.pdf
2026-04-20 11:21:37 | INFO     | PyMuPDF: sem imagens embutidas em aap2022012ti.pdf
2026-04-20 11:21:37 | WARNING  | Imagens — pdf2image falhou (Poppler instalado?): No module named 'pdf2image'
2026-04-20 11:21:37 | INFO     | Concluído: aap2022012ti.pdf | 2 blocos texto | 0 tabelas | 0 imgs | 0.11s
2026-04-20 11:21:37 | INFO     | Processando: aap2022019ti.pdf
2026-04-20 11:21:37 | INFO     | PyMuPDF: sem imagens embutidas em aap2022014ti.pdf
2026-04-20 11:21:37 | WARNING  | Imagens — pdf2image falhou (Poppler instalado?): No module named 'pdf2image'
2026-04-20 11:21:37 | INFO     | Concluído: aap2022014ti.pdf | 1 blocos texto | 0 tabelas | 0 imgs | 0.08s
2026-04-20 11:21:37 | INFO     | Processando: aap2022020ti.pdf
2026-04-20 11:21:37 | INFO     | PyMuPDF: sem imagens embutidas em aap2022013ti.pdf
2026-04-20 11:21:37 | WARNING  | Imagens — pdf2image falhou (Poppler instalado?): No module named 'pdf2image'
2026-04-20 11:21:37 | INFO     | Concluído: aap2022013ti.pdf | 1 blocos texto | 0 tabelas | 0 imgs | 0.12s
2026-04-20 11:21:37 | INFO     | Processando: aavs2016sn149_1.pdf
2026-04-20 11:21:37 | INFO     | PyMuPDF: sem imagens embutidas em aap2022015ti.pdf
2026-04-20 11:21:37 | WARNING  | Imagens — pdf2image falhou (Poppler instalado?): No module named 'pdf2image'
2026-04-20 11:21:37 | INFO     | Concluído: aap2022015ti.pdf | 1 blocos texto | 0 tabelas | 0 imgs | 0.12s
2026-04-20 11:21:37 | INFO     | Processando: aavs2016sn149_1_1.pdf
2026-04-20 11:21:37 | INFO     | PyMuPDF: sem imagens embutidas em aap2022016ti.pdf
2026-04-20 11:21:37 | WARNING  | Imagens — pdf2image falhou (Poppler instalado?): No module named 'pdf2image'
2026-04-20 11:21:37 | INFO     | Concluído: aap2022016ti.pdf | 1 blocos texto | 0 tabelas | 0 imgs | 0.11s
2026-04-20 11:21:37 | INFO     | Processando: aavs2016sn52_2.pdf
2026-04-20 11:21:37 | INFO     | PyMuPDF: sem imagens embutidas em aap2022009ti.pdf
2026-04-20 11:21:37 | WARNING  | Imagens — pdf2image falhou (Poppler instalado?): No module named 'pdf2image'
2026-04-20 11:21:37 | INFO     | Concluído: aap2022009ti.pdf | 1 blocos texto | 0 tabelas | 0 imgs | 0.24s
2026-04-20 11:21:37 | INFO     | Processando: aavs2021001_1.pdf
2026-04-20 11:21:37 | INFO     | PyMuPDF: sem imagens embutidas em aap2022017ti.pdf
2026-04-20 11:21:37 | WARNING  | Imagens — pdf2image falhou (Poppler instalado?): No module named 'pdf2image'
2026-04-20 11:21:37 | INFO     | Concluído: aap2022017ti.pdf | 1 blocos texto | 0 tabelas | 0 imgs | 0.12s
2026-04-20 11:21:37 | INFO     | Processando: aavs2021003_1.pdf
2026-04-20 11:21:37 | INFO     | PyMuPDF: sem imagens embutidas em aap2022018ti.pdf
2026-04-20 11:21:37 | WARNING  | Imagens — pdf2image falhou (Poppler instalado?): No module named 'pdf2image'
2026-04-20 11:21:37 | INFO     | Concluído: aap2022018ti.pdf | 1 blocos texto | 0 tabelas | 0 imgs | 0.12s
2026-04-20 11:21:37 | INFO     | Processando: aavs2022sn163_1.pdf
2026-04-20 11:21:37 | INFO     | PyMuPDF: sem imagens embutidas em aap2022019ti.pdf
2026-04-20 11:21:37 | WARNING  | Imagens — pdf2image falhou (Poppler instalado?): No module named 'pdf2image'
2026-04-20 11:21:37 | INFO     | Concluído: aap2022019ti.pdf | 1 blocos texto | 0 tabelas | 0 imgs | 0.13s
2026-04-20 11:21:37 | INFO     | PyMuPDF: sem imagens embutidas em aavs2016sn52_2.pdf
2026-04-20 11:21:37 | WARNING  | Imagens — pdf2image falhou (Poppler instalado?): No module named 'pdf2image'
2026-04-20 11:21:37 | INFO     | Processando: acp2016001ti.pdf
2026-04-20 11:21:37 | INFO     | Concluído: aavs2016sn52_2.pdf | 1 blocos texto | 1 tabelas | 0 imgs | 0.07s
2026-04-20 11:21:37 | INFO     | Processando: acp2016002ti.pdf
2026-04-20 11:21:37 | INFO     | PyMuPDF: sem imagens embutidas em aap2022020ti.pdf
2026-04-20 11:21:37 | WARNING  | Imagens — pdf2image falhou (Poppler instalado?): No module named 'pdf2image'
2026-04-20 11:21:37 | INFO     | Concluído: aap2022020ti.pdf | 2 blocos texto | 0 tabelas | 0 imgs | 0.14s
2026-04-20 11:21:37 | INFO     | Processando: acp2016004ti.pdf
2026-04-20 11:21:37 | INFO     | PyMuPDF: sem imagens embutidas em acp2016001ti.pdf
2026-04-20 11:21:37 | WARNING  | Imagens — pdf2image falhou (Poppler instalado?): No module named 'pdf2image'
2026-04-20 11:21:37 | INFO     | Concluído: acp2016001ti.pdf | 1 blocos texto | 0 tabelas | 0 imgs | 0.06s
2026-04-20 11:21:37 | INFO     | Processando: acp2016005ti.pdf
2026-04-20 11:21:37 | INFO     | PyMuPDF: sem imagens embutidas em acp2016002ti.pdf
2026-04-20 11:21:37 | WARNING  | Imagens — pdf2image falhou (Poppler instalado?): No module named 'pdf2image'
2026-04-20 11:21:37 | INFO     | Concluído: acp2016002ti.pdf | 1 blocos texto | 0 tabelas | 0 imgs | 0.07s
2026-04-20 11:21:37 | INFO     | Processando: acp2016006ti.pdf
2026-04-20 11:21:37 | INFO     | PyMuPDF: sem imagens embutidas em acp2016004ti.pdf
2026-04-20 11:21:37 | WARNING  | Imagens — pdf2image falhou (Poppler instalado?): No module named 'pdf2image'
2026-04-20 11:21:37 | INFO     | Concluído: acp2016004ti.pdf | 1 blocos texto | 0 tabelas | 0 imgs | 0.07s
2026-04-20 11:21:37 | INFO     | Processando: acp2016007ti.pdf
2026-04-20 11:21:37 | INFO     | PyMuPDF: sem imagens embutidas em acp2016006ti.pdf
2026-04-20 11:21:37 | WARNING  | Imagens — pdf2image falhou (Poppler instalado?): No module named 'pdf2image'
2026-04-20 11:21:37 | INFO     | Concluído: acp2016006ti.pdf | 1 blocos texto | 0 tabelas | 0 imgs | 0.07s
2026-04-20 11:21:37 | INFO     | Processando: acp2016008ti.pdf
2026-04-20 11:21:37 | INFO     | PyMuPDF: sem imagens embutidas em acp2016007ti.pdf
2026-04-20 11:21:37 | WARNING  | Imagens — pdf2image falhou (Poppler instalado?): No module named 'pdf2image'
2026-04-20 11:21:37 | INFO     | Concluído: acp2016007ti.pdf | 1 blocos texto | 0 tabelas | 0 imgs | 0.07s
2026-04-20 11:21:37 | INFO     | Processando: acp2016009ti.pdf
2026-04-20 11:21:37 | INFO     | PyMuPDF: sem imagens embutidas em acp2016008ti.pdf
2026-04-20 11:21:37 | WARNING  | Imagens — pdf2image falhou (Poppler instalado?): No module named 'pdf2image'
2026-04-20 11:21:37 | INFO     | Concluído: acp2016008ti.pdf | 1 blocos texto | 0 tabelas | 0 imgs | 0.07s
2026-04-20 11:21:37 | INFO     | Processando: acp2016010ti.pdf
2026-04-20 11:21:37 | INFO     | Concluído: aavs2016sn149_1.pdf | 4 blocos texto | 0 tabelas | 1 imgs | 0.35s
2026-04-20 11:21:37 | INFO     | Processando: acp2016011ti.pdf
2026-04-20 11:21:37 | INFO     | PyMuPDF: sem imagens embutidas em acp2016009ti.pdf
2026-04-20 11:21:37 | WARNING  | Imagens — pdf2image falhou (Poppler instalado?): No module named 'pdf2image'
2026-04-20 11:21:37 | INFO     | Concluído: acp2016009ti.pdf | 1 blocos texto | 0 tabelas | 0 imgs | 0.07s
2026-04-20 11:21:37 | INFO     | Processando: acp2016012ti.pdf
2026-04-20 11:21:37 | INFO     | PyMuPDF: sem imagens embutidas em acp2016005ti.pdf
2026-04-20 11:21:37 | WARNING  | Imagens — pdf2image falhou (Poppler instalado?): No module named 'pdf2image'
2026-04-20 11:21:37 | INFO     | Concluído: acp2016005ti.pdf | 1 blocos texto | 0 tabelas | 0 imgs | 0.23s
2026-04-20 11:21:37 | INFO     | Processando: acp2016013ti.pdf
2026-04-20 11:21:37 | INFO     | PyMuPDF: sem imagens embutidas em aavs2016sn149_1_1.pdf
2026-04-20 11:21:37 | WARNING  | Imagens — pdf2image falhou (Poppler instalado?): No module named 'pdf2image'
2026-04-20 11:21:37 | INFO     | Concluído: aavs2016sn149_1_1.pdf | 5 blocos texto | 0 tabelas | 0 imgs | 0.37s
2026-04-20 11:21:37 | INFO     | Processando: acp2016014ti.pdf
2026-04-20 11:21:37 | INFO     | PyMuPDF: sem imagens embutidas em acp2016010ti.pdf
2026-04-20 11:21:37 | WARNING  | Imagens — pdf2image falhou (Poppler instalado?): No module named 'pdf2image'
2026-04-20 11:21:37 | INFO     | Concluído: acp2016010ti.pdf | 1 blocos texto | 0 tabelas | 0 imgs | 0.09s
2026-04-20 11:21:37 | INFO     | Processando: acp2016015ti.pdf
2026-04-20 11:21:37 | INFO     | PyMuPDF: sem imagens embutidas em acp2016011ti.pdf
2026-04-20 11:21:37 | WARNING  | Imagens — pdf2image falhou (Poppler instalado?): No module named 'pdf2image'
2026-04-20 11:21:37 | INFO     | Concluído: acp2016011ti.pdf | 1 blocos texto | 0 tabelas | 0 imgs | 0.07s
2026-04-20 11:21:37 | INFO     | Processando: acp2021001ti.pdf
2026-04-20 11:21:37 | INFO     | PyMuPDF: sem imagens embutidas em acp2016012ti.pdf
2026-04-20 11:21:37 | WARNING  | Imagens — pdf2image falhou (Poppler instalado?): No module named 'pdf2image'
2026-04-20 11:21:37 | INFO     | Concluído: acp2016012ti.pdf | 1 blocos texto | 0 tabelas | 0 imgs | 0.07s
2026-04-20 11:21:37 | INFO     | Processando: acp2021002ti.pdf
2026-04-20 11:21:37 | INFO     | PyMuPDF: sem imagens embutidas em acp2016014ti.pdf
2026-04-20 11:21:37 | INFO     | PyMuPDF: sem imagens embutidas em acp2016013ti.pdf
2026-04-20 11:21:37 | WARNING  | Imagens — pdf2image falhou (Poppler instalado?): No module named 'pdf2image'
2026-04-20 11:21:37 | INFO     | Concluído: acp2016013ti.pdf | 1 blocos texto | 0 tabelas | 0 imgs | 0.07s
2026-04-20 11:21:37 | WARNING  | Imagens — pdf2image falhou (Poppler instalado?): No module named 'pdf2image'
2026-04-20 11:21:37 | INFO     | Concluído: acp2016014ti.pdf | 1 blocos texto | 0 tabelas | 0 imgs | 0.07s
2026-04-20 11:21:37 | INFO     | Processando: acp2021003ti.pdf
2026-04-20 11:21:37 | INFO     | Processando: acp2021004ti.pdf
2026-04-20 11:21:37 | INFO     | PyMuPDF: sem imagens embutidas em acp2016015ti.pdf
2026-04-20 11:21:37 | WARNING  | Imagens — pdf2image falhou (Poppler instalado?): No module named 'pdf2image'
2026-04-20 11:21:37 | INFO     | Concluído: acp2016015ti.pdf | 1 blocos texto | 0 tabelas | 0 imgs | 0.07s
2026-04-20 11:21:37 | INFO     | Processando: acp2021005ti.pdf
2026-04-20 11:21:37 | INFO     | PyMuPDF: sem imagens embutidas em acp2021002ti.pdf
2026-04-20 11:21:37 | WARNING  | Imagens — pdf2image falhou (Poppler instalado?): No module named 'pdf2image'
2026-04-20 11:21:37 | INFO     | Concluído: acp2021002ti.pdf | 1 blocos texto | 0 tabelas | 0 imgs | 0.08s
2026-04-20 11:21:37 | INFO     | Processando: acp2021006ti.pdf
2026-04-20 11:21:37 | INFO     | PyMuPDF: sem imagens embutidas em acp2021001ti.pdf
2026-04-20 11:21:37 | WARNING  | Imagens — pdf2image falhou (Poppler instalado?): No module named 'pdf2image'
2026-04-20 11:21:37 | INFO     | Concluído: acp2021001ti.pdf | 1 blocos texto | 0 tabelas | 0 imgs | 0.09s
2026-04-20 11:21:37 | INFO     | Processando: acp2021007ti.pdf
2026-04-20 11:21:37 | INFO     | PyMuPDF: sem imagens embutidas em acp2021004ti.pdf
2026-04-20 11:21:37 | WARNING  | Imagens — pdf2image falhou (Poppler instalado?): No module named 'pdf2image'
2026-04-20 11:21:37 | INFO     | Concluído: acp2021004ti.pdf | 1 blocos texto | 0 tabelas | 0 imgs | 0.08s
2026-04-20 11:21:37 | INFO     | Processando: acp2021008ti.pdf
2026-04-20 11:21:37 | INFO     | PyMuPDF: sem imagens embutidas em acp2021005ti.pdf
2026-04-20 11:21:37 | WARNING  | Imagens — pdf2image falhou (Poppler instalado?): No module named 'pdf2image'
2026-04-20 11:21:37 | INFO     | Concluído: acp2021005ti.pdf | 1 blocos texto | 0 tabelas | 0 imgs | 0.08s
2026-04-20 11:21:37 | INFO     | Processando: acp2021009ti.pdf
2026-04-20 11:21:37 | INFO     | PyMuPDF: sem imagens embutidas em acp2021003ti.pdf
2026-04-20 11:21:37 | WARNING  | Imagens — pdf2image falhou (Poppler instalado?): No module named 'pdf2image'
2026-04-20 11:21:37 | INFO     | Concluído: acp2021003ti.pdf | 2 blocos texto | 0 tabelas | 0 imgs | 0.10s
2026-04-20 11:21:37 | INFO     | Processando: acp2021010ti.pdf
2026-04-20 11:21:37 | INFO     | PyMuPDF: sem imagens embutidas em acp2021006ti.pdf
2026-04-20 11:21:37 | WARNING  | Imagens — pdf2image falhou (Poppler instalado?): No module named 'pdf2image'
2026-04-20 11:21:37 | INFO     | Concluído: acp2021006ti.pdf | 2 blocos texto | 0 tabelas | 0 imgs | 0.14s
2026-04-20 11:21:38 | INFO     | Processando: acp2021011ti.pdf
2026-04-20 11:21:38 | INFO     | PyMuPDF: sem imagens embutidas em acp2021007ti.pdf
2026-04-20 11:21:38 | WARNING  | Imagens — pdf2image falhou (Poppler instalado?): No module named 'pdf2image'
2026-04-20 11:21:38 | INFO     | Concluído: acp2021007ti.pdf | 2 blocos texto | 0 tabelas | 0 imgs | 0.15s
2026-04-20 11:21:38 | INFO     | Processando: acp2021012ti.pdf
2026-04-20 11:21:38 | INFO     | PyMuPDF: sem imagens embutidas em aavs2021003_1.pdf
2026-04-20 11:21:38 | WARNING  | Imagens — pdf2image falhou (Poppler instalado?): No module named 'pdf2image'
2026-04-20 11:21:38 | INFO     | Concluído: aavs2021003_1.pdf | 8 blocos texto | 0 tabelas | 0 imgs | 0.59s
2026-04-20 11:21:38 | INFO     | Processando: acp2021013ti.pdf
2026-04-20 11:21:38 | INFO     | PyMuPDF: sem imagens embutidas em acp2021010ti.pdf
2026-04-20 11:21:38 | WARNING  | Imagens — pdf2image falhou (Poppler instalado?): No module named 'pdf2image'
2026-04-20 11:21:38 | INFO     | Concluído: acp2021010ti.pdf | 1 blocos texto | 0 tabelas | 0 imgs | 0.10s
2026-04-20 11:21:38 | INFO     | Processando: acp2021014ti.pdf
2026-04-20 11:21:38 | INFO     | PyMuPDF: sem imagens embutidas em acp2021008ti.pdf
2026-04-20 11:21:38 | WARNING  | Imagens — pdf2image falhou (Poppler instalado?): No module named 'pdf2image'
2026-04-20 11:21:38 | INFO     | Concluído: acp2021008ti.pdf | 2 blocos texto | 0 tabelas | 0 imgs | 0.15s
2026-04-20 11:21:38 | INFO     | Processando: acp2021015ti.pdf
2026-04-20 11:21:38 | INFO     | PyMuPDF: sem imagens embutidas em acp2021013ti.pdf
2026-04-20 11:21:38 | WARNING  | Imagens — pdf2image falhou (Poppler instalado?): No module named 'pdf2image'
2026-04-20 11:21:38 | INFO     | Concluído: acp2021013ti.pdf | 1 blocos texto | 0 tabelas | 0 imgs | 0.09s
2026-04-20 11:21:38 | INFO     | Processando: acp2021016ti.pdf
2026-04-20 11:21:38 | INFO     | PyMuPDF: sem imagens embutidas em acp2021014ti.pdf
2026-04-20 11:21:38 | WARNING  | Imagens — pdf2image falhou (Poppler instalado?): No module named 'pdf2image'
2026-04-20 11:21:38 | INFO     | Concluído: acp2021014ti.pdf | 1 blocos texto | 0 tabelas | 0 imgs | 0.08s
2026-04-20 11:21:38 | INFO     | Processando: acp2021017ti.pdf
2026-04-20 11:21:38 | INFO     | PyMuPDF: sem imagens embutidas em acp2021011ti.pdf
2026-04-20 11:21:38 | WARNING  | Imagens — pdf2image falhou (Poppler instalado?): No module named 'pdf2image'
2026-04-20 11:21:38 | INFO     | Concluído: acp2021011ti.pdf | 2 blocos texto | 0 tabelas | 0 imgs | 0.12s
2026-04-20 11:21:38 | INFO     | Processando: acp2021018ti.pdf
2026-04-20 11:21:38 | INFO     | PyMuPDF: sem imagens embutidas em acp2021012ti.pdf
2026-04-20 11:21:38 | WARNING  | Imagens — pdf2image falhou (Poppler instalado?): No module named 'pdf2image'
2026-04-20 11:21:38 | INFO     | Concluído: acp2021012ti.pdf | 2 blocos texto | 0 tabelas | 0 imgs | 0.13s
2026-04-20 11:21:38 | INFO     | Processando: acp2021019ti.pdf
2026-04-20 11:21:38 | INFO     | PyMuPDF: sem imagens embutidas em acp2021009ti.pdf
2026-04-20 11:21:38 | WARNING  | Imagens — pdf2image falhou (Poppler instalado?): No module named 'pdf2image'
2026-04-20 11:21:38 | INFO     | Concluído: acp2021009ti.pdf | 2 blocos texto | 0 tabelas | 0 imgs | 0.23s
2026-04-20 11:21:38 | INFO     | Processando: acp2021020ti.pdf
2026-04-20 11:21:38 | INFO     | PyMuPDF: sem imagens embutidas em acp2021015ti.pdf
2026-04-20 11:21:38 | WARNING  | Imagens — pdf2image falhou (Poppler instalado?): No module named 'pdf2image'
2026-04-20 11:21:38 | INFO     | Concluído: acp2021015ti.pdf | 1 blocos texto | 0 tabelas | 0 imgs | 0.10s
2026-04-20 11:21:38 | INFO     | Processando: acp2021021ti.pdf
2026-04-20 11:21:38 | INFO     | PyMuPDF: sem imagens embutidas em acp2021017ti.pdf
2026-04-20 11:21:38 | WARNING  | Imagens — pdf2image falhou (Poppler instalado?): No module named 'pdf2image'
2026-04-20 11:21:38 | INFO     | Concluído: acp2021017ti.pdf | 1 blocos texto | 0 tabelas | 0 imgs | 0.08s
2026-04-20 11:21:38 | INFO     | Processando: acp2021022ti.pdf
2026-04-20 11:21:38 | INFO     | PyMuPDF: sem imagens embutidas em acp2021019ti.pdf
2026-04-20 11:21:38 | WARNING  | Imagens — pdf2image falhou (Poppler instalado?): No module named 'pdf2image'
2026-04-20 11:21:38 | INFO     | Concluído: acp2021019ti.pdf | 1 blocos texto | 0 tabelas | 0 imgs | 0.08s
2026-04-20 11:21:38 | INFO     | Processando: acp2021023ti.pdf
2026-04-20 11:21:38 | INFO     | PyMuPDF: sem imagens embutidas em acp2021020ti.pdf
2026-04-20 11:21:38 | WARNING  | Imagens — pdf2image falhou (Poppler instalado?): No module named 'pdf2image'
2026-04-20 11:21:38 | INFO     | Concluído: acp2021020ti.pdf | 1 blocos texto | 0 tabelas | 0 imgs | 0.08s
2026-04-20 11:21:38 | INFO     | Processando: acp2021024ti.pdf
2026-04-20 11:21:38 | INFO     | PyMuPDF: sem imagens embutidas em acp2021021ti.pdf
2026-04-20 11:21:38 | WARNING  | Imagens — pdf2image falhou (Poppler instalado?): No module named 'pdf2image'
2026-04-20 11:21:38 | INFO     | Concluído: acp2021021ti.pdf | 1 blocos texto | 0 tabelas | 0 imgs | 0.08s
2026-04-20 11:21:38 | INFO     | Processando: acp2021025ti.pdf
2026-04-20 11:21:38 | INFO     | PyMuPDF: sem imagens embutidas em acp2021016ti.pdf
2026-04-20 11:21:38 | WARNING  | Imagens — pdf2image falhou (Poppler instalado?): No module named 'pdf2image'
2026-04-20 11:21:38 | INFO     | Concluído: acp2021016ti.pdf | 1 blocos texto | 0 tabelas | 0 imgs | 0.18s
2026-04-20 11:21:38 | INFO     | Processando: acp2021026ti.pdf
2026-04-20 11:21:38 | INFO     | PyMuPDF: sem imagens embutidas em acp2021022ti.pdf
2026-04-20 11:21:38 | WARNING  | Imagens — pdf2image falhou (Poppler instalado?): No module named 'pdf2image'
2026-04-20 11:21:38 | INFO     | Concluído: acp2021022ti.pdf | 1 blocos texto | 0 tabelas | 0 imgs | 0.08s
2026-04-20 11:21:38 | INFO     | Processando: acp2021027ti.pdf
2026-04-20 11:21:38 | INFO     | PyMuPDF: sem imagens embutidas em acp2021023ti.pdf
2026-04-20 11:21:38 | WARNING  | Imagens — pdf2image falhou (Poppler instalado?): No module named 'pdf2image'
2026-04-20 11:21:38 | INFO     | Concluído: acp2021023ti.pdf | 1 blocos texto | 0 tabelas | 0 imgs | 0.09s
2026-04-20 11:21:38 | INFO     | PyMuPDF: sem imagens embutidas em acp2021018ti.pdf
2026-04-20 11:21:38 | INFO     | Processando: acp2021028ti.pdf
2026-04-20 11:21:38 | WARNING  | Imagens — pdf2image falhou (Poppler instalado?): No module named 'pdf2image'
2026-04-20 11:21:38 | INFO     | Concluído: acp2021018ti.pdf | 3 blocos texto | 0 tabelas | 0 imgs | 0.18s
2026-04-20 11:21:38 | INFO     | Processando: acp2021029ti.pdf
2026-04-20 11:21:38 | INFO     | PyMuPDF: sem imagens embutidas em acp2021024ti.pdf
2026-04-20 11:21:38 | WARNING  | Imagens — pdf2image falhou (Poppler instalado?): No module named 'pdf2image'
2026-04-20 11:21:38 | INFO     | Concluído: acp2021024ti.pdf | 1 blocos texto | 0 tabelas | 0 imgs | 0.09s
2026-04-20 11:21:38 | INFO     | Processando: acp2021030ti.pdf
2026-04-20 11:21:38 | INFO     | PyMuPDF: sem imagens embutidas em acp2021025ti.pdf
2026-04-20 11:21:38 | WARNING  | Imagens — pdf2image falhou (Poppler instalado?): No module named 'pdf2image'
2026-04-20 11:21:38 | INFO     | Concluído: acp2021025ti.pdf | 2 blocos texto | 0 tabelas | 0 imgs | 0.11s
2026-04-20 11:21:38 | INFO     | Processando: acp2021031ti.pdf
2026-04-20 11:21:38 | INFO     | PyMuPDF: sem imagens embutidas em acp2021027ti.pdf
2026-04-20 11:21:38 | WARNING  | Imagens — pdf2image falhou (Poppler instalado?): No module named 'pdf2image'
2026-04-20 11:21:38 | INFO     | Concluído: acp2021027ti.pdf | 1 blocos texto | 0 tabelas | 0 imgs | 0.08s
2026-04-20 11:21:38 | INFO     | Processando: acp2021032ti.pdf
2026-04-20 11:21:38 | INFO     | PyMuPDF: sem imagens embutidas em acp2021028ti.pdf
2026-04-20 11:21:38 | WARNING  | Imagens — pdf2image falhou (Poppler instalado?): No module named 'pdf2image'
2026-04-20 11:21:38 | INFO     | Concluído: acp2021028ti.pdf | 1 blocos texto | 0 tabelas | 0 imgs | 0.07s
2026-04-20 11:21:38 | INFO     | Processando: acp2021033ti.pdf
2026-04-20 11:21:38 | INFO     | PyMuPDF: sem imagens embutidas em acp2021026ti.pdf
2026-04-20 11:21:38 | WARNING  | Imagens — pdf2image falhou (Poppler instalado?): No module named 'pdf2image'
2026-04-20 11:21:38 | INFO     | Concluído: acp2021026ti.pdf | 2 blocos texto | 0 tabelas | 0 imgs | 0.12s
2026-04-20 11:21:38 | INFO     | Processando: acp2021034ti.pdf
2026-04-20 11:21:38 | INFO     | PyMuPDF: sem imagens embutidas em acp2021030ti.pdf
2026-04-20 11:21:38 | WARNING  | Imagens — pdf2image falhou (Poppler instalado?): No module named 'pdf2image'
2026-04-20 11:21:38 | INFO     | Concluído: acp2021030ti.pdf | 2 blocos texto | 0 tabelas | 0 imgs | 0.12s
2026-04-20 11:21:38 | INFO     | Processando: acp2021035ti.pdf
2026-04-20 11:21:38 | INFO     | PyMuPDF: sem imagens embutidas em acp2021033ti.pdf
2026-04-20 11:21:38 | WARNING  | Imagens — pdf2image falhou (Poppler instalado?): No module named 'pdf2image'
2026-04-20 11:21:38 | INFO     | Concluído: acp2021033ti.pdf | 1 blocos texto | 0 tabelas | 0 imgs | 0.08s
2026-04-20 11:21:38 | INFO     | Processando: acp2021036ti.pdf
2026-04-20 11:21:38 | INFO     | PyMuPDF: sem imagens embutidas em acp2021031ti.pdf
2026-04-20 11:21:38 | WARNING  | Imagens — pdf2image falhou (Poppler instalado?): No module named 'pdf2image'
2026-04-20 11:21:38 | INFO     | Concluído: acp2021031ti.pdf | 2 blocos texto | 0 tabelas | 0 imgs | 0.11s
2026-04-20 11:21:38 | INFO     | Processando: acp2021037ti.pdf
2026-04-20 11:21:38 | INFO     | PyMuPDF: sem imagens embutidas em acp2021032ti.pdf
2026-04-20 11:21:38 | WARNING  | Imagens — pdf2image falhou (Poppler instalado?): No module named 'pdf2image'
2026-04-20 11:21:38 | INFO     | Concluído: acp2021032ti.pdf | 2 blocos texto | 0 tabelas | 0 imgs | 0.12s
2026-04-20 11:21:38 | INFO     | Processando: acp2021038ti.pdf
2026-04-20 11:21:38 | INFO     | PyMuPDF: sem imagens embutidas em acp2021029ti.pdf
2026-04-20 11:21:38 | WARNING  | Imagens — pdf2image falhou (Poppler instalado?): No module named 'pdf2image'
2026-04-20 11:21:38 | INFO     | Concluído: acp2021029ti.pdf | 2 blocos texto | 0 tabelas | 0 imgs | 0.20s
2026-04-20 11:21:38 | INFO     | Processando: acp2021039ti.pdf
2026-04-20 11:21:38 | INFO     | PyMuPDF: sem imagens embutidas em acp2021034ti.pdf
2026-04-20 11:21:38 | WARNING  | Imagens — pdf2image falhou (Poppler instalado?): No module named 'pdf2image'
2026-04-20 11:21:38 | INFO     | Concluído: acp2021034ti.pdf | 2 blocos texto | 0 tabelas | 0 imgs | 0.12s
2026-04-20 11:21:38 | INFO     | Processando: acp2021040ti.pdf
2026-04-20 11:21:38 | INFO     | PyMuPDF: sem imagens embutidas em acp2021035ti.pdf
2026-04-20 11:21:38 | WARNING  | Imagens — pdf2image falhou (Poppler instalado?): No module named 'pdf2image'
2026-04-20 11:21:38 | INFO     | Concluído: acp2021035ti.pdf | 1 blocos texto | 0 tabelas | 0 imgs | 0.10s
2026-04-20 11:21:38 | INFO     | Processando: acp2021041ti.pdf
2026-04-20 11:21:38 | INFO     | PyMuPDF: sem imagens embutidas em acp2021036ti.pdf
2026-04-20 11:21:38 | WARNING  | Imagens — pdf2image falhou (Poppler instalado?): No module named 'pdf2image'
2026-04-20 11:21:38 | INFO     | Concluído: acp2021036ti.pdf | 1 blocos texto | 0 tabelas | 0 imgs | 0.09s
2026-04-20 11:21:38 | INFO     | Processando: acp2021042ti.pdf
2026-04-20 11:21:38 | INFO     | PyMuPDF: sem imagens embutidas em acp2021037ti.pdf
2026-04-20 11:21:38 | WARNING  | Imagens — pdf2image falhou (Poppler instalado?): No module named 'pdf2image'
2026-04-20 11:21:38 | INFO     | Concluído: acp2021037ti.pdf | 1 blocos texto | 0 tabelas | 0 imgs | 0.10s
2026-04-20 11:21:38 | INFO     | Processando: acp2021043ti.pdf
2026-04-20 11:21:38 | INFO     | PyMuPDF: sem imagens embutidas em acp2021040ti.pdf
2026-04-20 11:21:38 | WARNING  | Imagens — pdf2image falhou (Poppler instalado?): No module named 'pdf2image'
2026-04-20 11:21:38 | INFO     | Concluído: acp2021040ti.pdf | 1 blocos texto | 0 tabelas | 0 imgs | 0.09s
2026-04-20 11:21:38 | INFO     | PyMuPDF: sem imagens embutidas em acp2021041ti.pdf
2026-04-20 11:21:38 | WARNING  | Imagens — pdf2image falhou (Poppler instalado?): No module named 'pdf2image'
2026-04-20 11:21:38 | INFO     | Concluído: acp2021041ti.pdf | 1 blocos texto | 0 tabelas | 0 imgs | 0.08s
2026-04-20 11:21:38 | INFO     | Processando: acp2021044ti.pdf
2026-04-20 11:21:38 | INFO     | Processando: acp2021045ti.pdf
2026-04-20 11:21:38 | INFO     | PyMuPDF: sem imagens embutidas em acp2021038ti.pdf
2026-04-20 11:21:38 | WARNING  | Imagens — pdf2image falhou (Poppler instalado?): No module named 'pdf2image'
2026-04-20 11:21:38 | INFO     | Concluído: acp2021038ti.pdf | 2 blocos texto | 0 tabelas | 0 imgs | 0.13s
2026-04-20 11:21:38 | INFO     | Processando: acp2021046ti.pdf
2026-04-20 11:21:38 | INFO     | PyMuPDF: sem imagens embutidas em acp2021042ti.pdf
2026-04-20 11:21:38 | WARNING  | Imagens — pdf2image falhou (Poppler instalado?): No module named 'pdf2image'
2026-04-20 11:21:38 | INFO     | Concluído: acp2021042ti.pdf | 1 blocos texto | 0 tabelas | 0 imgs | 0.09s
2026-04-20 11:21:38 | INFO     | Processando: acp2021047ti.pdf
2026-04-20 11:21:38 | INFO     | PyMuPDF: sem imagens embutidas em acp2021043ti.pdf
2026-04-20 11:21:38 | WARNING  | Imagens — pdf2image falhou (Poppler instalado?): No module named 'pdf2image'
2026-04-20 11:21:38 | INFO     | Concluído: acp2021043ti.pdf | 1 blocos texto | 0 tabelas | 0 imgs | 0.09s
2026-04-20 11:21:38 | INFO     | Processando: acp2021048ti.pdf
2026-04-20 11:21:38 | INFO     | PyMuPDF: sem imagens embutidas em acp2021044ti.pdf
2026-04-20 11:21:38 | INFO     | PyMuPDF: sem imagens embutidas em acp2021045ti.pdf
2026-04-20 11:21:38 | WARNING  | Imagens — pdf2image falhou (Poppler instalado?): No module named 'pdf2image'
2026-04-20 11:21:38 | INFO     | Concluído: acp2021044ti.pdf | 1 blocos texto | 0 tabelas | 0 imgs | 0.09s
2026-04-20 11:21:38 | WARNING  | Imagens — pdf2image falhou (Poppler instalado?): No module named 'pdf2image'
2026-04-20 11:21:38 | INFO     | Concluído: acp2021045ti.pdf | 1 blocos texto | 0 tabelas | 0 imgs | 0.09s
2026-04-20 11:21:38 | INFO     | Processando: acp2021049ti.pdf
2026-04-20 11:21:38 | INFO     | Processando: acp2021050ti.pdf
2026-04-20 11:21:38 | INFO     | PyMuPDF: sem imagens embutidas em acp2021046ti.pdf
2026-04-20 11:21:38 | WARNING  | Imagens — pdf2image falhou (Poppler instalado?): No module named 'pdf2image'
2026-04-20 11:21:38 | INFO     | Concluído: acp2021046ti.pdf | 1 blocos texto | 0 tabelas | 0 imgs | 0.09s
2026-04-20 11:21:38 | INFO     | Processando: acp2021051ti.pdf
2026-04-20 11:21:38 | INFO     | PyMuPDF: sem imagens embutidas em acp2021048ti.pdf
2026-04-20 11:21:38 | WARNING  | Imagens — pdf2image falhou (Poppler instalado?): No module named 'pdf2image'
2026-04-20 11:21:38 | INFO     | Concluído: acp2021048ti.pdf | 1 blocos texto | 0 tabelas | 0 imgs | 0.08s
2026-04-20 11:21:38 | INFO     | Processando: acp2021052ti.pdf
2026-04-20 11:21:38 | INFO     | PyMuPDF: sem imagens embutidas em acp2021047ti.pdf
2026-04-20 11:21:38 | WARNING  | Imagens — pdf2image falhou (Poppler instalado?): No module named 'pdf2image'
2026-04-20 11:21:38 | INFO     | Concluído: acp2021047ti.pdf | 2 blocos texto | 0 tabelas | 0 imgs | 0.13s
2026-04-20 11:21:38 | INFO     | Processando: acp2021053ti.pdf
2026-04-20 11:21:38 | INFO     | PyMuPDF: sem imagens embutidas em acp2021049ti.pdf
2026-04-20 11:21:38 | WARNING  | Imagens — pdf2image falhou (Poppler instalado?): No module named 'pdf2image'
2026-04-20 11:21:38 | INFO     | Concluído: acp2021049ti.pdf | 1 blocos texto | 0 tabelas | 0 imgs | 0.07s
2026-04-20 11:21:38 | INFO     | Processando: acp2021054ti.pdf
2026-04-20 11:21:38 | INFO     | PyMuPDF: sem imagens embutidas em acp2021050ti.pdf
2026-04-20 11:21:38 | WARNING  | Imagens — pdf2image falhou (Poppler instalado?): No module named 'pdf2image'
2026-04-20 11:21:38 | INFO     | Concluído: acp2021050ti.pdf | 1 blocos texto | 0 tabelas | 0 imgs | 0.08s
2026-04-20 11:21:38 | INFO     | Processando: acp2021055ti.pdf
2026-04-20 11:21:38 | INFO     | PyMuPDF: sem imagens embutidas em acp2021051ti.pdf
2026-04-20 11:21:38 | WARNING  | Imagens — pdf2image falhou (Poppler instalado?): No module named 'pdf2image'
2026-04-20 11:21:38 | INFO     | Concluído: acp2021051ti.pdf | 1 blocos texto | 0 tabelas | 0 imgs | 0.09s
2026-04-20 11:21:38 | INFO     | Processando: acp2021056ti.pdf
2026-04-20 11:21:38 | INFO     | PyMuPDF: sem imagens embutidas em acp2021052ti.pdf
2026-04-20 11:21:38 | WARNING  | Imagens — pdf2image falhou (Poppler instalado?): No module named 'pdf2image'
2026-04-20 11:21:38 | INFO     | Concluído: acp2021052ti.pdf | 1 blocos texto | 0 tabelas | 0 imgs | 0.08s
2026-04-20 11:21:38 | INFO     | Processando: acp2021057ti.pdf
2026-04-20 11:21:38 | INFO     | Concluído: aavs2022sn163_1.pdf | 13 blocos texto | 1 tabelas | 2 imgs | 1.38s
2026-04-20 11:21:38 | INFO     | Processando: acp2021058ti.pdf
2026-04-20 11:21:38 | INFO     | PyMuPDF: sem imagens embutidas em acp2021039ti.pdf
2026-04-20 11:21:38 | WARNING  | Imagens — pdf2image falhou (Poppler instalado?): No module named 'pdf2image'
2026-04-20 11:21:38 | INFO     | Concluído: acp2021039ti.pdf | 5 blocos texto | 0 tabelas | 0 imgs | 0.31s
2026-04-20 11:21:38 | INFO     | Processando: acp2021059ti.pdf
2026-04-20 11:21:38 | INFO     | PyMuPDF: sem imagens embutidas em acp2021053ti.pdf
2026-04-20 11:21:38 | WARNING  | Imagens — pdf2image falhou (Poppler instalado?): No module named 'pdf2image'
2026-04-20 11:21:38 | INFO     | Concluído: acp2021053ti.pdf | 1 blocos texto | 0 tabelas | 0 imgs | 0.09s
2026-04-20 11:21:38 | INFO     | Processando: acp2021064ti.pdf
2026-04-20 11:21:38 | INFO     | PyMuPDF: sem imagens embutidas em acp2021054ti.pdf
2026-04-20 11:21:38 | WARNING  | Imagens — pdf2image falhou (Poppler instalado?): No module named 'pdf2image'
2026-04-20 11:21:38 | INFO     | Concluído: acp2021054ti.pdf | 1 blocos texto | 0 tabelas | 0 imgs | 0.08s
2026-04-20 11:21:38 | INFO     | Processando: acp2021065ti.pdf
2026-04-20 11:21:38 | INFO     | PyMuPDF: sem imagens embutidas em acp2021055ti.pdf
2026-04-20 11:21:38 | WARNING  | Imagens — pdf2image falhou (Poppler instalado?): No module named 'pdf2image'
2026-04-20 11:21:38 | INFO     | Concluído: acp2021055ti.pdf | 1 blocos texto | 0 tabelas | 0 imgs | 0.08s
2026-04-20 11:21:38 | INFO     | Processando: acp2021066ti.pdf
2026-04-20 11:21:38 | INFO     | PyMuPDF: sem imagens embutidas em acp2021056ti.pdf
2026-04-20 11:21:38 | WARNING  | Imagens — pdf2image falhou (Poppler instalado?): No module named 'pdf2image'
2026-04-20 11:21:38 | INFO     | Concluído: acp2021056ti.pdf | 1 blocos texto | 0 tabelas | 0 imgs | 0.08s
2026-04-20 11:21:38 | INFO     | Processando: acp2021067ti.pdf
2026-04-20 11:21:38 | INFO     | PyMuPDF: sem imagens embutidas em acp2021059ti.pdf
2026-04-20 11:21:38 | WARNING  | Imagens — pdf2image falhou (Poppler instalado?): No module named 'pdf2image'
2026-04-20 11:21:38 | INFO     | Concluído: acp2021059ti.pdf | 1 blocos texto | 0 tabelas | 0 imgs | 0.08s
2026-04-20 11:21:38 | INFO     | Processando: acp2021068ti.pdf
2026-04-20 11:21:38 | INFO     | PyMuPDF: sem imagens embutidas em acp2021064ti.pdf
2026-04-20 11:21:38 | WARNING  | Imagens — pdf2image falhou (Poppler instalado?): No module named 'pdf2image'
2026-04-20 11:21:38 | INFO     | Concluído: acp2021064ti.pdf | 1 blocos texto | 0 tabelas | 0 imgs | 0.07s
2026-04-20 11:21:38 | INFO     | Processando: acp2021069ti.pdf
2026-04-20 11:21:38 | INFO     | PyMuPDF: sem imagens embutidas em acp2021065ti.pdf
2026-04-20 11:21:38 | WARNING  | Imagens — pdf2image falhou (Poppler instalado?): No module named 'pdf2image'
2026-04-20 11:21:38 | INFO     | Concluído: acp2021065ti.pdf | 1 blocos texto | 0 tabelas | 0 imgs | 0.07s
2026-04-20 11:21:38 | INFO     | Processando: acp2021070ti.pdf
2026-04-20 11:21:38 | INFO     | PyMuPDF: sem imagens embutidas em acp2021057ti.pdf
2026-04-20 11:21:38 | WARNING  | Imagens — pdf2image falhou (Poppler instalado?): No module named 'pdf2image'
2026-04-20 11:21:38 | INFO     | Concluído: acp2021057ti.pdf | 2 blocos texto | 0 tabelas | 0 imgs | 0.12s
2026-04-20 11:21:38 | INFO     | Processando: acp2021071ti.pdf
2026-04-20 11:21:38 | INFO     | PyMuPDF: sem imagens embutidas em acp2021058ti.pdf
2026-04-20 11:21:38 | WARNING  | Imagens — pdf2image falhou (Poppler instalado?): No module named 'pdf2image'
2026-04-20 11:21:38 | INFO     | Concluído: acp2021058ti.pdf | 2 blocos texto | 0 tabelas | 0 imgs | 0.12s
2026-04-20 11:21:38 | INFO     | PyMuPDF: sem imagens embutidas em acp2021066ti.pdf
2026-04-20 11:21:38 | INFO     | Processando: acp2021072ti.pdf
2026-04-20 11:21:38 | WARNING  | Imagens — pdf2image falhou (Poppler instalado?): No module named 'pdf2image'
2026-04-20 11:21:38 | INFO     | Concluído: acp2021066ti.pdf | 1 blocos texto | 0 tabelas | 0 imgs | 0.08s
2026-04-20 11:21:38 | INFO     | Processando: acp2021073ti.pdf
2026-04-20 11:21:38 | INFO     | PyMuPDF: sem imagens embutidas em acp2021068ti.pdf
2026-04-20 11:21:38 | WARNING  | Imagens — pdf2image falhou (Poppler instalado?): No module named 'pdf2image'
2026-04-20 11:21:38 | INFO     | Concluído: acp2021068ti.pdf | 1 blocos texto | 0 tabelas | 0 imgs | 0.08s
2026-04-20 11:21:38 | INFO     | Processando: acp2021075ti.pdf
2026-04-20 11:21:39 | INFO     | PyMuPDF: sem imagens embutidas em acp2021067ti.pdf
2026-04-20 11:21:39 | WARNING  | Imagens — pdf2image falhou (Poppler instalado?): No module named 'pdf2image'
2026-04-20 11:21:39 | INFO     | Concluído: acp2021067ti.pdf | 2 blocos texto | 0 tabelas | 0 imgs | 0.12s
2026-04-20 11:21:39 | INFO     | Processando: acp2021079ti.pdf
2026-04-20 11:21:39 | INFO     | PyMuPDF: sem imagens embutidas em acp2021070ti.pdf
2026-04-20 11:21:39 | WARNING  | Imagens — pdf2image falhou (Poppler instalado?): No module named 'pdf2image'
2026-04-20 11:21:39 | INFO     | Concluído: acp2021070ti.pdf | 1 blocos texto | 0 tabelas | 0 imgs | 0.08s
2026-04-20 11:21:39 | INFO     | Processando: acp2021080ti.pdf
2026-04-20 11:21:39 | INFO     | PyMuPDF: sem imagens embutidas em acp2021071ti.pdf
2026-04-20 11:21:39 | INFO     | PyMuPDF: sem imagens embutidas em acp2021072ti.pdf
2026-04-20 11:21:39 | WARNING  | Imagens — pdf2image falhou (Poppler instalado?): No module named 'pdf2image'
2026-04-20 11:21:39 | INFO     | Concluído: acp2021071ti.pdf | 1 blocos texto | 0 tabelas | 0 imgs | 0.08s
2026-04-20 11:21:39 | INFO     | PyMuPDF: sem imagens embutidas em acp2021069ti.pdf
2026-04-20 11:21:39 | WARNING  | Imagens — pdf2image falhou (Poppler instalado?): No module named 'pdf2image'
2026-04-20 11:21:39 | INFO     | Concluído: acp2021072ti.pdf | 1 blocos texto | 0 tabelas | 0 imgs | 0.08s
2026-04-20 11:21:39 | WARNING  | Imagens — pdf2image falhou (Poppler instalado?): No module named 'pdf2image'
2026-04-20 11:21:39 | INFO     | Concluído: acp2021069ti.pdf | 1 blocos texto | 0 tabelas | 0 imgs | 0.09s
2026-04-20 11:21:39 | INFO     | Processando: acp2021081ti.pdf
2026-04-20 11:21:39 | INFO     | Processando: acp2021082ti.pdf
2026-04-20 11:21:39 | INFO     | Processando: acp2021083ti.pdf
2026-04-20 11:21:39 | INFO     | PyMuPDF: sem imagens embutidas em acp2021073ti.pdf
2026-04-20 11:21:39 | WARNING  | Imagens — pdf2image falhou (Poppler instalado?): No module named 'pdf2image'
2026-04-20 11:21:39 | INFO     | Concluído: acp2021073ti.pdf | 2 blocos texto | 0 tabelas | 0 imgs | 0.13s
2026-04-20 11:21:39 | INFO     | Processando: acp2021084ti.pdf
2026-04-20 11:21:39 | INFO     | PyMuPDF: sem imagens embutidas em acp2021075ti.pdf
2026-04-20 11:21:39 | WARNING  | Imagens — pdf2image falhou (Poppler instalado?): No module named 'pdf2image'
2026-04-20 11:21:39 | INFO     | Concluído: acp2021075ti.pdf | 1 blocos texto | 0 tabelas | 0 imgs | 0.09s
2026-04-20 11:21:39 | INFO     | Processando: acp202174ti.pdf
2026-04-20 11:21:39 | INFO     | PyMuPDF: sem imagens embutidas em acp2021079ti.pdf
2026-04-20 11:21:39 | WARNING  | Imagens — pdf2image falhou (Poppler instalado?): No module named 'pdf2image'
2026-04-20 11:21:39 | INFO     | Concluído: acp2021079ti.pdf | 1 blocos texto | 0 tabelas | 0 imgs | 0.07s
2026-04-20 11:21:39 | INFO     | PyMuPDF: sem imagens embutidas em acp2021080ti.pdf
2026-04-20 11:21:39 | INFO     | Processando: acp202176ti.pdf
2026-04-20 11:21:39 | WARNING  | Imagens — pdf2image falhou (Poppler instalado?): No module named 'pdf2image'
2026-04-20 11:21:39 | INFO     | Concluído: acp2021080ti.pdf | 1 blocos texto | 0 tabelas | 0 imgs | 0.07s
2026-04-20 11:21:39 | INFO     | Processando: acp202177ti.pdf
2026-04-20 11:21:39 | INFO     | PyMuPDF: sem imagens embutidas em acp2021081ti.pdf
2026-04-20 11:21:39 | WARNING  | Imagens — pdf2image falhou (Poppler instalado?): No module named 'pdf2image'
2026-04-20 11:21:39 | INFO     | Concluído: acp2021081ti.pdf | 1 blocos texto | 0 tabelas | 0 imgs | 0.08s
2026-04-20 11:21:39 | INFO     | PyMuPDF: sem imagens embutidas em acp2021082ti.pdf
2026-04-20 11:21:39 | WARNING  | Imagens — pdf2image falhou (Poppler instalado?): No module named 'pdf2image'
2026-04-20 11:21:39 | INFO     | Concluído: acp2021082ti.pdf | 1 blocos texto | 0 tabelas | 0 imgs | 0.08s
2026-04-20 11:21:39 | INFO     | Processando: acp202178ti.pdf
2026-04-20 11:21:39 | INFO     | Processando: acp2022001ti.pdf
2026-04-20 11:21:39 | INFO     | PyMuPDF: sem imagens embutidas em acp2021083ti.pdf
2026-04-20 11:21:39 | INFO     | PyMuPDF: sem imagens embutidas em acp202174ti.pdf
2026-04-20 11:21:39 | WARNING  | Imagens — pdf2image falhou (Poppler instalado?): No module named 'pdf2image'
2026-04-20 11:21:39 | INFO     | Concluído: acp2021083ti.pdf | 2 blocos texto | 0 tabelas | 0 imgs | 0.11s
2026-04-20 11:21:39 | WARNING  | Imagens — pdf2image falhou (Poppler instalado?): No module named 'pdf2image'
2026-04-20 11:21:39 | INFO     | Concluído: acp202174ti.pdf | 1 blocos texto | 0 tabelas | 0 imgs | 0.06s
2026-04-20 11:21:39 | INFO     | Processando: acp2022002ti.pdf
2026-04-20 11:21:39 | INFO     | Processando: acp2022003ti.pdf
2026-04-20 11:21:39 | INFO     | PyMuPDF: sem imagens embutidas em acp2021084ti.pdf
2026-04-20 11:21:39 | WARNING  | Imagens — pdf2image falhou (Poppler instalado?): No module named 'pdf2image'
2026-04-20 11:21:39 | INFO     | Concluído: acp2021084ti.pdf | 1 blocos texto | 0 tabelas | 0 imgs | 0.09s
2026-04-20 11:21:39 | INFO     | Processando: acp2022004ti.pdf
2026-04-20 11:21:39 | INFO     | PyMuPDF: sem imagens embutidas em acp202176ti.pdf
2026-04-20 11:21:39 | INFO     | PyMuPDF: sem imagens embutidas em acp202178ti.pdf
2026-04-20 11:21:39 | WARNING  | Imagens — pdf2image falhou (Poppler instalado?): No module named 'pdf2image'
2026-04-20 11:21:39 | INFO     | Concluído: acp202176ti.pdf | 1 blocos texto | 0 tabelas | 0 imgs | 0.08s
2026-04-20 11:21:39 | WARNING  | Imagens — pdf2image falhou (Poppler instalado?): No module named 'pdf2image'
2026-04-20 11:21:39 | INFO     | Concluído: acp202178ti.pdf | 1 blocos texto | 0 tabelas | 0 imgs | 0.07s
2026-04-20 11:21:39 | INFO     | Processando: acp2022005ti.pdf
2026-04-20 11:21:39 | INFO     | Processando: acp2022007ti.pdf
2026-04-20 11:21:39 | INFO     | PyMuPDF: sem imagens embutidas em acp202177ti.pdf
2026-04-20 11:21:39 | WARNING  | Imagens — pdf2image falhou (Poppler instalado?): No module named 'pdf2image'
2026-04-20 11:21:39 | INFO     | Concluído: acp202177ti.pdf | 2 blocos texto | 0 tabelas | 0 imgs | 0.09s
2026-04-20 11:21:39 | INFO     | Processando: acp2022008ti.pdf
2026-04-20 11:21:39 | INFO     | PyMuPDF: sem imagens embutidas em acp2022001ti.pdf
2026-04-20 11:21:39 | WARNING  | Imagens — pdf2image falhou (Poppler instalado?): No module named 'pdf2image'
2026-04-20 11:21:39 | INFO     | Concluído: acp2022001ti.pdf | 1 blocos texto | 0 tabelas | 0 imgs | 0.09s
2026-04-20 11:21:39 | INFO     | Processando: acp2022009ti.pdf
2026-04-20 11:21:39 | INFO     | PyMuPDF: sem imagens embutidas em acp2022003ti.pdf
2026-04-20 11:21:39 | WARNING  | Imagens — pdf2image falhou (Poppler instalado?): No module named 'pdf2image'
2026-04-20 11:21:39 | INFO     | Concluído: acp2022003ti.pdf | 1 blocos texto | 0 tabelas | 0 imgs | 0.09s
2026-04-20 11:21:39 | INFO     | Processando: acp2022010ti.pdf
2026-04-20 11:21:39 | INFO     | PyMuPDF: sem imagens embutidas em acp2022002ti.pdf
2026-04-20 11:21:39 | WARNING  | Imagens — pdf2image falhou (Poppler instalado?): No module named 'pdf2image'
2026-04-20 11:21:39 | INFO     | Concluído: acp2022002ti.pdf | 2 blocos texto | 0 tabelas | 0 imgs | 0.10s
2026-04-20 11:21:39 | INFO     | Processando: acp2022011ti.pdf
2026-04-20 11:21:39 | INFO     | PyMuPDF: sem imagens embutidas em acp2022007ti.pdf
2026-04-20 11:21:39 | WARNING  | Imagens — pdf2image falhou (Poppler instalado?): No module named 'pdf2image'
2026-04-20 11:21:39 | INFO     | Concluído: acp2022007ti.pdf | 1 blocos texto | 0 tabelas | 0 imgs | 0.09s
2026-04-20 11:21:39 | INFO     | Processando: acp2022012ti.pdf
2026-04-20 11:21:39 | INFO     | PyMuPDF: sem imagens embutidas em acp2022009ti.pdf
2026-04-20 11:21:39 | WARNING  | Imagens — pdf2image falhou (Poppler instalado?): No module named 'pdf2image'
2026-04-20 11:21:39 | INFO     | Concluído: acp2022009ti.pdf | 1 blocos texto | 0 tabelas | 0 imgs | 0.08s
2026-04-20 11:21:39 | INFO     | Processando: acp2022013ti.pdf
2026-04-20 11:21:39 | INFO     | PyMuPDF: sem imagens embutidas em acp2022005ti.pdf
2026-04-20 11:21:39 | WARNING  | Imagens — pdf2image falhou (Poppler instalado?): No module named 'pdf2image'
2026-04-20 11:21:39 | INFO     | Concluído: acp2022005ti.pdf | 1 blocos texto | 0 tabelas | 0 imgs | 0.10s
2026-04-20 11:21:39 | INFO     | Processando: acp2022014ti.pdf
2026-04-20 11:21:39 | INFO     | PyMuPDF: sem imagens embutidas em acp2022008ti.pdf
2026-04-20 11:21:39 | WARNING  | Imagens — pdf2image falhou (Poppler instalado?): No module named 'pdf2image'
2026-04-20 11:21:39 | INFO     | Concluído: acp2022008ti.pdf | 2 blocos texto | 0 tabelas | 0 imgs | 0.10s
2026-04-20 11:21:39 | INFO     | Processando: acp2022015ti.pdf
2026-04-20 11:21:39 | INFO     | PyMuPDF: sem imagens embutidas em acp2022004ti.pdf
2026-04-20 11:21:39 | WARNING  | Imagens — pdf2image falhou (Poppler instalado?): No module named 'pdf2image'
2026-04-20 11:21:39 | INFO     | Concluído: acp2022004ti.pdf | 2 blocos texto | 0 tabelas | 0 imgs | 0.13s
2026-04-20 11:21:39 | INFO     | Processando: acp2022016ti.pdf
2026-04-20 11:21:39 | INFO     | PyMuPDF: sem imagens embutidas em acp2022010ti.pdf
2026-04-20 11:21:39 | WARNING  | Imagens — pdf2image falhou (Poppler instalado?): No module named 'pdf2image'
2026-04-20 11:21:39 | INFO     | Concluído: acp2022010ti.pdf | 1 blocos texto | 0 tabelas | 0 imgs | 0.09s
2026-04-20 11:21:39 | INFO     | Processando: acp2022017ti.pdf
2026-04-20 11:21:39 | INFO     | PyMuPDF: sem imagens embutidas em acp2022012ti.pdf
2026-04-20 11:21:39 | WARNING  | Imagens — pdf2image falhou (Poppler instalado?): No module named 'pdf2image'
2026-04-20 11:21:39 | INFO     | Concluído: acp2022012ti.pdf | 1 blocos texto | 0 tabelas | 0 imgs | 0.09s
2026-04-20 11:21:39 | INFO     | Processando: acp2022018ti.pdf
2026-04-20 11:21:39 | INFO     | PyMuPDF: sem imagens embutidas em acp2022017ti.pdf
2026-04-20 11:21:39 | WARNING  | Imagens — pdf2image falhou (Poppler instalado?): No module named 'pdf2image'
2026-04-20 11:21:39 | INFO     | Concluído: acp2022017ti.pdf | 1 blocos texto | 0 tabelas | 0 imgs | 0.09s
2026-04-20 11:21:39 | INFO     | Processando: acp2022019ti.pdf
2026-04-20 11:21:39 | INFO     | PyMuPDF: sem imagens embutidas em acp2022011ti.pdf
2026-04-20 11:21:39 | WARNING  | Imagens — pdf2image falhou (Poppler instalado?): No module named 'pdf2image'
2026-04-20 11:21:39 | INFO     | Concluído: acp2022011ti.pdf | 2 blocos texto | 0 tabelas | 0 imgs | 0.17s
2026-04-20 11:21:39 | INFO     | Processando: acp2022020ti.pdf
2026-04-20 11:21:39 | INFO     | PyMuPDF: sem imagens embutidas em acp2022013ti.pdf
2026-04-20 11:21:39 | WARNING  | Imagens — pdf2image falhou (Poppler instalado?): No module named 'pdf2image'
2026-04-20 11:21:39 | INFO     | Concluído: acp2022013ti.pdf | 1 blocos texto | 0 tabelas | 0 imgs | 0.14s
2026-04-20 11:21:39 | INFO     | PyMuPDF: sem imagens embutidas em acp2022014ti.pdf
2026-04-20 11:21:39 | INFO     | Processando: acp2022021ti.pdf
2026-04-20 11:21:39 | WARNING  | Imagens — pdf2image falhou (Poppler instalado?): No module named 'pdf2image'
2026-04-20 11:21:39 | INFO     | Concluído: acp2022014ti.pdf | 1 blocos texto | 0 tabelas | 0 imgs | 0.14s
2026-04-20 11:21:39 | INFO     | Processando: acp2022022ti.pdf
2026-04-20 11:21:39 | INFO     | PyMuPDF: sem imagens embutidas em acp2022015ti.pdf
2026-04-20 11:21:39 | WARNING  | Imagens — pdf2image falhou (Poppler instalado?): No module named 'pdf2image'
2026-04-20 11:21:39 | INFO     | Concluído: acp2022015ti.pdf | 2 blocos texto | 0 tabelas | 0 imgs | 0.14s
2026-04-20 11:21:39 | INFO     | Processando: acp2022023ti.pdf
2026-04-20 11:21:39 | INFO     | PyMuPDF: sem imagens embutidas em acp2022016ti.pdf
2026-04-20 11:21:39 | WARNING  | Imagens — pdf2image falhou (Poppler instalado?): No module named 'pdf2image'
2026-04-20 11:21:39 | INFO     | Concluído: acp2022016ti.pdf | 2 blocos texto | 0 tabelas | 0 imgs | 0.14s
2026-04-20 11:21:39 | INFO     | Processando: acp2022024ti.pdf
2026-04-20 11:21:39 | INFO     | PyMuPDF: sem imagens embutidas em acp2022020ti.pdf
2026-04-20 11:21:39 | WARNING  | Imagens — pdf2image falhou (Poppler instalado?): No module named 'pdf2image'
2026-04-20 11:21:39 | INFO     | Concluído: acp2022020ti.pdf | 1 blocos texto | 0 tabelas | 0 imgs | 0.09s
2026-04-20 11:21:39 | INFO     | Processando: acp2022025ti.pdf
2026-04-20 11:21:39 | INFO     | PyMuPDF: sem imagens embutidas em acp2022021ti.pdf
2026-04-20 11:21:39 | INFO     | PyMuPDF: sem imagens embutidas em acp2022018ti.pdf
2026-04-20 11:21:39 | WARNING  | Imagens — pdf2image falhou (Poppler instalado?): No module named 'pdf2image'
2026-04-20 11:21:39 | INFO     | Concluído: acp2022021ti.pdf | 1 blocos texto | 0 tabelas | 0 imgs | 0.09s
2026-04-20 11:21:39 | WARNING  | Imagens — pdf2image falhou (Poppler instalado?): No module named 'pdf2image'
2026-04-20 11:21:39 | INFO     | Concluído: acp2022018ti.pdf | 1 blocos texto | 0 tabelas | 0 imgs | 0.15s
2026-04-20 11:21:39 | INFO     | Processando: acp2022026ti.pdf
2026-04-20 11:21:39 | INFO     | Processando: acp2022027ti.pdf
2026-04-20 11:21:39 | INFO     | PyMuPDF: sem imagens embutidas em acp2022022ti.pdf
2026-04-20 11:21:39 | WARNING  | Imagens — pdf2image falhou (Poppler instalado?): No module named 'pdf2image'
2026-04-20 11:21:39 | INFO     | Concluído: acp2022022ti.pdf | 1 blocos texto | 0 tabelas | 0 imgs | 0.09s
2026-04-20 11:21:39 | INFO     | Processando: acp2022028ti.pdf
2026-04-20 11:21:39 | INFO     | PyMuPDF: sem imagens embutidas em acp2022023ti.pdf
2026-04-20 11:21:39 | WARNING  | Imagens — pdf2image falhou (Poppler instalado?): No module named 'pdf2image'
2026-04-20 11:21:39 | INFO     | Concluído: acp2022023ti.pdf | 1 blocos texto | 0 tabelas | 0 imgs | 0.09s
2026-04-20 11:21:39 | INFO     | Processando: acp2022029ti.pdf
2026-04-20 11:21:39 | INFO     | PyMuPDF: sem imagens embutidas em acp2022024ti.pdf
2026-04-20 11:21:39 | WARNING  | Imagens — pdf2image falhou (Poppler instalado?): No module named 'pdf2image'
2026-04-20 11:21:39 | INFO     | Concluído: acp2022024ti.pdf | 1 blocos texto | 0 tabelas | 0 imgs | 0.09s
2026-04-20 11:21:39 | INFO     | Processando: acp2022030ti.pdf
2026-04-20 11:21:39 | INFO     | PyMuPDF: sem imagens embutidas em aavs2021001_1.pdf
2026-04-20 11:21:39 | WARNING  | Imagens — pdf2image falhou (Poppler instalado?): No module named 'pdf2image'
2026-04-20 11:21:39 | INFO     | Concluído: aavs2021001_1.pdf | 17 blocos texto | 2 tabelas | 0 imgs | 2.14s
2026-04-20 11:21:39 | INFO     | Processando: acp2022031ti.pdf
2026-04-20 11:21:39 | INFO     | PyMuPDF: sem imagens embutidas em acp2022019ti.pdf
2026-04-20 11:21:39 | WARNING  | Imagens — pdf2image falhou (Poppler instalado?): No module named 'pdf2image'
2026-04-20 11:21:39 | INFO     | Concluído: acp2022019ti.pdf | 1 blocos texto | 0 tabelas | 0 imgs | 0.16s
2026-04-20 11:21:39 | INFO     | Processando: acp2022032ti.pdf
2026-04-20 11:21:39 | INFO     | PyMuPDF: sem imagens embutidas em acp2022027ti.pdf
2026-04-20 11:21:39 | WARNING  | Imagens — pdf2image falhou (Poppler instalado?): No module named 'pdf2image'
2026-04-20 11:21:39 | INFO     | Concluído: acp2022027ti.pdf | 1 blocos texto | 0 tabelas | 0 imgs | 0.09s
2026-04-20 11:21:39 | INFO     | Processando: acp2022033ti.pdf
2026-04-20 11:21:39 | INFO     | PyMuPDF: sem imagens embutidas em acp2022026ti.pdf
2026-04-20 11:21:39 | WARNING  | Imagens — pdf2image falhou (Poppler instalado?): No module named 'pdf2image'
2026-04-20 11:21:39 | INFO     | Concluído: acp2022026ti.pdf | 1 blocos texto | 0 tabelas | 0 imgs | 0.10s
2026-04-20 11:21:39 | INFO     | Processando: acp2022034ti.pdf
2026-04-20 11:21:39 | INFO     | PyMuPDF: sem imagens embutidas em acp2022030ti.pdf
2026-04-20 11:21:39 | WARNING  | Imagens — pdf2image falhou (Poppler instalado?): No module named 'pdf2image'
2026-04-20 11:21:39 | INFO     | Concluído: acp2022030ti.pdf | 1 blocos texto | 0 tabelas | 0 imgs | 0.10s
2026-04-20 11:21:39 | INFO     | Processando: acp2022035ti.pdf
2026-04-20 11:21:39 | INFO     | PyMuPDF: sem imagens embutidas em acp2022031ti.pdf
2026-04-20 11:21:39 | WARNING  | Imagens — pdf2image falhou (Poppler instalado?): No module named 'pdf2image'
2026-04-20 11:21:39 | INFO     | Concluído: acp2022031ti.pdf | 1 blocos texto | 0 tabelas | 0 imgs | 0.10s
2026-04-20 11:21:39 | INFO     | Processando: acp2022037ti.pdf
2026-04-20 11:21:39 | INFO     | PyMuPDF: sem imagens embutidas em acp2022029ti.pdf
2026-04-20 11:21:39 | WARNING  | Imagens — pdf2image falhou (Poppler instalado?): No module named 'pdf2image'
2026-04-20 11:21:39 | INFO     | Concluído: acp2022029ti.pdf | 1 blocos texto | 0 tabelas | 0 imgs | 0.13s
2026-04-20 11:21:39 | INFO     | Processando: acp2022038ti.pdf
2026-04-20 11:21:39 | INFO     | PyMuPDF: sem imagens embutidas em acp2022028ti.pdf
2026-04-20 11:21:39 | WARNING  | Imagens — pdf2image falhou (Poppler instalado?): No module named 'pdf2image'
2026-04-20 11:21:39 | INFO     | Concluído: acp2022028ti.pdf | 2 blocos texto | 0 tabelas | 0 imgs | 0.15s
2026-04-20 11:21:39 | INFO     | Processando: acp2022039ti.pdf
2026-04-20 11:21:39 | INFO     | PyMuPDF: sem imagens embutidas em acp2022032ti.pdf
2026-04-20 11:21:39 | WARNING  | Imagens — pdf2image falhou (Poppler instalado?): No module named 'pdf2image'
2026-04-20 11:21:39 | INFO     | Concluído: acp2022032ti.pdf | 1 blocos texto | 0 tabelas | 0 imgs | 0.10s
2026-04-20 11:21:39 | INFO     | Processando: acp2022040ti.pdf
2026-04-20 11:21:39 | INFO     | PyMuPDF: sem imagens embutidas em acp2022034ti.pdf
2026-04-20 11:21:39 | WARNING  | Imagens — pdf2image falhou (Poppler instalado?): No module named 'pdf2image'
2026-04-20 11:21:39 | INFO     | Concluído: acp2022034ti.pdf | 1 blocos texto | 0 tabelas | 0 imgs | 0.10s
2026-04-20 11:21:39 | INFO     | PyMuPDF: sem imagens embutidas em acp2022033ti.pdf
2026-04-20 11:21:39 | INFO     | Processando: acp2022041ti.pdf
2026-04-20 11:21:39 | WARNING  | Imagens — pdf2image falhou (Poppler instalado?): No module named 'pdf2image'
2026-04-20 11:21:39 | INFO     | Concluído: acp2022033ti.pdf | 1 blocos texto | 0 tabelas | 0 imgs | 0.10s
2026-04-20 11:21:39 | INFO     | Processando: acp2022042ti.pdf
2026-04-20 11:21:39 | INFO     | PyMuPDF: sem imagens embutidas em acp2022035ti.pdf
2026-04-20 11:21:39 | INFO     | PyMuPDF: sem imagens embutidas em acp2022025ti.pdf
2026-04-20 11:21:39 | WARNING  | Imagens — pdf2image falhou (Poppler instalado?): No module named 'pdf2image'
2026-04-20 11:21:39 | INFO     | Concluído: acp2022035ti.pdf | 1 blocos texto | 0 tabelas | 0 imgs | 0.10s
2026-04-20 11:21:39 | WARNING  | Imagens — pdf2image falhou (Poppler instalado?): No module named 'pdf2image'
2026-04-20 11:21:39 | INFO     | Concluído: acp2022025ti.pdf | 2 blocos texto | 0 tabelas | 0 imgs | 0.23s
2026-04-20 11:21:39 | INFO     | Processando: acp2022043ti.pdf
2026-04-20 11:21:39 | INFO     | Processando: acp2022044ti.pdf
2026-04-20 11:21:39 | INFO     | PyMuPDF: sem imagens embutidas em acp2022038ti.pdf
2026-04-20 11:21:39 | WARNING  | Imagens — pdf2image falhou (Poppler instalado?): No module named 'pdf2image'
2026-04-20 11:21:39 | INFO     | Concluído: acp2022038ti.pdf | 1 blocos texto | 0 tabelas | 0 imgs | 0.09s
2026-04-20 11:21:39 | INFO     | Processando: acp2022045ti.pdf
2026-04-20 11:21:39 | INFO     | PyMuPDF: sem imagens embutidas em acp2022037ti.pdf
2026-04-20 11:21:39 | WARNING  | Imagens — pdf2image falhou (Poppler instalado?): No module named 'pdf2image'
2026-04-20 11:21:39 | INFO     | Concluído: acp2022037ti.pdf | 1 blocos texto | 0 tabelas | 0 imgs | 0.11s
2026-04-20 11:21:39 | INFO     | Processando: acp2022046ti.pdf
2026-04-20 11:21:39 | INFO     | PyMuPDF: sem imagens embutidas em acp2022040ti.pdf
2026-04-20 11:21:39 | WARNING  | Imagens — pdf2image falhou (Poppler instalado?): No module named 'pdf2image'
2026-04-20 11:21:39 | INFO     | Concluído: acp2022040ti.pdf | 1 blocos texto | 0 tabelas | 0 imgs | 0.10s
2026-04-20 11:21:39 | INFO     | Processando: acp2022047ti.pdf
2026-04-20 11:21:39 | INFO     | PyMuPDF: sem imagens embutidas em acp2022039ti.pdf
2026-04-20 11:21:39 | WARNING  | Imagens — pdf2image falhou (Poppler instalado?): No module named 'pdf2image'
2026-04-20 11:21:39 | INFO     | Concluído: acp2022039ti.pdf | 2 blocos texto | 0 tabelas | 0 imgs | 0.11s
2026-04-20 11:21:39 | INFO     | Processando: acp2022048ti.pdf
2026-04-20 11:21:39 | INFO     | PyMuPDF: sem imagens embutidas em acp2022041ti.pdf
2026-04-20 11:21:39 | WARNING  | Imagens — pdf2image falhou (Poppler instalado?): No module named 'pdf2image'
2026-04-20 11:21:39 | INFO     | Concluído: acp2022041ti.pdf | 1 blocos texto | 0 tabelas | 0 imgs | 0.09s
2026-04-20 11:21:39 | INFO     | Processando: acp2022049ti.pdf
2026-04-20 11:21:39 | INFO     | PyMuPDF: sem imagens embutidas em acp2022042ti.pdf
2026-04-20 11:21:39 | WARNING  | Imagens — pdf2image falhou (Poppler instalado?): No module named 'pdf2image'
2026-04-20 11:21:39 | INFO     | Concluído: acp2022042ti.pdf | 1 blocos texto | 0 tabelas | 0 imgs | 0.11s
2026-04-20 11:21:39 | INFO     | Processando: acp2022050ti.pdf
2026-04-20 11:21:39 | INFO     | PyMuPDF: sem imagens embutidas em acp2022044ti.pdf
2026-04-20 11:21:39 | INFO     | PyMuPDF: sem imagens embutidas em acp2022043ti.pdf
2026-04-20 11:21:39 | WARNING  | Imagens — pdf2image falhou (Poppler instalado?): No module named 'pdf2image'
2026-04-20 11:21:39 | INFO     | Concluído: acp2022044ti.pdf | 1 blocos texto | 0 tabelas | 0 imgs | 0.09s
2026-04-20 11:21:39 | WARNING  | Imagens — pdf2image falhou (Poppler instalado?): No module named 'pdf2image'
2026-04-20 11:21:39 | INFO     | Concluído: acp2022043ti.pdf | 1 blocos texto | 0 tabelas | 0 imgs | 0.09s
2026-04-20 11:21:39 | INFO     | Processando: acp2022051ti.pdf
2026-04-20 11:21:39 | INFO     | Processando: acp2022052ti.pdf
2026-04-20 11:21:39 | INFO     | PyMuPDF: sem imagens embutidas em acp2022045ti.pdf
2026-04-20 11:21:39 | WARNING  | Imagens — pdf2image falhou (Poppler instalado?): No module named 'pdf2image'
2026-04-20 11:21:39 | INFO     | Concluído: acp2022045ti.pdf | 1 blocos texto | 0 tabelas | 0 imgs | 0.10s
2026-04-20 11:21:39 | INFO     | Processando: acp2022053ti.pdf
2026-04-20 11:21:39 | INFO     | PyMuPDF: sem imagens embutidas em acp2022046ti.pdf
2026-04-20 11:21:39 | WARNING  | Imagens — pdf2image falhou (Poppler instalado?): No module named 'pdf2image'
2026-04-20 11:21:39 | INFO     | Concluído: acp2022046ti.pdf | 1 blocos texto | 0 tabelas | 0 imgs | 0.10s
2026-04-20 11:21:39 | INFO     | Processando: acp2022054ti.pdf
2026-04-20 11:21:39 | INFO     | PyMuPDF: sem imagens embutidas em acp2022048ti.pdf
2026-04-20 11:21:39 | WARNING  | Imagens — pdf2image falhou (Poppler instalado?): No module named 'pdf2image'
2026-04-20 11:21:39 | INFO     | Concluído: acp2022048ti.pdf | 1 blocos texto | 0 tabelas | 0 imgs | 0.10s
2026-04-20 11:21:39 | INFO     | Processando: acp2022055ti.pdf
2026-04-20 11:21:39 | INFO     | PyMuPDF: sem imagens embutidas em acp2022049ti.pdf
2026-04-20 11:21:39 | WARNING  | Imagens — pdf2image falhou (Poppler instalado?): No module named 'pdf2image'
2026-04-20 11:21:39 | INFO     | Concluído: acp2022049ti.pdf | 1 blocos texto | 0 tabelas | 0 imgs | 0.10s
2026-04-20 11:21:39 | INFO     | Processando: acp2022056ti.pdf
2026-04-20 11:21:39 | INFO     | PyMuPDF: sem imagens embutidas em acp2022047ti.pdf
2026-04-20 11:21:39 | WARNING  | Imagens — pdf2image falhou (Poppler instalado?): No module named 'pdf2image'
2026-04-20 11:21:39 | INFO     | Concluído: acp2022047ti.pdf | 1 blocos texto | 0 tabelas | 0 imgs | 0.13s
2026-04-20 11:21:39 | INFO     | Processando: acp2022057ti.pdf
2026-04-20 11:21:39 | INFO     | PyMuPDF: sem imagens embutidas em acp2022050ti.pdf
2026-04-20 11:21:39 | WARNING  | Imagens — pdf2image falhou (Poppler instalado?): No module named 'pdf2image'
2026-04-20 11:21:39 | INFO     | Concluído: acp2022050ti.pdf | 1 blocos texto | 0 tabelas | 0 imgs | 0.10s
2026-04-20 11:21:39 | INFO     | Processando: acp2022058ti.pdf
2026-04-20 11:21:39 | INFO     | PyMuPDF: sem imagens embutidas em acp2022051ti.pdf
2026-04-20 11:21:39 | WARNING  | Imagens — pdf2image falhou (Poppler instalado?): No module named 'pdf2image'
2026-04-20 11:21:39 | INFO     | Concluído: acp2022051ti.pdf | 1 blocos texto | 0 tabelas | 0 imgs | 0.10s
2026-04-20 11:21:39 | INFO     | Processando: acp2022059ti.pdf
2026-04-20 11:21:39 | INFO     | PyMuPDF: sem imagens embutidas em acp2022053ti.pdf
2026-04-20 11:21:39 | WARNING  | Imagens — pdf2image falhou (Poppler instalado?): No module named 'pdf2image'
2026-04-20 11:21:39 | INFO     | Concluído: acp2022053ti.pdf | 1 blocos texto | 0 tabelas | 0 imgs | 0.10s
2026-04-20 11:21:39 | INFO     | Processando: acp2022060ti.pdf
2026-04-20 11:21:39 | INFO     | PyMuPDF: sem imagens embutidas em acp2022054ti.pdf
2026-04-20 11:21:39 | WARNING  | Imagens — pdf2image falhou (Poppler instalado?): No module named 'pdf2image'
2026-04-20 11:21:39 | INFO     | Concluído: acp2022054ti.pdf | 1 blocos texto | 0 tabelas | 0 imgs | 0.08s
2026-04-20 11:21:39 | INFO     | Processando: acp2022061ti.pdf
2026-04-20 11:21:39 | INFO     | PyMuPDF: sem imagens embutidas em acp2022055ti.pdf
2026-04-20 11:21:39 | WARNING  | Imagens — pdf2image falhou (Poppler instalado?): No module named 'pdf2image'
2026-04-20 11:21:39 | INFO     | Concluído: acp2022055ti.pdf | 1 blocos texto | 0 tabelas | 0 imgs | 0.09s
2026-04-20 11:21:39 | INFO     | Processando: acp2022062ti.pdf
2026-04-20 11:21:39 | INFO     | PyMuPDF: sem imagens embutidas em acp2022057ti.pdf
2026-04-20 11:21:39 | WARNING  | Imagens — pdf2image falhou (Poppler instalado?): No module named 'pdf2image'
2026-04-20 11:21:39 | INFO     | Concluído: acp2022057ti.pdf | 1 blocos texto | 0 tabelas | 0 imgs | 0.09s
2026-04-20 11:21:39 | INFO     | PyMuPDF: sem imagens embutidas em acp2022052ti.pdf
2026-04-20 11:21:39 | INFO     | Processando: acp2022063ti.pdf
2026-04-20 11:21:39 | WARNING  | Imagens — pdf2image falhou (Poppler instalado?): No module named 'pdf2image'
2026-04-20 11:21:39 | INFO     | Concluído: acp2022052ti.pdf | 2 blocos texto | 0 tabelas | 0 imgs | 0.17s
2026-04-20 11:21:39 | INFO     | Processando: acp2022064ti.pdf
2026-04-20 11:21:40 | INFO     | PyMuPDF: sem imagens embutidas em acp2022058ti.pdf
2026-04-20 11:21:40 | WARNING  | Imagens — pdf2image falhou (Poppler instalado?): No module named 'pdf2image'
2026-04-20 11:21:40 | INFO     | Concluído: acp2022058ti.pdf | 1 blocos texto | 0 tabelas | 0 imgs | 0.10s
2026-04-20 11:21:40 | INFO     | Processando: adsp20153960_1.pdf
2026-04-20 11:21:40 | INFO     | PyMuPDF: sem imagens embutidas em acp2022059ti.pdf
2026-04-20 11:21:40 | WARNING  | Imagens — pdf2image falhou (Poppler instalado?): No module named 'pdf2image'
2026-04-20 11:21:40 | INFO     | Concluído: acp2022059ti.pdf | 1 blocos texto | 0 tabelas | 0 imgs | 0.09s
2026-04-20 11:21:40 | INFO     | Processando: adsp2016006.pdf
2026-04-20 11:21:40 | INFO     | PyMuPDF: sem imagens embutidas em acp2022056ti.pdf
2026-04-20 11:21:40 | WARNING  | Imagens — pdf2image falhou (Poppler instalado?): No module named 'pdf2image'
2026-04-20 11:21:40 | INFO     | Concluído: acp2022056ti.pdf | 2 blocos texto | 0 tabelas | 0 imgs | 0.14s
2026-04-20 11:21:40 | INFO     | Processando: adsp2016054.pdf
2026-04-20 11:21:40 | INFO     | PyMuPDF: sem imagens embutidas em acp2022060ti.pdf
2026-04-20 11:21:40 | WARNING  | Imagens — pdf2image falhou (Poppler instalado?): No module named 'pdf2image'
2026-04-20 11:21:40 | INFO     | Concluído: acp2022060ti.pdf | 2 blocos texto | 0 tabelas | 0 imgs | 0.15s
2026-04-20 11:21:40 | INFO     | Processando: adsp2016086_2.pdf
2026-04-20 11:21:40 | INFO     | PyMuPDF: sem imagens embutidas em acp2022061ti.pdf
2026-04-20 11:21:40 | WARNING  | Imagens — pdf2image falhou (Poppler instalado?): No module named 'pdf2image'
2026-04-20 11:21:40 | INFO     | Concluído: acp2022061ti.pdf | 2 blocos texto | 0 tabelas | 0 imgs | 0.16s
2026-04-20 11:21:40 | INFO     | Processando: adsp20161052.pdf
2026-04-20 11:21:40 | INFO     | PyMuPDF: sem imagens embutidas em acp2022063ti.pdf
2026-04-20 11:21:40 | WARNING  | Imagens — pdf2image falhou (Poppler instalado?): No module named 'pdf2image'
2026-04-20 11:21:40 | INFO     | Concluído: acp2022063ti.pdf | 1 blocos texto | 0 tabelas | 0 imgs | 0.11s
2026-04-20 11:21:40 | INFO     | PyMuPDF: sem imagens embutidas em acp2022062ti.pdf
2026-04-20 11:21:40 | WARNING  | Imagens — pdf2image falhou (Poppler instalado?): No module named 'pdf2image'
2026-04-20 11:21:40 | INFO     | Concluído: acp2022062ti.pdf | 2 blocos texto | 0 tabelas | 0 imgs | 0.14s
2026-04-20 11:21:40 | INFO     | Processando: adsp20161053.pdf
2026-04-20 11:21:40 | INFO     | Processando: adsp20161072_1.pdf
2026-04-20 11:21:40 | INFO     | PyMuPDF: sem imagens embutidas em acp2022064ti.pdf
2026-04-20 11:21:40 | WARNING  | Imagens — pdf2image falhou (Poppler instalado?): No module named 'pdf2image'
2026-04-20 11:21:40 | INFO     | Concluído: acp2022064ti.pdf | 3 blocos texto | 0 tabelas | 0 imgs | 0.18s
2026-04-20 11:21:40 | INFO     | Processando: adsp20161073_1.pdf
2026-04-20 11:21:40 | INFO     | PyMuPDF: sem imagens embutidas em adsp2016054.pdf
2026-04-20 11:21:40 | WARNING  | Imagens — pdf2image falhou (Poppler instalado?): No module named 'pdf2image'
2026-04-20 11:21:40 | INFO     | Concluído: adsp2016054.pdf | 2 blocos texto | 0 tabelas | 0 imgs | 0.15s
2026-04-20 11:21:40 | INFO     | Processando: adsp20161074_1.pdf
2026-04-20 11:21:40 | INFO     | PyMuPDF: sem imagens embutidas em adsp2016006.pdf
2026-04-20 11:21:40 | WARNING  | Imagens — pdf2image falhou (Poppler instalado?): No module named 'pdf2image'
2026-04-20 11:21:40 | INFO     | Concluído: adsp2016006.pdf | 2 blocos texto | 0 tabelas | 0 imgs | 0.18s
2026-04-20 11:21:40 | INFO     | Processando: adsp20161075_1.pdf
2026-04-20 11:21:40 | INFO     | PyMuPDF: sem imagens embutidas em adsp20161052.pdf
2026-04-20 11:21:40 | WARNING  | Imagens — pdf2image falhou (Poppler instalado?): No module named 'pdf2image'
2026-04-20 11:21:40 | INFO     | Concluído: adsp20161052.pdf | 3 blocos texto | 0 tabelas | 0 imgs | 0.19s
2026-04-20 11:21:40 | INFO     | PyMuPDF: sem imagens embutidas em adsp20161053.pdf
2026-04-20 11:21:40 | INFO     | Processando: adsp20161076_1.pdf
2026-04-20 11:21:40 | WARNING  | Imagens — pdf2image falhou (Poppler instalado?): No module named 'pdf2image'
2026-04-20 11:21:40 | INFO     | Concluído: adsp20161053.pdf | 3 blocos texto | 0 tabelas | 0 imgs | 0.19s
2026-04-20 11:21:40 | INFO     | Processando: adsp20161077_1.pdf
2026-04-20 11:21:40 | INFO     | PyMuPDF: sem imagens embutidas em adsp20153960_1.pdf
2026-04-20 11:21:40 | WARNING  | Imagens — pdf2image falhou (Poppler instalado?): No module named 'pdf2image'
2026-04-20 11:21:40 | INFO     | Concluído: adsp20153960_1.pdf | 4 blocos texto | 0 tabelas | 0 imgs | 0.41s
2026-04-20 11:21:40 | INFO     | Processando: adsp20161078_1.pdf
2026-04-20 11:21:40 | INFO     | PyMuPDF: sem imagens embutidas em adsp20161077_1.pdf
2026-04-20 11:21:40 | WARNING  | Imagens — pdf2image falhou (Poppler instalado?): No module named 'pdf2image'
2026-04-20 11:21:40 | INFO     | Concluído: adsp20161077_1.pdf | 2 blocos texto | 0 tabelas | 0 imgs | 0.26s
2026-04-20 11:21:40 | INFO     | Processando: adsp20161079_1.pdf
2026-04-20 11:21:40 | INFO     | PyMuPDF: sem imagens embutidas em adsp20161073_1.pdf
2026-04-20 11:21:40 | WARNING  | Imagens — pdf2image falhou (Poppler instalado?): No module named 'pdf2image'
2026-04-20 11:21:40 | INFO     | Concluído: adsp20161073_1.pdf | 4 blocos texto | 2 tabelas | 0 imgs | 0.40s
2026-04-20 11:21:40 | INFO     | Processando: adsp20161080_1.pdf
2026-04-20 11:21:40 | INFO     | PyMuPDF: sem imagens embutidas em adsp20161074_1.pdf
2026-04-20 11:21:40 | WARNING  | Imagens — pdf2image falhou (Poppler instalado?): No module named 'pdf2image'
2026-04-20 11:21:40 | INFO     | Concluído: adsp20161074_1.pdf | 4 blocos texto | 0 tabelas | 0 imgs | 0.49s
2026-04-20 11:21:40 | INFO     | Processando: adsp20161081_1.pdf
2026-04-20 11:21:40 | INFO     | PyMuPDF: sem imagens embutidas em adsp20161075_1.pdf
2026-04-20 11:21:40 | WARNING  | Imagens — pdf2image falhou (Poppler instalado?): No module named 'pdf2image'
2026-04-20 11:21:40 | INFO     | Concluído: adsp20161075_1.pdf | 5 blocos texto | 3 tabelas | 0 imgs | 0.48s
2026-04-20 11:21:40 | INFO     | Processando: adsp20161084_1.pdf
2026-04-20 11:21:40 | INFO     | PyMuPDF: sem imagens embutidas em adsp20161079_1.pdf
2026-04-20 11:21:40 | WARNING  | Imagens — pdf2image falhou (Poppler instalado?): No module named 'pdf2image'
2026-04-20 11:21:40 | INFO     | Concluído: adsp20161079_1.pdf | 3 blocos texto | 0 tabelas | 0 imgs | 0.15s
2026-04-20 11:21:40 | INFO     | Processando: adsp20161085_1.pdf
2026-04-20 11:21:40 | INFO     | PyMuPDF: sem imagens embutidas em adsp20161078_1.pdf
2026-04-20 11:21:40 | INFO     | PyMuPDF: sem imagens embutidas em adsp20161076_1.pdf
2026-04-20 11:21:40 | WARNING  | Imagens — pdf2image falhou (Poppler instalado?): No module named 'pdf2image'
2026-04-20 11:21:40 | INFO     | Concluído: adsp20161078_1.pdf | 5 blocos texto | 0 tabelas | 0 imgs | 0.32s
2026-04-20 11:21:40 | WARNING  | Imagens — pdf2image falhou (Poppler instalado?): No module named 'pdf2image'
2026-04-20 11:21:40 | INFO     | Concluído: adsp20161076_1.pdf | 4 blocos texto | 0 tabelas | 0 imgs | 0.44s
2026-04-20 11:21:40 | INFO     | Processando: adsp20161089_1.pdf
2026-04-20 11:21:40 | INFO     | Processando: adsp20161090_1.pdf
2026-04-20 11:21:40 | INFO     | PyMuPDF: sem imagens embutidas em adsp20161081_1.pdf
2026-04-20 11:21:40 | WARNING  | Imagens — pdf2image falhou (Poppler instalado?): No module named 'pdf2image'
2026-04-20 11:21:40 | INFO     | Concluído: adsp20161081_1.pdf | 4 blocos texto | 0 tabelas | 0 imgs | 0.24s
2026-04-20 11:21:40 | INFO     | Processando: adsp20161093_1.pdf
2026-04-20 11:21:40 | INFO     | Concluído: adsp20161072_1.pdf | 6 blocos texto | 2 tabelas | 1 imgs | 0.85s
2026-04-20 11:21:40 | INFO     | PyMuPDF: sem imagens embutidas em adsp20161080_1.pdf
2026-04-20 11:21:40 | INFO     | Processando: adsp20161094_1.pdf
2026-04-20 11:21:40 | WARNING  | Imagens — pdf2image falhou (Poppler instalado?): No module named 'pdf2image'
2026-04-20 11:21:40 | INFO     | Concluído: adsp20161080_1.pdf | 5 blocos texto | 0 tabelas | 0 imgs | 0.39s
2026-04-20 11:21:40 | INFO     | Processando: adsp20161095_1.pdf
2026-04-20 11:21:40 | INFO     | PyMuPDF: sem imagens embutidas em adsp20161085_1.pdf
2026-04-20 11:21:40 | WARNING  | Imagens — pdf2image falhou (Poppler instalado?): No module named 'pdf2image'
2026-04-20 11:21:40 | INFO     | Concluído: adsp20161085_1.pdf | 3 blocos texto | 0 tabelas | 0 imgs | 0.26s
2026-04-20 11:21:40 | INFO     | Processando: adsp20161096_1.pdf
2026-04-20 11:21:41 | INFO     | PyMuPDF: sem imagens embutidas em adsp20161089_1.pdf
2026-04-20 11:21:41 | WARNING  | Imagens — pdf2image falhou (Poppler instalado?): No module named 'pdf2image'
2026-04-20 11:21:41 | INFO     | Concluído: adsp20161089_1.pdf | 4 blocos texto | 5 tabelas | 0 imgs | 0.39s
2026-04-20 11:21:41 | INFO     | Processando: adsp20161096_3.pdf
2026-04-20 11:21:41 | INFO     | PyMuPDF: sem imagens embutidas em adsp20161094_1.pdf
2026-04-20 11:21:41 | WARNING  | Imagens — pdf2image falhou (Poppler instalado?): No module named 'pdf2image'
2026-04-20 11:21:41 | INFO     | Concluído: adsp20161094_1.pdf | 4 blocos texto | 0 tabelas | 0 imgs | 0.22s
2026-04-20 11:21:41 | INFO     | Processando: adsp20161099_1.pdf
2026-04-20 11:21:41 | INFO     | PyMuPDF: sem imagens embutidas em adsp20161096_1.pdf
2026-04-20 11:21:41 | WARNING  | Imagens — pdf2image falhou (Poppler instalado?): No module named 'pdf2image'
2026-04-20 11:21:41 | INFO     | Concluído: adsp20161096_1.pdf | 9 blocos texto | 0 tabelas | 0 imgs | 0.37s
2026-04-20 11:21:41 | INFO     | Processando: adsp20161100_1.pdf
2026-04-20 11:21:41 | INFO     | PyMuPDF: sem imagens embutidas em adsp20161084_1.pdf
2026-04-20 11:21:41 | WARNING  | Imagens — pdf2image falhou (Poppler instalado?): No module named 'pdf2image'
2026-04-20 11:21:41 | INFO     | Concluído: adsp20161084_1.pdf | 6 blocos texto | 15 tabelas | 0 imgs | 0.75s
2026-04-20 11:21:41 | INFO     | Processando: adsp20161115.pdf
2026-04-20 11:21:41 | INFO     | PyMuPDF: sem imagens embutidas em adsp20161095_1.pdf
2026-04-20 11:21:41 | WARNING  | Imagens — pdf2image falhou (Poppler instalado?): No module named 'pdf2image'
2026-04-20 11:21:41 | INFO     | Concluído: adsp20161095_1.pdf | 5 blocos texto | 1 tabelas | 0 imgs | 0.59s
2026-04-20 11:21:41 | INFO     | Processando: adsp20161116.pdf
2026-04-20 11:21:41 | INFO     | PyMuPDF: sem imagens embutidas em adsp20161090_1.pdf
2026-04-20 11:21:41 | WARNING  | Imagens — pdf2image falhou (Poppler instalado?): No module named 'pdf2image'
2026-04-20 11:21:41 | INFO     | Concluído: adsp20161090_1.pdf | 9 blocos texto | 3 tabelas | 0 imgs | 0.88s
2026-04-20 11:21:41 | INFO     | Processando: adsp20161118.pdf
2026-04-20 11:21:41 | INFO     | PyMuPDF: sem imagens embutidas em adsp20161099_1.pdf
2026-04-20 11:21:41 | WARNING  | Imagens — pdf2image falhou (Poppler instalado?): No module named 'pdf2image'
2026-04-20 11:21:41 | INFO     | Concluído: adsp20161099_1.pdf | 4 blocos texto | 1 tabelas | 0 imgs | 0.46s
2026-04-20 11:21:41 | INFO     | Processando: adsp20161161.pdf
2026-04-20 11:21:41 | INFO     | PyMuPDF: sem imagens embutidas em adsp20161115.pdf
2026-04-20 11:21:41 | WARNING  | Imagens — pdf2image falhou (Poppler instalado?): No module named 'pdf2image'
2026-04-20 11:21:41 | INFO     | Concluído: adsp20161115.pdf | 3 blocos texto | 0 tabelas | 0 imgs | 0.29s
2026-04-20 11:21:41 | INFO     | Processando: adsp20161165_1.pdf
2026-04-20 11:21:41 | INFO     | PyMuPDF: sem imagens embutidas em adsp20161118.pdf
2026-04-20 11:21:41 | INFO     | PyMuPDF: sem imagens embutidas em adsp20161161.pdf
2026-04-20 11:21:41 | WARNING  | Imagens — pdf2image falhou (Poppler instalado?): No module named 'pdf2image'
2026-04-20 11:21:41 | WARNING  | Imagens — pdf2image falhou (Poppler instalado?): No module named 'pdf2image'
2026-04-20 11:21:41 | INFO     | Concluído: adsp20161161.pdf | 2 blocos texto | 0 tabelas | 0 imgs | 0.12s
2026-04-20 11:21:41 | INFO     | Concluído: adsp20161118.pdf | 2 blocos texto | 0 tabelas | 0 imgs | 0.14s
2026-04-20 11:21:41 | INFO     | PyMuPDF: sem imagens embutidas em adsp20161116.pdf
2026-04-20 11:21:41 | WARNING  | Imagens — pdf2image falhou (Poppler instalado?): No module named 'pdf2image'
2026-04-20 11:21:41 | INFO     | Processando: adsp20161166_1.pdf
2026-04-20 11:21:41 | INFO     | Concluído: adsp20161116.pdf | 3 blocos texto | 0 tabelas | 0 imgs | 0.22s
2026-04-20 11:21:41 | INFO     | Processando: adsp20161168_1.pdf
2026-04-20 11:21:41 | INFO     | Processando: adsp20161169_1.pdf
2026-04-20 11:21:41 | INFO     | PyMuPDF: sem imagens embutidas em adsp20161100_1.pdf
2026-04-20 11:21:41 | WARNING  | Imagens — pdf2image falhou (Poppler instalado?): No module named 'pdf2image'
2026-04-20 11:21:41 | INFO     | Concluído: adsp20161100_1.pdf | 6 blocos texto | 0 tabelas | 0 imgs | 0.45s
2026-04-20 11:21:41 | INFO     | Processando: adsp2016116_1.pdf
2026-04-20 11:21:41 | INFO     | PyMuPDF: sem imagens embutidas em adsp20161093_1.pdf
2026-04-20 11:21:41 | WARNING  | Imagens — pdf2image falhou (Poppler instalado?): No module named 'pdf2image'
2026-04-20 11:21:41 | INFO     | Concluído: adsp20161093_1.pdf | 7 blocos texto | 3 tabelas | 0 imgs | 0.95s
2026-04-20 11:21:41 | INFO     | Processando: adsp20161171_1.pdf
2026-04-20 11:21:42 | INFO     | PyMuPDF: sem imagens embutidas em adsp20161166_1.pdf
2026-04-20 11:21:42 | WARNING  | Imagens — pdf2image falhou (Poppler instalado?): No module named 'pdf2image'
2026-04-20 11:21:42 | INFO     | Concluído: adsp20161166_1.pdf | 3 blocos texto | 0 tabelas | 0 imgs | 0.23s
2026-04-20 11:21:42 | INFO     | Processando: adsp20161173_1.pdf
2026-04-20 11:21:42 | INFO     | PyMuPDF: sem imagens embutidas em adsp20161169_1.pdf
2026-04-20 11:21:42 | WARNING  | Imagens — pdf2image falhou (Poppler instalado?): No module named 'pdf2image'
2026-04-20 11:21:42 | INFO     | Concluído: adsp20161169_1.pdf | 3 blocos texto | 0 tabelas | 0 imgs | 0.28s
2026-04-20 11:21:42 | INFO     | Processando: adsp20161176_1.pdf
2026-04-20 11:21:42 | INFO     | PyMuPDF: sem imagens embutidas em adsp20161165_1.pdf
2026-04-20 11:21:42 | WARNING  | Imagens — pdf2image falhou (Poppler instalado?): No module named 'pdf2image'
2026-04-20 11:21:42 | INFO     | Concluído: adsp20161165_1.pdf | 4 blocos texto | 0 tabelas | 0 imgs | 0.48s
2026-04-20 11:21:42 | INFO     | PyMuPDF: sem imagens embutidas em adsp20161171_1.pdf
2026-04-20 11:21:42 | WARNING  | Imagens — pdf2image falhou (Poppler instalado?): No module named 'pdf2image'
2026-04-20 11:21:42 | INFO     | Concluído: adsp20161171_1.pdf | 5 blocos texto | 0 tabelas | 0 imgs | 0.35s
2026-04-20 11:21:42 | INFO     | Processando: adsp20161178_1.pdf
2026-04-20 11:21:42 | INFO     | Processando: adsp20161179_1.pdf
2026-04-20 11:21:42 | INFO     | PyMuPDF: sem imagens embutidas em adsp20161176_1.pdf
2026-04-20 11:21:42 | WARNING  | Imagens — pdf2image falhou (Poppler instalado?): No module named 'pdf2image'
2026-04-20 11:21:42 | INFO     | Concluído: adsp20161176_1.pdf | 2 blocos texto | 0 tabelas | 0 imgs | 0.19s
2026-04-20 11:21:42 | INFO     | Processando: adsp2016117_1.pdf
2026-04-20 11:21:42 | INFO     | PyMuPDF: sem imagens embutidas em adsp20161173_1.pdf
2026-04-20 11:21:42 | WARNING  | Imagens — pdf2image falhou (Poppler instalado?): No module named 'pdf2image'
2026-04-20 11:21:42 | INFO     | Concluído: adsp20161173_1.pdf | 3 blocos texto | 0 tabelas | 0 imgs | 0.25s
2026-04-20 11:21:42 | INFO     | Processando: adsp20161180_1.pdf
2026-04-20 11:21:42 | INFO     | PyMuPDF: sem imagens embutidas em adsp20161178_1.pdf
2026-04-20 11:21:42 | WARNING  | Imagens — pdf2image falhou (Poppler instalado?): No module named 'pdf2image'
2026-04-20 11:21:42 | INFO     | Concluído: adsp20161178_1.pdf | 2 blocos texto | 0 tabelas | 0 imgs | 0.14s
2026-04-20 11:21:42 | INFO     | Processando: adsp20161181_1.pdf
2026-04-20 11:21:42 | INFO     | PyMuPDF: sem imagens embutidas em adsp2016116_1.pdf
2026-04-20 11:21:42 | WARNING  | Imagens — pdf2image falhou (Poppler instalado?): No module named 'pdf2image'
2026-04-20 11:21:42 | INFO     | Concluído: adsp2016116_1.pdf | 8 blocos texto | 1 tabelas | 0 imgs | 0.58s
2026-04-20 11:21:42 | INFO     | Processando: adsp20161183_1.pdf
2026-04-20 11:21:42 | INFO     | PyMuPDF: sem imagens embutidas em adsp2016117_1.pdf
2026-04-20 11:21:42 | WARNING  | Imagens — pdf2image falhou (Poppler instalado?): No module named 'pdf2image'
2026-04-20 11:21:42 | INFO     | Concluído: adsp2016117_1.pdf | 4 blocos texto | 0 tabelas | 0 imgs | 0.16s
2026-04-20 11:21:42 | INFO     | Processando: adsp2016118_1.pdf
2026-04-20 11:21:42 | INFO     | PyMuPDF: sem imagens embutidas em adsp20161168_1.pdf
2026-04-20 11:21:42 | WARNING  | Imagens — pdf2image falhou (Poppler instalado?): No module named 'pdf2image'
2026-04-20 11:21:42 | INFO     | Concluído: adsp20161168_1.pdf | 9 blocos texto | 1 tabelas | 0 imgs | 0.83s
2026-04-20 11:21:42 | INFO     | Processando: adsp20161197_1.pdf
2026-04-20 11:21:42 | INFO     | Concluído: adsp20161096_3.pdf | 12 blocos texto | 0 tabelas | 1 imgs | 1.48s
2026-04-20 11:21:42 | INFO     | Processando: adsp20161198_1.pdf
2026-04-20 11:21:42 | INFO     | PyMuPDF: sem imagens embutidas em adsp20161180_1.pdf
2026-04-20 11:21:42 | WARNING  | Imagens — pdf2image falhou (Poppler instalado?): No module named 'pdf2image'
2026-04-20 11:21:42 | INFO     | Concluído: adsp20161180_1.pdf | 3 blocos texto | 0 tabelas | 0 imgs | 0.39s
2026-04-20 11:21:42 | INFO     | Processando: adsp20161199_1.pdf
2026-04-20 11:21:42 | INFO     | PyMuPDF: sem imagens embutidas em adsp20161179_1.pdf
2026-04-20 11:21:42 | WARNING  | Imagens — pdf2image falhou (Poppler instalado?): No module named 'pdf2image'
2026-04-20 11:21:42 | INFO     | Concluído: adsp20161179_1.pdf | 3 blocos texto | 0 tabelas | 0 imgs | 0.43s
2026-04-20 11:21:42 | INFO     | Processando: adsp2016119_1.pdf
2026-04-20 11:21:42 | INFO     | PyMuPDF: sem imagens embutidas em adsp20161181_1.pdf
2026-04-20 11:21:42 | WARNING  | Imagens — pdf2image falhou (Poppler instalado?): No module named 'pdf2image'
2026-04-20 11:21:42 | INFO     | Concluído: adsp20161181_1.pdf | 5 blocos texto | 0 tabelas | 0 imgs | 0.42s
2026-04-20 11:21:42 | INFO     | Processando: adsp20161207.pdf
2026-04-20 11:21:42 | INFO     | PyMuPDF: sem imagens embutidas em adsp20161183_1.pdf
2026-04-20 11:21:42 | WARNING  | Imagens — pdf2image falhou (Poppler instalado?): No module named 'pdf2image'
2026-04-20 11:21:42 | INFO     | Concluído: adsp20161183_1.pdf | 3 blocos texto | 1 tabelas | 0 imgs | 0.41s
2026-04-20 11:21:42 | INFO     | Processando: adsp20161209.pdf
2026-04-20 11:21:42 | INFO     | PyMuPDF: sem imagens embutidas em adsp2016118_1.pdf
2026-04-20 11:21:42 | WARNING  | Imagens — pdf2image falhou (Poppler instalado?): No module named 'pdf2image'
2026-04-20 11:21:42 | INFO     | Concluído: adsp2016118_1.pdf | 3 blocos texto | 0 tabelas | 0 imgs | 0.42s
2026-04-20 11:21:42 | INFO     | Processando: adsp2016120_1.pdf
2026-04-20 11:21:42 | INFO     | PyMuPDF: sem imagens embutidas em adsp20161207.pdf
2026-04-20 11:21:42 | WARNING  | Imagens — pdf2image falhou (Poppler instalado?): No module named 'pdf2image'
2026-04-20 11:21:42 | INFO     | Concluído: adsp20161207.pdf | 2 blocos texto | 0 tabelas | 0 imgs | 0.12s
2026-04-20 11:21:42 | INFO     | Processando: adsp20161210_1.pdf
2026-04-20 11:21:43 | INFO     | PyMuPDF: sem imagens embutidas em adsp20161209.pdf
2026-04-20 11:21:43 | WARNING  | Imagens — pdf2image falhou (Poppler instalado?): No module named 'pdf2image'
2026-04-20 11:21:43 | INFO     | Concluído: adsp20161209.pdf | 2 blocos texto | 0 tabelas | 0 imgs | 0.23s
2026-04-20 11:21:43 | INFO     | Processando: adsp20161211.pdf
2026-04-20 11:21:43 | INFO     | PyMuPDF: sem imagens embutidas em adsp2016119_1.pdf
2026-04-20 11:21:43 | WARNING  | Imagens — pdf2image falhou (Poppler instalado?): No module named 'pdf2image'
2026-04-20 11:21:43 | INFO     | Concluído: adsp2016119_1.pdf | 7 blocos texto | 2 tabelas | 0 imgs | 0.43s
2026-04-20 11:21:43 | INFO     | Processando: adsp20161212_1.pdf
2026-04-20 11:21:43 | INFO     | PyMuPDF: sem imagens embutidas em adsp20161210_1.pdf
2026-04-20 11:21:43 | WARNING  | Imagens — pdf2image falhou (Poppler instalado?): No module named 'pdf2image'
2026-04-20 11:21:43 | INFO     | Concluído: adsp20161210_1.pdf | 3 blocos texto | 0 tabelas | 0 imgs | 0.21s
2026-04-20 11:21:43 | INFO     | Processando: adsp20161213.pdf
2026-04-20 11:21:43 | INFO     | PyMuPDF: sem imagens embutidas em adsp20161197_1.pdf
2026-04-20 11:21:43 | WARNING  | Imagens — pdf2image falhou (Poppler instalado?): No module named 'pdf2image'
2026-04-20 11:21:43 | INFO     | Concluído: adsp20161197_1.pdf | 9 blocos texto | 3 tabelas | 0 imgs | 0.57s
2026-04-20 11:21:43 | INFO     | Processando: adsp20161214_1.pdf
2026-04-20 11:21:43 | INFO     | PyMuPDF: sem imagens embutidas em adsp20161211.pdf
2026-04-20 11:21:43 | WARNING  | Imagens — pdf2image falhou (Poppler instalado?): No module named 'pdf2image'
2026-04-20 11:21:43 | INFO     | Concluído: adsp20161211.pdf | 2 blocos texto | 0 tabelas | 0 imgs | 0.17s
2026-04-20 11:21:43 | INFO     | Processando: adsp20161219_1.pdf
2026-04-20 11:21:43 | INFO     | PyMuPDF: sem imagens embutidas em adsp2016120_1.pdf
2026-04-20 11:21:43 | WARNING  | Imagens — pdf2image falhou (Poppler instalado?): No module named 'pdf2image'
2026-04-20 11:21:43 | INFO     | Concluído: adsp2016120_1.pdf | 6 blocos texto | 1 tabelas | 0 imgs | 0.44s
2026-04-20 11:21:43 | INFO     | Processando: adsp2016121_1.pdf
2026-04-20 11:21:43 | INFO     | PyMuPDF: sem imagens embutidas em adsp20161198_1.pdf
2026-04-20 11:21:43 | WARNING  | Imagens — pdf2image falhou (Poppler instalado?): No module named 'pdf2image'
2026-04-20 11:21:43 | INFO     | Concluído: adsp20161198_1.pdf | 7 blocos texto | 0 tabelas | 0 imgs | 0.69s
2026-04-20 11:21:43 | INFO     | Processando: adsp20161221_1.pdf
2026-04-20 11:21:43 | INFO     | PyMuPDF: sem imagens embutidas em adsp20161213.pdf
2026-04-20 11:21:43 | WARNING  | Imagens — pdf2image falhou (Poppler instalado?): No module named 'pdf2image'
2026-04-20 11:21:43 | INFO     | Concluído: adsp20161213.pdf | 2 blocos texto | 0 tabelas | 0 imgs | 0.35s
2026-04-20 11:21:43 | INFO     | Processando: adsp2016122_1.pdf
2026-04-20 11:21:43 | INFO     | PyMuPDF: sem imagens embutidas em adsp20161199_1.pdf
2026-04-20 11:21:43 | WARNING  | Imagens — pdf2image falhou (Poppler instalado?): No module named 'pdf2image'
2026-04-20 11:21:43 | INFO     | Concluído: adsp20161199_1.pdf | 12 blocos texto | 2 tabelas | 0 imgs | 1.02s
2026-04-20 11:21:43 | INFO     | Processando: adsp2016123_1.pdf
2026-04-20 11:21:43 | INFO     | PyMuPDF: sem imagens embutidas em adsp2016122_1.pdf
2026-04-20 11:21:43 | WARNING  | Imagens — pdf2image falhou (Poppler instalado?): No module named 'pdf2image'
2026-04-20 11:21:43 | INFO     | Concluído: adsp2016122_1.pdf | 4 blocos texto | 1 tabelas | 0 imgs | 0.33s
2026-04-20 11:21:43 | INFO     | Processando: adsp2016124_1.pdf
2026-04-20 11:21:43 | INFO     | PyMuPDF: sem imagens embutidas em adsp20161219_1.pdf
2026-04-20 11:21:43 | WARNING  | Imagens — pdf2image falhou (Poppler instalado?): No module named 'pdf2image'
2026-04-20 11:21:43 | INFO     | Concluído: adsp20161219_1.pdf | 6 blocos texto | 2 tabelas | 0 imgs | 0.64s
2026-04-20 11:21:43 | INFO     | Processando: adsp2016125_1.pdf
2026-04-20 11:21:43 | INFO     | PyMuPDF: sem imagens embutidas em adsp20161221_1.pdf
2026-04-20 11:21:43 | WARNING  | Imagens — pdf2image falhou (Poppler instalado?): No module named 'pdf2image'
2026-04-20 11:21:43 | INFO     | Concluído: adsp20161221_1.pdf | 5 blocos texto | 0 tabelas | 0 imgs | 0.59s
2026-04-20 11:21:43 | INFO     | Processando: adsp2016126_1.pdf
2026-04-20 11:21:44 | INFO     | PyMuPDF: sem imagens embutidas em adsp20161214_1.pdf
2026-04-20 11:21:44 | WARNING  | Imagens — pdf2image falhou (Poppler instalado?): No module named 'pdf2image'
2026-04-20 11:21:44 | INFO     | Concluído: adsp20161214_1.pdf | 6 blocos texto | 0 tabelas | 0 imgs | 0.86s
2026-04-20 11:21:44 | INFO     | Processando: adsp20161274_1.pdf
2026-04-20 11:21:44 | INFO     | PyMuPDF: sem imagens embutidas em adsp2016121_1.pdf
2026-04-20 11:21:44 | WARNING  | Imagens — pdf2image falhou (Poppler instalado?): No module named 'pdf2image'
2026-04-20 11:21:44 | INFO     | Concluído: adsp2016121_1.pdf | 5 blocos texto | 3 tabelas | 0 imgs | 0.80s
2026-04-20 11:21:44 | INFO     | Processando: adsp20161275_1.pdf
2026-04-20 11:21:44 | INFO     | Concluído: adsp20161212_1.pdf | 8 blocos texto | 0 tabelas | 9 imgs | 1.02s
2026-04-20 11:21:44 | INFO     | Processando: adsp20161276_1.pdf
2026-04-20 11:21:44 | INFO     | PyMuPDF: sem imagens embutidas em adsp2016125_1.pdf
2026-04-20 11:21:44 | WARNING  | Imagens — pdf2image falhou (Poppler instalado?): No module named 'pdf2image'
2026-04-20 11:21:44 | INFO     | Concluído: adsp2016125_1.pdf | 3 blocos texto | 0 tabelas | 0 imgs | 0.35s
2026-04-20 11:21:44 | INFO     | Processando: adsp20161277_1.pdf
2026-04-20 11:21:44 | INFO     | PyMuPDF: sem imagens embutidas em adsp2016123_1.pdf
2026-04-20 11:21:44 | WARNING  | Imagens — pdf2image falhou (Poppler instalado?): No module named 'pdf2image'
2026-04-20 11:21:44 | INFO     | Concluído: adsp2016123_1.pdf | 5 blocos texto | 1 tabelas | 0 imgs | 0.54s
2026-04-20 11:21:44 | INFO     | Processando: adsp20161278_1.pdf
2026-04-20 11:21:44 | INFO     | PyMuPDF: sem imagens embutidas em adsp2016126_1.pdf
2026-04-20 11:21:44 | WARNING  | Imagens — pdf2image falhou (Poppler instalado?): No module named 'pdf2image'
2026-04-20 11:21:44 | INFO     | Concluído: adsp2016126_1.pdf | 5 blocos texto | 0 tabelas | 0 imgs | 0.37s
2026-04-20 11:21:44 | INFO     | Processando: adsp20161279_1.pdf
2026-04-20 11:21:44 | INFO     | PyMuPDF: sem imagens embutidas em adsp20161274_1.pdf
2026-04-20 11:21:44 | WARNING  | Imagens — pdf2image falhou (Poppler instalado?): No module named 'pdf2image'
2026-04-20 11:21:44 | INFO     | Concluído: adsp20161274_1.pdf | 4 blocos texto | 0 tabelas | 0 imgs | 0.30s
2026-04-20 11:21:44 | INFO     | Processando: adsp2016127_1.pdf
2026-04-20 11:21:44 | INFO     | PyMuPDF: sem imagens embutidas em adsp20161278_1.pdf
2026-04-20 11:21:44 | WARNING  | Imagens — pdf2image falhou (Poppler instalado?): No module named 'pdf2image'
2026-04-20 11:21:44 | INFO     | Concluído: adsp20161278_1.pdf | 4 blocos texto | 0 tabelas | 0 imgs | 0.25s
2026-04-20 11:21:44 | INFO     | Processando: adsp20161280_1.pdf
2026-04-20 11:21:44 | INFO     | PyMuPDF: sem imagens embutidas em adsp20161277_1.pdf
2026-04-20 11:21:44 | WARNING  | Imagens — pdf2image falhou (Poppler instalado?): No module named 'pdf2image'
2026-04-20 11:21:44 | INFO     | Concluído: adsp20161277_1.pdf | 5 blocos texto | 0 tabelas | 0 imgs | 0.29s
2026-04-20 11:21:44 | INFO     | Processando: adsp20161281_1.pdf
2026-04-20 11:21:44 | INFO     | PyMuPDF: sem imagens embutidas em adsp2016124_1.pdf
2026-04-20 11:21:44 | WARNING  | Imagens — pdf2image falhou (Poppler instalado?): No module named 'pdf2image'
2026-04-20 11:21:44 | INFO     | Concluído: adsp2016124_1.pdf | 7 blocos texto | 4 tabelas | 0 imgs | 0.75s
2026-04-20 11:21:44 | INFO     | Processando: adsp20161284.pdf
2026-04-20 11:21:44 | INFO     | PyMuPDF: sem imagens embutidas em adsp20161276_1.pdf
2026-04-20 11:21:44 | WARNING  | Imagens — pdf2image falhou (Poppler instalado?): No module named 'pdf2image'
2026-04-20 11:21:44 | INFO     | Concluído: adsp20161276_1.pdf | 7 blocos texto | 0 tabelas | 0 imgs | 0.47s
2026-04-20 11:21:44 | INFO     | Processando: adsp20161287_1.pdf
2026-04-20 11:21:44 | INFO     | PyMuPDF: sem imagens embutidas em adsp20161279_1.pdf
2026-04-20 11:21:44 | WARNING  | Imagens — pdf2image falhou (Poppler instalado?): No module named 'pdf2image'
2026-04-20 11:21:44 | INFO     | Concluído: adsp20161279_1.pdf | 4 blocos texto | 0 tabelas | 0 imgs | 0.38s
2026-04-20 11:21:44 | INFO     | Processando: adsp20161288_1.pdf
2026-04-20 11:21:44 | INFO     | PyMuPDF: sem imagens embutidas em adsp20161284.pdf
2026-04-20 11:21:44 | WARNING  | Imagens — pdf2image falhou (Poppler instalado?): No module named 'pdf2image'
2026-04-20 11:21:44 | INFO     | Concluído: adsp20161284.pdf | 3 blocos texto | 0 tabelas | 0 imgs | 0.18s
2026-04-20 11:21:44 | INFO     | Processando: adsp20161289_1.pdf
2026-04-20 11:21:44 | INFO     | PyMuPDF: sem imagens embutidas em adsp2016127_1.pdf
2026-04-20 11:21:44 | WARNING  | Imagens — pdf2image falhou (Poppler instalado?): No module named 'pdf2image'
2026-04-20 11:21:44 | INFO     | Concluído: adsp2016127_1.pdf | 6 blocos texto | 1 tabelas | 0 imgs | 0.49s
2026-04-20 11:21:44 | INFO     | Processando: adsp20161290_1.pdf
2026-04-20 11:21:44 | INFO     | PyMuPDF: sem imagens embutidas em adsp20161275_1.pdf
2026-04-20 11:21:44 | WARNING  | Imagens — pdf2image falhou (Poppler instalado?): No module named 'pdf2image'
2026-04-20 11:21:44 | INFO     | Concluído: adsp20161275_1.pdf | 8 blocos texto | 0 tabelas | 0 imgs | 0.77s
2026-04-20 11:21:44 | INFO     | Processando: adsp20161291_1.pdf
2026-04-20 11:21:44 | INFO     | PyMuPDF: sem imagens embutidas em adsp20161280_1.pdf
2026-04-20 11:21:44 | WARNING  | Imagens — pdf2image falhou (Poppler instalado?): No module named 'pdf2image'
2026-04-20 11:21:44 | INFO     | Concluído: adsp20161280_1.pdf | 4 blocos texto | 0 tabelas | 0 imgs | 0.39s
2026-04-20 11:21:44 | INFO     | Processando: adsp20161292_1.pdf
2026-04-20 11:21:44 | INFO     | PyMuPDF: sem imagens embutidas em adsp20161288_1.pdf
2026-04-20 11:21:44 | WARNING  | Imagens — pdf2image falhou (Poppler instalado?): No module named 'pdf2image'
2026-04-20 11:21:44 | INFO     | Concluído: adsp20161288_1.pdf | 3 blocos texto | 0 tabelas | 0 imgs | 0.25s
2026-04-20 11:21:44 | INFO     | Processando: adsp20161293_1.pdf
2026-04-20 11:21:45 | INFO     | PyMuPDF: sem imagens embutidas em adsp20161289_1.pdf
2026-04-20 11:21:45 | WARNING  | Imagens — pdf2image falhou (Poppler instalado?): No module named 'pdf2image'
2026-04-20 11:21:45 | INFO     | Concluído: adsp20161289_1.pdf | 6 blocos texto | 0 tabelas | 0 imgs | 0.52s
2026-04-20 11:21:45 | INFO     | Processando: adsp20161294_1.pdf
2026-04-20 11:21:45 | INFO     | PyMuPDF: sem imagens embutidas em adsp20161281_1.pdf
2026-04-20 11:21:45 | WARNING  | Imagens — pdf2image falhou (Poppler instalado?): No module named 'pdf2image'
2026-04-20 11:21:45 | INFO     | Concluído: adsp20161281_1.pdf | 9 blocos texto | 0 tabelas | 0 imgs | 0.80s
2026-04-20 11:21:45 | INFO     | Processando: adsp2016129_1.pdf
2026-04-20 11:21:45 | INFO     | Concluído: adsp20161290_1.pdf | 5 blocos texto | 0 tabelas | 1 imgs | 0.56s
2026-04-20 11:21:45 | INFO     | Processando: adsp2016130_1.pdf
2026-04-20 11:21:45 | INFO     | Concluído: adsp20161292_1.pdf | 6 blocos texto | 0 tabelas | 1 imgs | 0.66s
2026-04-20 11:21:45 | INFO     | Processando: adsp20161311.pdf
2026-04-20 11:21:45 | INFO     | PyMuPDF: sem imagens embutidas em adsp20161291_1.pdf
2026-04-20 11:21:45 | WARNING  | Imagens — pdf2image falhou (Poppler instalado?): No module named 'pdf2image'
2026-04-20 11:21:45 | INFO     | Concluído: adsp20161291_1.pdf | 7 blocos texto | 1 tabelas | 0 imgs | 0.70s
2026-04-20 11:21:45 | INFO     | Processando: adsp20161313.pdf
2026-04-20 11:21:45 | INFO     | PyMuPDF: sem imagens embutidas em adsp20161293_1.pdf
2026-04-20 11:21:45 | WARNING  | Imagens — pdf2image falhou (Poppler instalado?): No module named 'pdf2image'
2026-04-20 11:21:45 | INFO     | Concluído: adsp20161293_1.pdf | 9 blocos texto | 0 tabelas | 0 imgs | 0.71s
2026-04-20 11:21:45 | INFO     | Processando: adsp2016131_1.pdf
2026-04-20 11:21:45 | INFO     | PyMuPDF: sem imagens embutidas em adsp2016129_1.pdf
2026-04-20 11:21:45 | WARNING  | Imagens — pdf2image falhou (Poppler instalado?): No module named 'pdf2image'
2026-04-20 11:21:45 | INFO     | Concluído: adsp2016129_1.pdf | 4 blocos texto | 2 tabelas | 0 imgs | 0.34s
2026-04-20 11:21:45 | INFO     | Processando: adsp20161351.pdf
2026-04-20 11:21:45 | INFO     | PyMuPDF: sem imagens embutidas em adsp20161311.pdf
2026-04-20 11:21:45 | WARNING  | Imagens — pdf2image falhou (Poppler instalado?): No module named 'pdf2image'
2026-04-20 11:21:45 | INFO     | Concluído: adsp20161311.pdf | 2 blocos texto | 0 tabelas | 0 imgs | 0.19s
2026-04-20 11:21:45 | INFO     | Processando: adsp20161353_1.pdf
2026-04-20 11:21:45 | INFO     | PyMuPDF: sem imagens embutidas em adsp20161287_1.pdf
2026-04-20 11:21:45 | WARNING  | Imagens — pdf2image falhou (Poppler instalado?): No module named 'pdf2image'
2026-04-20 11:21:45 | INFO     | Concluído: adsp20161287_1.pdf | 9 blocos texto | 7 tabelas | 0 imgs | 1.25s
2026-04-20 11:21:45 | INFO     | Processando: adsp20161354_1.pdf
2026-04-20 11:21:45 | INFO     | PyMuPDF: sem imagens embutidas em adsp20161313.pdf
2026-04-20 11:21:45 | WARNING  | Imagens — pdf2image falhou (Poppler instalado?): No module named 'pdf2image'
2026-04-20 11:21:45 | INFO     | Concluído: adsp20161313.pdf | 4 blocos texto | 0 tabelas | 0 imgs | 0.37s
2026-04-20 11:21:45 | INFO     | Processando: adsp20161357_1.pdf
2026-04-20 11:21:45 | INFO     | PyMuPDF: sem imagens embutidas em adsp2016131_1.pdf
2026-04-20 11:21:45 | WARNING  | Imagens — pdf2image falhou (Poppler instalado?): No module named 'pdf2image'
2026-04-20 11:21:45 | INFO     | Concluído: adsp2016131_1.pdf | 4 blocos texto | 0 tabelas | 0 imgs | 0.33s
2026-04-20 11:21:45 | INFO     | Processando: adsp20161359_1.pdf
2026-04-20 11:21:46 | INFO     | PyMuPDF: sem imagens embutidas em adsp20161294_1.pdf
2026-04-20 11:21:46 | WARNING  | Imagens — pdf2image falhou (Poppler instalado?): No module named 'pdf2image'
2026-04-20 11:21:46 | INFO     | Concluído: adsp20161294_1.pdf | 10 blocos texto | 0 tabelas | 0 imgs | 0.80s
2026-04-20 11:21:46 | INFO     | Processando: adsp20161360_1.pdf
2026-04-20 11:21:46 | INFO     | PyMuPDF: sem imagens embutidas em adsp20161351.pdf
2026-04-20 11:21:46 | WARNING  | Imagens — pdf2image falhou (Poppler instalado?): No module named 'pdf2image'
2026-04-20 11:21:46 | INFO     | Concluído: adsp20161351.pdf | 4 blocos texto | 0 tabelas | 0 imgs | 0.45s
2026-04-20 11:21:46 | INFO     | Processando: adsp20161373.pdf
2026-04-20 11:21:46 | INFO     | PyMuPDF: sem imagens embutidas em adsp2016130_1.pdf
2026-04-20 11:21:46 | WARNING  | Imagens — pdf2image falhou (Poppler instalado?): No module named 'pdf2image'
2026-04-20 11:21:46 | INFO     | Concluído: adsp2016130_1.pdf | 7 blocos texto | 2 tabelas | 0 imgs | 0.79s
2026-04-20 11:21:46 | INFO     | Processando: adsp20161377.pdf
2026-04-20 11:21:46 | INFO     | PyMuPDF: sem imagens embutidas em adsp20161359_1.pdf
2026-04-20 11:21:46 | WARNING  | Imagens — pdf2image falhou (Poppler instalado?): No module named 'pdf2image'
2026-04-20 11:21:46 | INFO     | Concluído: adsp20161359_1.pdf | 4 blocos texto | 0 tabelas | 0 imgs | 0.23s
2026-04-20 11:21:46 | INFO     | Processando: adsp20161383.pdf
2026-04-20 11:21:46 | INFO     | PyMuPDF: sem imagens embutidas em adsp20161357_1.pdf
2026-04-20 11:21:46 | WARNING  | Imagens — pdf2image falhou (Poppler instalado?): No module named 'pdf2image'
2026-04-20 11:21:46 | INFO     | Concluído: adsp20161357_1.pdf | 3 blocos texto | 1 tabelas | 0 imgs | 0.37s
2026-04-20 11:21:46 | INFO     | Processando: adsp20161386.pdf
2026-04-20 11:21:46 | INFO     | PyMuPDF: sem imagens embutidas em adsp20161353_1.pdf
2026-04-20 11:21:46 | WARNING  | Imagens — pdf2image falhou (Poppler instalado?): No module named 'pdf2image'
2026-04-20 11:21:46 | INFO     | Concluído: adsp20161353_1.pdf | 8 blocos texto | 0 tabelas | 0 imgs | 0.70s
2026-04-20 11:21:46 | INFO     | Processando: adsp20161387.pdf
2026-04-20 11:21:46 | INFO     | PyMuPDF: sem imagens embutidas em adsp20161373.pdf
2026-04-20 11:21:46 | WARNING  | Imagens — pdf2image falhou (Poppler instalado?): No module named 'pdf2image'
2026-04-20 11:21:46 | INFO     | Concluído: adsp20161373.pdf | 2 blocos texto | 0 tabelas | 0 imgs | 0.32s
2026-04-20 11:21:46 | INFO     | Processando: adsp20161402_1.pdf
2026-04-20 11:21:46 | INFO     | PyMuPDF: sem imagens embutidas em adsp20161383.pdf
2026-04-20 11:21:46 | WARNING  | Imagens — pdf2image falhou (Poppler instalado?): No module named 'pdf2image'
2026-04-20 11:21:46 | INFO     | Concluído: adsp20161383.pdf | 4 blocos texto | 0 tabelas | 0 imgs | 0.26s
2026-04-20 11:21:46 | INFO     | Processando: adsp20161427.pdf
2026-04-20 11:21:46 | INFO     | PyMuPDF: sem imagens embutidas em adsp20161377.pdf
2026-04-20 11:21:46 | WARNING  | Imagens — pdf2image falhou (Poppler instalado?): No module named 'pdf2image'
2026-04-20 11:21:46 | INFO     | Concluído: adsp20161377.pdf | 3 blocos texto | 0 tabelas | 0 imgs | 0.28s
2026-04-20 11:21:46 | INFO     | Processando: adsp20161428.pdf
2026-04-20 11:21:46 | INFO     | PyMuPDF: sem imagens embutidas em adsp20161386.pdf
2026-04-20 11:21:46 | WARNING  | Imagens — pdf2image falhou (Poppler instalado?): No module named 'pdf2image'
2026-04-20 11:21:46 | INFO     | Concluído: adsp20161386.pdf | 2 blocos texto | 0 tabelas | 0 imgs | 0.20s
2026-04-20 11:21:46 | INFO     | Processando: adsp20161449.pdf
2026-04-20 11:21:46 | INFO     | PyMuPDF: sem imagens embutidas em adsp20161354_1.pdf
2026-04-20 11:21:46 | WARNING  | Imagens — pdf2image falhou (Poppler instalado?): No module named 'pdf2image'
2026-04-20 11:21:46 | INFO     | Concluído: adsp20161354_1.pdf | 7 blocos texto | 0 tabelas | 0 imgs | 0.75s
2026-04-20 11:21:46 | INFO     | Processando: adsp20161520_1.pdf
2026-04-20 11:21:46 | INFO     | PyMuPDF: sem imagens embutidas em adsp20161428.pdf
2026-04-20 11:21:46 | WARNING  | Imagens — pdf2image falhou (Poppler instalado?): No module named 'pdf2image'
2026-04-20 11:21:46 | INFO     | Concluído: adsp20161428.pdf | 2 blocos texto | 0 tabelas | 0 imgs | 0.15s
2026-04-20 11:21:46 | INFO     | Processando: adsp20161567_1.pdf
2026-04-20 11:21:46 | INFO     | Concluído: adsp20161360_1.pdf | 7 blocos texto | 0 tabelas | 1 imgs | 0.63s
2026-04-20 11:21:46 | INFO     | Processando: adsp20161568_1.pdf
2026-04-20 11:21:46 | INFO     | PyMuPDF: sem imagens embutidas em adsp20161427.pdf
2026-04-20 11:21:46 | WARNING  | Imagens — pdf2image falhou (Poppler instalado?): No module named 'pdf2image'
2026-04-20 11:21:46 | INFO     | Concluído: adsp20161427.pdf | 2 blocos texto | 0 tabelas | 0 imgs | 0.21s
2026-04-20 11:21:46 | INFO     | Processando: adsp20161571_1.pdf
2026-04-20 11:21:46 | INFO     | PyMuPDF: sem imagens embutidas em adsp20161387.pdf
2026-04-20 11:21:46 | WARNING  | Imagens — pdf2image falhou (Poppler instalado?): No module named 'pdf2image'
2026-04-20 11:21:46 | INFO     | Concluído: adsp20161387.pdf | 3 blocos texto | 8 tabelas | 0 imgs | 0.31s
2026-04-20 11:21:46 | INFO     | Processando: adsp20161572_1.pdf
2026-04-20 11:21:46 | INFO     | Concluído: adsp20161402_1.pdf | 4 blocos texto | 4 tabelas | 1 imgs | 0.32s
2026-04-20 11:21:46 | INFO     | Processando: adsp20161573_1.pdf
2026-04-20 11:21:46 | INFO     | PyMuPDF: sem imagens embutidas em adsp20161449.pdf
2026-04-20 11:21:46 | WARNING  | Imagens — pdf2image falhou (Poppler instalado?): No module named 'pdf2image'
2026-04-20 11:21:46 | INFO     | Concluído: adsp20161449.pdf | 3 blocos texto | 0 tabelas | 0 imgs | 0.26s
2026-04-20 11:21:46 | INFO     | Processando: adsp20161574_1.pdf
2026-04-20 11:21:46 | INFO     | PyMuPDF: sem imagens embutidas em adsp20161571_1.pdf
2026-04-20 11:21:46 | WARNING  | Imagens — pdf2image falhou (Poppler instalado?): No module named 'pdf2image'
2026-04-20 11:21:46 | INFO     | Concluído: adsp20161571_1.pdf | 4 blocos texto | 0 tabelas | 0 imgs | 0.23s
2026-04-20 11:21:46 | INFO     | Processando: adsp20161580_1.pdf
2026-04-20 11:21:46 | INFO     | PyMuPDF: sem imagens embutidas em adsp20161520_1.pdf
2026-04-20 11:21:46 | WARNING  | Imagens — pdf2image falhou (Poppler instalado?): No module named 'pdf2image'
2026-04-20 11:21:46 | INFO     | Concluído: adsp20161520_1.pdf | 7 blocos texto | 0 tabelas | 0 imgs | 0.32s
2026-04-20 11:21:46 | INFO     | Processando: adsp20161592_1.pdf
2026-04-20 11:21:46 | INFO     | PyMuPDF: sem imagens embutidas em adsp20161567_1.pdf
2026-04-20 11:21:46 | WARNING  | Imagens — pdf2image falhou (Poppler instalado?): No module named 'pdf2image'
2026-04-20 11:21:46 | INFO     | Concluído: adsp20161567_1.pdf | 4 blocos texto | 0 tabelas | 0 imgs | 0.32s
2026-04-20 11:21:46 | INFO     | Processando: adsp20161627_1.pdf
2026-04-20 11:21:46 | INFO     | PyMuPDF: sem imagens embutidas em adsp20161572_1.pdf
2026-04-20 11:21:46 | WARNING  | Imagens — pdf2image falhou (Poppler instalado?): No module named 'pdf2image'
2026-04-20 11:21:46 | INFO     | Concluído: adsp20161572_1.pdf | 3 blocos texto | 0 tabelas | 0 imgs | 0.26s
2026-04-20 11:21:46 | INFO     | Processando: adsp20161628_1.pdf
2026-04-20 11:21:47 | INFO     | PyMuPDF: sem imagens embutidas em adsp20161574_1.pdf
2026-04-20 11:21:47 | WARNING  | Imagens — pdf2image falhou (Poppler instalado?): No module named 'pdf2image'
2026-04-20 11:21:47 | INFO     | Concluído: adsp20161574_1.pdf | 4 blocos texto | 1 tabelas | 0 imgs | 0.27s
2026-04-20 11:21:47 | INFO     | Processando: adsp20161629_1.pdf
2026-04-20 11:21:47 | INFO     | PyMuPDF: sem imagens embutidas em adsp20161568_1.pdf
2026-04-20 11:21:47 | WARNING  | Imagens — pdf2image falhou (Poppler instalado?): No module named 'pdf2image'
2026-04-20 11:21:47 | INFO     | Concluído: adsp20161568_1.pdf | 6 blocos texto | 3 tabelas | 0 imgs | 0.49s
2026-04-20 11:21:47 | INFO     | Processando: adsp20161630_1.pdf
2026-04-20 11:21:47 | INFO     | PyMuPDF: sem imagens embutidas em adsp20161573_1.pdf
2026-04-20 11:21:47 | WARNING  | Imagens — pdf2image falhou (Poppler instalado?): No module named 'pdf2image'
2026-04-20 11:21:47 | INFO     | Concluído: adsp20161573_1.pdf | 6 blocos texto | 1 tabelas | 0 imgs | 0.46s
2026-04-20 11:21:47 | INFO     | Processando: adsp20161631_1.pdf
2026-04-20 11:21:47 | INFO     | PyMuPDF: sem imagens embutidas em adsp20161628_1.pdf
2026-04-20 11:21:47 | WARNING  | Imagens — pdf2image falhou (Poppler instalado?): No module named 'pdf2image'
2026-04-20 11:21:47 | INFO     | Concluído: adsp20161628_1.pdf | 4 blocos texto | 0 tabelas | 0 imgs | 0.57s
2026-04-20 11:21:47 | INFO     | Processando: adsp20161632_1.pdf
2026-04-20 11:21:47 | INFO     | PyMuPDF: sem imagens embutidas em adsp20161592_1.pdf
2026-04-20 11:21:47 | WARNING  | Imagens — pdf2image falhou (Poppler instalado?): No module named 'pdf2image'
2026-04-20 11:21:47 | INFO     | Concluído: adsp20161592_1.pdf | 5 blocos texto | 2 tabelas | 0 imgs | 0.63s
2026-04-20 11:21:47 | INFO     | Processando: adsp20161633_1.pdf
2026-04-20 11:21:47 | INFO     | PyMuPDF: sem imagens embutidas em adsp20161627_1.pdf
2026-04-20 11:21:47 | WARNING  | Imagens — pdf2image falhou (Poppler instalado?): No module named 'pdf2image'
2026-04-20 11:21:47 | INFO     | Concluído: adsp20161627_1.pdf | 5 blocos texto | 2 tabelas | 0 imgs | 0.63s
2026-04-20 11:21:47 | INFO     | Processando: adsp20161634_1.pdf
2026-04-20 11:21:47 | INFO     | PyMuPDF: sem imagens embutidas em adsp20161631_1.pdf
2026-04-20 11:21:47 | WARNING  | Imagens — pdf2image falhou (Poppler instalado?): No module named 'pdf2image'
2026-04-20 11:21:47 | INFO     | Concluído: adsp20161631_1.pdf | 3 blocos texto | 1 tabelas | 0 imgs | 0.37s
2026-04-20 11:21:47 | INFO     | Processando: adsp20161635_1.pdf
2026-04-20 11:21:47 | INFO     | PyMuPDF: sem imagens embutidas em adsp20161633_1.pdf
2026-04-20 11:21:47 | WARNING  | Imagens — pdf2image falhou (Poppler instalado?): No module named 'pdf2image'
2026-04-20 11:21:47 | INFO     | Concluído: adsp20161633_1.pdf | 3 blocos texto | 0 tabelas | 0 imgs | 0.18s
2026-04-20 11:21:47 | INFO     | Processando: adsp20161636_1.pdf
2026-04-20 11:21:47 | INFO     | PyMuPDF: sem imagens embutidas em adsp20161629_1.pdf
2026-04-20 11:21:47 | WARNING  | Imagens — pdf2image falhou (Poppler instalado?): No module named 'pdf2image'
2026-04-20 11:21:47 | INFO     | Concluído: adsp20161629_1.pdf | 7 blocos texto | 2 tabelas | 0 imgs | 0.74s
2026-04-20 11:21:47 | INFO     | Processando: adsp20161637_1.pdf
2026-04-20 11:21:47 | INFO     | PyMuPDF: sem imagens embutidas em adsp20161632_1.pdf
2026-04-20 11:21:47 | WARNING  | Imagens — pdf2image falhou (Poppler instalado?): No module named 'pdf2image'
2026-04-20 11:21:47 | INFO     | Concluído: adsp20161632_1.pdf | 4 blocos texto | 1 tabelas | 0 imgs | 0.31s
2026-04-20 11:21:47 | INFO     | Processando: adsp20161638_1.pdf
2026-04-20 11:21:47 | INFO     | PyMuPDF: sem imagens embutidas em adsp20161580_1.pdf
2026-04-20 11:21:47 | WARNING  | Imagens — pdf2image falhou (Poppler instalado?): No module named 'pdf2image'
2026-04-20 11:21:47 | INFO     | Concluído: adsp20161580_1.pdf | 10 blocos texto | 1 tabelas | 0 imgs | 1.03s
2026-04-20 11:21:47 | INFO     | Processando: adsp20161639_1.pdf
2026-04-20 11:21:47 | INFO     | PyMuPDF: sem imagens embutidas em adsp20161635_1.pdf
2026-04-20 11:21:47 | WARNING  | Imagens — pdf2image falhou (Poppler instalado?): No module named 'pdf2image'
2026-04-20 11:21:47 | INFO     | Concluído: adsp20161635_1.pdf | 4 blocos texto | 0 tabelas | 0 imgs | 0.36s
2026-04-20 11:21:47 | INFO     | Processando: adsp20161640_1.pdf
2026-04-20 11:21:47 | INFO     | PyMuPDF: sem imagens embutidas em adsp20161634_1.pdf
2026-04-20 11:21:47 | WARNING  | Imagens — pdf2image falhou (Poppler instalado?): No module named 'pdf2image'
2026-04-20 11:21:47 | INFO     | Concluído: adsp20161634_1.pdf | 4 blocos texto | 1 tabelas | 0 imgs | 0.37s
2026-04-20 11:21:47 | INFO     | Processando: adsp20161641_1.pdf
2026-04-20 11:21:47 | INFO     | PyMuPDF: sem imagens embutidas em adsp20161630_1.pdf
2026-04-20 11:21:47 | WARNING  | Imagens — pdf2image falhou (Poppler instalado?): No module named 'pdf2image'
2026-04-20 11:21:47 | INFO     | Concluído: adsp20161630_1.pdf | 3 blocos texto | 13 tabelas | 0 imgs | 0.82s
2026-04-20 11:21:47 | INFO     | Processando: adsp20161642_1.pdf
2026-04-20 11:21:48 | INFO     | PyMuPDF: sem imagens embutidas em adsp20161637_1.pdf
2026-04-20 11:21:48 | WARNING  | Imagens — pdf2image falhou (Poppler instalado?): No module named 'pdf2image'
2026-04-20 11:21:48 | INFO     | Concluído: adsp20161637_1.pdf | 4 blocos texto | 1 tabelas | 0 imgs | 0.36s
2026-04-20 11:21:48 | INFO     | Processando: adsp20161643_1.pdf
2026-04-20 11:21:48 | INFO     | PyMuPDF: sem imagens embutidas em adsp20161636_1.pdf
2026-04-20 11:21:48 | WARNING  | Imagens — pdf2image falhou (Poppler instalado?): No module named 'pdf2image'
2026-04-20 11:21:48 | INFO     | Concluído: adsp20161636_1.pdf | 4 blocos texto | 1 tabelas | 0 imgs | 0.41s
2026-04-20 11:21:48 | INFO     | Processando: adsp20161646_1.pdf
2026-04-20 11:21:48 | INFO     | PyMuPDF: sem imagens embutidas em adsp20161640_1.pdf
2026-04-20 11:21:48 | WARNING  | Imagens — pdf2image falhou (Poppler instalado?): No module named 'pdf2image'
2026-04-20 11:21:48 | INFO     | Concluído: adsp20161640_1.pdf | 5 blocos texto | 0 tabelas | 0 imgs | 0.33s
2026-04-20 11:21:48 | INFO     | Processando: adsp20161653_1.pdf
2026-04-20 11:21:48 | INFO     | PyMuPDF: sem imagens embutidas em adsp20161638_1.pdf
2026-04-20 11:21:48 | WARNING  | Imagens — pdf2image falhou (Poppler instalado?): No module named 'pdf2image'
2026-04-20 11:21:48 | INFO     | Concluído: adsp20161638_1.pdf | 5 blocos texto | 4 tabelas | 0 imgs | 0.57s
2026-04-20 11:21:48 | INFO     | Processando: adsp20161658_1.pdf
2026-04-20 11:21:48 | INFO     | PyMuPDF: sem imagens embutidas em adsp20161641_1.pdf
2026-04-20 11:21:48 | WARNING  | Imagens — pdf2image falhou (Poppler instalado?): No module named 'pdf2image'
2026-04-20 11:21:48 | INFO     | Concluído: adsp20161641_1.pdf | 5 blocos texto | 0 tabelas | 0 imgs | 0.51s
2026-04-20 11:21:48 | INFO     | Processando: adsp20161659_1.pdf
2026-04-20 11:21:48 | INFO     | PyMuPDF: sem imagens embutidas em adsp20161642_1.pdf
2026-04-20 11:21:48 | WARNING  | Imagens — pdf2image falhou (Poppler instalado?): No module named 'pdf2image'
2026-04-20 11:21:48 | INFO     | Concluído: adsp20161642_1.pdf | 5 blocos texto | 0 tabelas | 0 imgs | 0.51s
2026-04-20 11:21:48 | INFO     | Processando: adsp2016166.pdf
2026-04-20 11:21:48 | INFO     | PyMuPDF: sem imagens embutidas em adsp20161639_1.pdf
2026-04-20 11:21:48 | WARNING  | Imagens — pdf2image falhou (Poppler instalado?): No module named 'pdf2image'
2026-04-20 11:21:48 | INFO     | Concluído: adsp20161639_1.pdf | 6 blocos texto | 1 tabelas | 0 imgs | 0.65s
2026-04-20 11:21:48 | INFO     | Processando: adsp20161660_1.pdf
2026-04-20 11:21:48 | INFO     | PyMuPDF: sem imagens embutidas em adsp20161646_1.pdf
2026-04-20 11:21:48 | WARNING  | Imagens — pdf2image falhou (Poppler instalado?): No module named 'pdf2image'
2026-04-20 11:21:48 | INFO     | Concluído: adsp20161646_1.pdf | 5 blocos texto | 0 tabelas | 0 imgs | 0.53s
2026-04-20 11:21:48 | INFO     | Processando: adsp20161661_1.pdf
2026-04-20 11:21:48 | INFO     | PyMuPDF: sem imagens embutidas em adsp20161653_1.pdf
2026-04-20 11:21:48 | WARNING  | Imagens — pdf2image falhou (Poppler instalado?): No module named 'pdf2image'
2026-04-20 11:21:48 | INFO     | Concluído: adsp20161653_1.pdf | 5 blocos texto | 0 tabelas | 0 imgs | 0.47s
2026-04-20 11:21:48 | INFO     | Processando: adsp20161662.pdf
2026-04-20 11:21:48 | INFO     | PyMuPDF: sem imagens embutidas em adsp20161643_1.pdf
2026-04-20 11:21:48 | WARNING  | Imagens — pdf2image falhou (Poppler instalado?): No module named 'pdf2image'
2026-04-20 11:21:48 | INFO     | Concluído: adsp20161643_1.pdf | 4 blocos texto | 1 tabelas | 0 imgs | 0.65s
2026-04-20 11:21:48 | INFO     | Processando: adsp20161674.pdf
2026-04-20 11:21:48 | INFO     | PyMuPDF: sem imagens embutidas em adsp2016166.pdf
2026-04-20 11:21:48 | WARNING  | Imagens — pdf2image falhou (Poppler instalado?): No module named 'pdf2image'
2026-04-20 11:21:48 | INFO     | Concluído: adsp2016166.pdf | 4 blocos texto | 0 tabelas | 0 imgs | 0.34s
2026-04-20 11:21:48 | INFO     | Processando: adsp20161690.pdf
2026-04-20 11:21:48 | INFO     | PyMuPDF: sem imagens embutidas em adsp20161661_1.pdf
2026-04-20 11:21:48 | WARNING  | Imagens — pdf2image falhou (Poppler instalado?): No module named 'pdf2image'
2026-04-20 11:21:48 | INFO     | Concluído: adsp20161661_1.pdf | 3 blocos texto | 0 tabelas | 0 imgs | 0.23s
2026-04-20 11:21:48 | INFO     | Processando: adsp20161700_1.pdf
2026-04-20 11:21:48 | INFO     | PyMuPDF: sem imagens embutidas em adsp20161662.pdf
2026-04-20 11:21:48 | WARNING  | Imagens — pdf2image falhou (Poppler instalado?): No module named 'pdf2image'
2026-04-20 11:21:48 | INFO     | Concluído: adsp20161662.pdf | 2 blocos texto | 0 tabelas | 0 imgs | 0.24s
2026-04-20 11:21:48 | INFO     | Processando: adsp20161703_1.pdf
2026-04-20 11:21:49 | INFO     | PyMuPDF: sem imagens embutidas em adsp20161674.pdf
2026-04-20 11:21:49 | WARNING  | Imagens — pdf2image falhou (Poppler instalado?): No module named 'pdf2image'
2026-04-20 11:21:49 | INFO     | Concluído: adsp20161674.pdf | 3 blocos texto | 0 tabelas | 0 imgs | 0.31s
2026-04-20 11:21:49 | INFO     | Processando: adsp20161704_1.pdf
2026-04-20 11:21:49 | INFO     | PyMuPDF: sem imagens embutidas em adsp20161660_1.pdf
2026-04-20 11:21:49 | WARNING  | Imagens — pdf2image falhou (Poppler instalado?): No module named 'pdf2image'
2026-04-20 11:21:49 | INFO     | Concluído: adsp20161660_1.pdf | 5 blocos texto | 1 tabelas | 0 imgs | 0.51s
2026-04-20 11:21:49 | INFO     | Processando: adsp20161705_1.pdf
2026-04-20 11:21:49 | INFO     | PyMuPDF: sem imagens embutidas em adsp20161690.pdf
2026-04-20 11:21:49 | WARNING  | Imagens — pdf2image falhou (Poppler instalado?): No module named 'pdf2image'
2026-04-20 11:21:49 | INFO     | Concluído: adsp20161690.pdf | 2 blocos texto | 0 tabelas | 0 imgs | 0.31s
2026-04-20 11:21:49 | INFO     | Processando: adsp20161706_1.pdf
2026-04-20 11:21:49 | INFO     | PyMuPDF: sem imagens embutidas em adsp20161704_1.pdf
2026-04-20 11:21:49 | WARNING  | Imagens — pdf2image falhou (Poppler instalado?): No module named 'pdf2image'
2026-04-20 11:21:49 | INFO     | Concluído: adsp20161704_1.pdf | 3 blocos texto | 0 tabelas | 0 imgs | 0.20s
2026-04-20 11:21:49 | INFO     | Processando: adsp20161707_1.pdf
2026-04-20 11:21:49 | INFO     | PyMuPDF: sem imagens embutidas em adsp20161703_1.pdf
2026-04-20 11:21:49 | WARNING  | Imagens — pdf2image falhou (Poppler instalado?): No module named 'pdf2image'
2026-04-20 11:21:49 | INFO     | Concluído: adsp20161703_1.pdf | 5 blocos texto | 0 tabelas | 0 imgs | 0.32s
2026-04-20 11:21:49 | INFO     | Processando: adsp20161709_1.pdf
2026-04-20 11:21:49 | INFO     | PyMuPDF: sem imagens embutidas em adsp20161705_1.pdf
2026-04-20 11:21:49 | WARNING  | Imagens — pdf2image falhou (Poppler instalado?): No module named 'pdf2image'
2026-04-20 11:21:49 | INFO     | Concluído: adsp20161705_1.pdf | 3 blocos texto | 0 tabelas | 0 imgs | 0.28s
2026-04-20 11:21:49 | INFO     | Processando: adsp20161715_1.pdf
2026-04-20 11:21:49 | INFO     | PyMuPDF: sem imagens embutidas em adsp20161706_1.pdf
2026-04-20 11:21:49 | WARNING  | Imagens — pdf2image falhou (Poppler instalado?): No module named 'pdf2image'
2026-04-20 11:21:49 | INFO     | Concluído: adsp20161706_1.pdf | 3 blocos texto | 0 tabelas | 0 imgs | 0.25s
2026-04-20 11:21:49 | INFO     | Processando: adsp20161717_1.pdf
2026-04-20 11:21:49 | INFO     | PyMuPDF: sem imagens embutidas em adsp20161659_1.pdf
2026-04-20 11:21:49 | WARNING  | Imagens — pdf2image falhou (Poppler instalado?): No module named 'pdf2image'
2026-04-20 11:21:49 | INFO     | Concluído: adsp20161659_1.pdf | 7 blocos texto | 5 tabelas | 0 imgs | 0.94s
2026-04-20 11:21:49 | INFO     | Processando: adsp20161719_1.pdf
2026-04-20 11:21:49 | INFO     | PyMuPDF: sem imagens embutidas em adsp20161717_1.pdf
2026-04-20 11:21:49 | WARNING  | Imagens — pdf2image falhou (Poppler instalado?): No module named 'pdf2image'
2026-04-20 11:21:49 | INFO     | Concluído: adsp20161717_1.pdf | 3 blocos texto | 1 tabelas | 0 imgs | 0.28s
2026-04-20 11:21:49 | INFO     | Processando: adsp20161721_1.pdf
2026-04-20 11:21:49 | INFO     | PyMuPDF: sem imagens embutidas em adsp20161719_1.pdf
2026-04-20 11:21:49 | WARNING  | Imagens — pdf2image falhou (Poppler instalado?): No module named 'pdf2image'
2026-04-20 11:21:49 | INFO     | Concluído: adsp20161719_1.pdf | 3 blocos texto | 0 tabelas | 0 imgs | 0.34s
2026-04-20 11:21:49 | INFO     | Processando: adsp20161723.pdf
2026-04-20 11:21:49 | INFO     | PyMuPDF: sem imagens embutidas em adsp20161707_1.pdf
2026-04-20 11:21:49 | WARNING  | Imagens — pdf2image falhou (Poppler instalado?): No module named 'pdf2image'
2026-04-20 11:21:49 | INFO     | Concluído: adsp20161707_1.pdf | 6 blocos texto | 0 tabelas | 0 imgs | 0.48s
2026-04-20 11:21:49 | INFO     | Processando: adsp20161724.pdf
2026-04-20 11:21:49 | INFO     | PyMuPDF: sem imagens embutidas em adsp20161715_1.pdf
2026-04-20 11:21:49 | WARNING  | Imagens — pdf2image falhou (Poppler instalado?): No module named 'pdf2image'
2026-04-20 11:21:49 | INFO     | Concluído: adsp20161715_1.pdf | 5 blocos texto | 0 tabelas | 0 imgs | 0.39s
2026-04-20 11:21:49 | INFO     | Processando: adsp20161725.pdf
2026-04-20 11:21:49 | INFO     | PyMuPDF: sem imagens embutidas em adsp20161723.pdf
2026-04-20 11:21:49 | WARNING  | Imagens — pdf2image falhou (Poppler instalado?): No module named 'pdf2image'
2026-04-20 11:21:49 | INFO     | Concluído: adsp20161723.pdf | 3 blocos texto | 0 tabelas | 0 imgs | 0.17s
2026-04-20 11:21:49 | INFO     | Processando: adsp20161736_2.pdf
2026-04-20 11:21:49 | INFO     | PyMuPDF: sem imagens embutidas em adsp20161709_1.pdf
2026-04-20 11:21:49 | WARNING  | Imagens — pdf2image falhou (Poppler instalado?): No module named 'pdf2image'
2026-04-20 11:21:49 | INFO     | Concluído: adsp20161709_1.pdf | 4 blocos texto | 2 tabelas | 0 imgs | 0.60s
2026-04-20 11:21:49 | INFO     | Processando: adsp2016173_1.pdf
2026-04-20 11:21:49 | INFO     | PyMuPDF: sem imagens embutidas em adsp20161725.pdf
2026-04-20 11:21:49 | WARNING  | Imagens — pdf2image falhou (Poppler instalado?): No module named 'pdf2image'
2026-04-20 11:21:49 | INFO     | Concluído: adsp20161725.pdf | 3 blocos texto | 0 tabelas | 0 imgs | 0.18s
2026-04-20 11:21:49 | INFO     | Processando: adsp20161768_1.pdf
2026-04-20 11:21:49 | INFO     | PyMuPDF: sem imagens embutidas em adsp20161721_1.pdf
2026-04-20 11:21:49 | WARNING  | Imagens — pdf2image falhou (Poppler instalado?): No module named 'pdf2image'
2026-04-20 11:21:49 | INFO     | Concluído: adsp20161721_1.pdf | 4 blocos texto | 0 tabelas | 0 imgs | 0.29s
2026-04-20 11:21:49 | INFO     | Processando: adsp20161772_1.pdf
2026-04-20 11:21:50 | INFO     | PyMuPDF: sem imagens embutidas em adsp20161736_2.pdf
2026-04-20 11:21:50 | WARNING  | Imagens — pdf2image falhou (Poppler instalado?): No module named 'pdf2image'
2026-04-20 11:21:50 | INFO     | Concluído: adsp20161736_2.pdf | 1 blocos texto | 1 tabelas | 0 imgs | 0.14s
2026-04-20 11:21:50 | INFO     | Processando: adsp20161774_1.pdf
2026-04-20 11:21:50 | INFO     | PyMuPDF: sem imagens embutidas em adsp20161724.pdf
2026-04-20 11:21:50 | WARNING  | Imagens — pdf2image falhou (Poppler instalado?): No module named 'pdf2image'
2026-04-20 11:21:50 | INFO     | Concluído: adsp20161724.pdf | 3 blocos texto | 0 tabelas | 0 imgs | 0.34s
2026-04-20 11:21:50 | INFO     | Processando: adsp20161776_1.pdf
2026-04-20 11:21:50 | INFO     | PyMuPDF: sem imagens embutidas em adsp20161700_1.pdf
2026-04-20 11:21:50 | WARNING  | Imagens — pdf2image falhou (Poppler instalado?): No module named 'pdf2image'
2026-04-20 11:21:50 | INFO     | Concluído: adsp20161700_1.pdf | 11 blocos texto | 5 tabelas | 0 imgs | 1.26s
2026-04-20 11:21:50 | INFO     | Processando: adsp20161780_1.pdf
2026-04-20 11:21:50 | INFO     | PyMuPDF: sem imagens embutidas em adsp20161768_1.pdf
2026-04-20 11:21:50 | WARNING  | Imagens — pdf2image falhou (Poppler instalado?): No module named 'pdf2image'
2026-04-20 11:21:50 | INFO     | Concluído: adsp20161768_1.pdf | 5 blocos texto | 1 tabelas | 0 imgs | 0.34s
2026-04-20 11:21:50 | INFO     | Processando: adsp20161781_1.pdf
2026-04-20 11:21:50 | INFO     | PyMuPDF: sem imagens embutidas em adsp2016173_1.pdf
2026-04-20 11:21:50 | WARNING  | Imagens — pdf2image falhou (Poppler instalado?): No module named 'pdf2image'
2026-04-20 11:21:50 | INFO     | Concluído: adsp2016173_1.pdf | 5 blocos texto | 0 tabelas | 0 imgs | 0.43s
2026-04-20 11:21:50 | INFO     | Processando: adsp20161785_1.pdf
2026-04-20 11:21:50 | INFO     | PyMuPDF: sem imagens embutidas em adsp20161776_1.pdf
2026-04-20 11:21:50 | WARNING  | Imagens — pdf2image falhou (Poppler instalado?): No module named 'pdf2image'
2026-04-20 11:21:50 | INFO     | Concluído: adsp20161776_1.pdf | 4 blocos texto | 1 tabelas | 0 imgs | 0.29s
2026-04-20 11:21:50 | INFO     | Processando: adsp20161788_1.pdf
2026-04-20 11:21:50 | INFO     | PyMuPDF: sem imagens embutidas em adsp20161658_1.pdf
2026-04-20 11:21:50 | WARNING  | Imagens — pdf2image falhou (Poppler instalado?): No module named 'pdf2image'
2026-04-20 11:21:50 | INFO     | Concluído: adsp20161658_1.pdf | 13 blocos texto | 18 tabelas | 0 imgs | 2.06s
2026-04-20 11:21:50 | INFO     | Processando: adsp2016179.pdf
2026-04-20 11:21:50 | INFO     | PyMuPDF: sem imagens embutidas em adsp20161774_1.pdf
2026-04-20 11:21:50 | WARNING  | Imagens — pdf2image falhou (Poppler instalado?): No module named 'pdf2image'
2026-04-20 11:21:50 | INFO     | Concluído: adsp20161774_1.pdf | 3 blocos texto | 4 tabelas | 0 imgs | 0.47s
2026-04-20 11:21:50 | INFO     | Processando: adsp20161790_1.pdf
2026-04-20 11:21:50 | INFO     | PyMuPDF: sem imagens embutidas em adsp20161780_1.pdf
2026-04-20 11:21:50 | WARNING  | Imagens — pdf2image falhou (Poppler instalado?): No module named 'pdf2image'
2026-04-20 11:21:50 | INFO     | Concluído: adsp20161780_1.pdf | 6 blocos texto | 0 tabelas | 0 imgs | 0.37s
2026-04-20 11:21:50 | INFO     | Processando: adsp20161791_1.pdf
2026-04-20 11:21:50 | INFO     | PyMuPDF: sem imagens embutidas em adsp20161785_1.pdf
2026-04-20 11:21:50 | WARNING  | Imagens — pdf2image falhou (Poppler instalado?): No module named 'pdf2image'
2026-04-20 11:21:50 | INFO     | Concluído: adsp20161785_1.pdf | 4 blocos texto | 0 tabelas | 0 imgs | 0.24s
2026-04-20 11:21:50 | INFO     | Processando: adsp20161794.pdf
2026-04-20 11:21:50 | INFO     | PyMuPDF: sem imagens embutidas em adsp2016179.pdf
2026-04-20 11:21:50 | WARNING  | Imagens — pdf2image falhou (Poppler instalado?): No module named 'pdf2image'
2026-04-20 11:21:50 | INFO     | Concluído: adsp2016179.pdf | 2 blocos texto | 0 tabelas | 0 imgs | 0.17s
2026-04-20 11:21:50 | INFO     | Processando: adsp20161815.pdf
2026-04-20 11:21:50 | INFO     | PyMuPDF: sem imagens embutidas em adsp20161772_1.pdf
2026-04-20 11:21:50 | WARNING  | Imagens — pdf2image falhou (Poppler instalado?): No module named 'pdf2image'
2026-04-20 11:21:50 | INFO     | Concluído: adsp20161772_1.pdf | 8 blocos texto | 2 tabelas | 0 imgs | 0.82s
2026-04-20 11:21:50 | INFO     | Processando: adsp20161835_1.pdf
2026-04-20 11:21:50 | INFO     | Concluído: adsp20161788_1.pdf | 5 blocos texto | 0 tabelas | 4 imgs | 0.42s
2026-04-20 11:21:50 | INFO     | Processando: adsp20161836_1.pdf
2026-04-20 11:21:50 | INFO     | PyMuPDF: sem imagens embutidas em adsp20161791_1.pdf
2026-04-20 11:21:50 | WARNING  | Imagens — pdf2image falhou (Poppler instalado?): No module named 'pdf2image'
2026-04-20 11:21:50 | INFO     | Concluído: adsp20161791_1.pdf | 5 blocos texto | 0 tabelas | 0 imgs | 0.33s
2026-04-20 11:21:50 | INFO     | Processando: adsp20161838_1.pdf
2026-04-20 11:21:50 | INFO     | PyMuPDF: sem imagens embutidas em adsp20161835_1.pdf
2026-04-20 11:21:50 | WARNING  | Imagens — pdf2image falhou (Poppler instalado?): No module named 'pdf2image'
2026-04-20 11:21:50 | INFO     | Concluído: adsp20161835_1.pdf | 2 blocos texto | 0 tabelas | 0 imgs | 0.17s
2026-04-20 11:21:50 | INFO     | Processando: adsp20161839_1.pdf
2026-04-20 11:21:51 | INFO     | PyMuPDF: sem imagens embutidas em adsp20161815.pdf
2026-04-20 11:21:51 | WARNING  | Imagens — pdf2image falhou (Poppler instalado?): No module named 'pdf2image'
2026-04-20 11:21:51 | INFO     | Concluído: adsp20161815.pdf | 3 blocos texto | 0 tabelas | 0 imgs | 0.43s
2026-04-20 11:21:51 | INFO     | Processando: adsp20161840_1.pdf
2026-04-20 11:21:51 | INFO     | PyMuPDF: sem imagens embutidas em adsp20161794.pdf
2026-04-20 11:21:51 | WARNING  | Imagens — pdf2image falhou (Poppler instalado?): No module named 'pdf2image'
2026-04-20 11:21:51 | INFO     | Concluído: adsp20161794.pdf | 3 blocos texto | 0 tabelas | 0 imgs | 0.51s
2026-04-20 11:21:51 | INFO     | Processando: adsp20161841_1.pdf
2026-04-20 11:21:51 | INFO     | PyMuPDF: sem imagens embutidas em adsp20161781_1.pdf
2026-04-20 11:21:51 | WARNING  | Imagens — pdf2image falhou (Poppler instalado?): No module named 'pdf2image'
2026-04-20 11:21:51 | INFO     | Concluído: adsp20161781_1.pdf | 8 blocos texto | 3 tabelas | 0 imgs | 0.85s
2026-04-20 11:21:51 | INFO     | Processando: adsp20161842_1.pdf
2026-04-20 11:21:51 | INFO     | PyMuPDF: sem imagens embutidas em adsp20161842_1.pdf
2026-04-20 11:21:51 | WARNING  | Imagens — pdf2image falhou (Poppler instalado?): No module named 'pdf2image'
2026-04-20 11:21:51 | INFO     | Concluído: adsp20161842_1.pdf | 2 blocos texto | 0 tabelas | 0 imgs | 0.11s
2026-04-20 11:21:51 | INFO     | Processando: adsp20161843_1.pdf
2026-04-20 11:21:51 | INFO     | PyMuPDF: sem imagens embutidas em adsp20161836_1.pdf
2026-04-20 11:21:51 | WARNING  | Imagens — pdf2image falhou (Poppler instalado?): No module named 'pdf2image'
2026-04-20 11:21:51 | INFO     | Concluído: adsp20161836_1.pdf | 7 blocos texto | 0 tabelas | 0 imgs | 0.51s
2026-04-20 11:21:51 | INFO     | Processando: adsp20161845_1.pdf
2026-04-20 11:21:51 | INFO     | PyMuPDF: sem imagens embutidas em adsp20161840_1.pdf
2026-04-20 11:21:51 | WARNING  | Imagens — pdf2image falhou (Poppler instalado?): No module named 'pdf2image'
2026-04-20 11:21:51 | INFO     | Concluído: adsp20161840_1.pdf | 4 blocos texto | 0 tabelas | 0 imgs | 0.34s
2026-04-20 11:21:51 | INFO     | Processando: adsp20161846_1.pdf
2026-04-20 11:21:51 | INFO     | PyMuPDF: sem imagens embutidas em adsp20161845_1.pdf
2026-04-20 11:21:51 | WARNING  | Imagens — pdf2image falhou (Poppler instalado?): No module named 'pdf2image'
2026-04-20 11:21:51 | INFO     | Concluído: adsp20161845_1.pdf | 2 blocos texto | 0 tabelas | 0 imgs | 0.14s
2026-04-20 11:21:51 | INFO     | Processando: adsp20161847_1.pdf
2026-04-20 11:21:51 | INFO     | PyMuPDF: sem imagens embutidas em adsp20161838_1.pdf
2026-04-20 11:21:51 | WARNING  | Imagens — pdf2image falhou (Poppler instalado?): No module named 'pdf2image'
2026-04-20 11:21:51 | INFO     | Concluído: adsp20161838_1.pdf | 2 blocos texto | 8 tabelas | 0 imgs | 0.61s
2026-04-20 11:21:51 | INFO     | Processando: adsp20161848_1.pdf
2026-04-20 11:21:51 | INFO     | PyMuPDF: sem imagens embutidas em adsp20161843_1.pdf
2026-04-20 11:21:51 | WARNING  | Imagens — pdf2image falhou (Poppler instalado?): No module named 'pdf2image'
2026-04-20 11:21:51 | INFO     | Concluído: adsp20161843_1.pdf | 4 blocos texto | 0 tabelas | 0 imgs | 0.44s
2026-04-20 11:21:51 | INFO     | Processando: adsp20161854_1.pdf
2026-04-20 11:21:51 | INFO     | PyMuPDF: sem imagens embutidas em adsp20161839_1.pdf
2026-04-20 11:21:51 | WARNING  | Imagens — pdf2image falhou (Poppler instalado?): No module named 'pdf2image'
2026-04-20 11:21:51 | INFO     | Concluído: adsp20161839_1.pdf | 7 blocos texto | 0 tabelas | 0 imgs | 0.74s
2026-04-20 11:21:51 | INFO     | Processando: adsp20161855_1.pdf
2026-04-20 11:21:51 | INFO     | PyMuPDF: sem imagens embutidas em adsp20161841_1.pdf
2026-04-20 11:21:51 | WARNING  | Imagens — pdf2image falhou (Poppler instalado?): No module named 'pdf2image'
2026-04-20 11:21:51 | INFO     | Concluído: adsp20161841_1.pdf | 7 blocos texto | 0 tabelas | 0 imgs | 0.67s
2026-04-20 11:21:51 | INFO     | Processando: adsp20161856_1.pdf
2026-04-20 11:21:51 | INFO     | PyMuPDF: sem imagens embutidas em adsp20161848_1.pdf
2026-04-20 11:21:51 | WARNING  | Imagens — pdf2image falhou (Poppler instalado?): No module named 'pdf2image'
2026-04-20 11:21:51 | INFO     | Concluído: adsp20161848_1.pdf | 4 blocos texto | 0 tabelas | 0 imgs | 0.34s
2026-04-20 11:21:51 | INFO     | Processando: adsp20161857_1.pdf
2026-04-20 11:21:51 | INFO     | PyMuPDF: sem imagens embutidas em adsp20161846_1.pdf
2026-04-20 11:21:51 | WARNING  | Imagens — pdf2image falhou (Poppler instalado?): No module named 'pdf2image'
2026-04-20 11:21:51 | INFO     | Concluído: adsp20161846_1.pdf | 6 blocos texto | 0 tabelas | 0 imgs | 0.43s
2026-04-20 11:21:51 | INFO     | Processando: adsp20161858_1.pdf
2026-04-20 11:21:51 | INFO     | PyMuPDF: sem imagens embutidas em adsp20161855_1.pdf
2026-04-20 11:21:51 | WARNING  | Imagens — pdf2image falhou (Poppler instalado?): No module named 'pdf2image'
2026-04-20 11:21:51 | INFO     | Concluído: adsp20161855_1.pdf | 2 blocos texto | 0 tabelas | 0 imgs | 0.23s
2026-04-20 11:21:51 | INFO     | Processando: adsp2016186.pdf
2026-04-20 11:21:52 | INFO     | PyMuPDF: sem imagens embutidas em adsp20161847_1.pdf
2026-04-20 11:21:52 | WARNING  | Imagens — pdf2image falhou (Poppler instalado?): No module named 'pdf2image'
2026-04-20 11:21:52 | INFO     | Concluído: adsp20161847_1.pdf | 6 blocos texto | 0 tabelas | 0 imgs | 0.52s
2026-04-20 11:21:52 | INFO     | Processando: adsp20161866_2.pdf
2026-04-20 11:21:52 | INFO     | PyMuPDF: sem imagens embutidas em adsp20161790_1.pdf
2026-04-20 11:21:52 | WARNING  | Imagens — pdf2image falhou (Poppler instalado?): No module named 'pdf2image'
2026-04-20 11:21:52 | INFO     | Concluído: adsp20161790_1.pdf | 15 blocos texto | 2 tabelas | 0 imgs | 1.50s
2026-04-20 11:21:52 | INFO     | Processando: adsp20161869.pdf
2026-04-20 11:21:52 | INFO     | PyMuPDF: sem imagens embutidas em adsp2016186.pdf
2026-04-20 11:21:52 | WARNING  | Imagens — pdf2image falhou (Poppler instalado?): No module named 'pdf2image'
2026-04-20 11:21:52 | INFO     | Concluído: adsp2016186.pdf | 2 blocos texto | 0 tabelas | 0 imgs | 0.14s
2026-04-20 11:21:52 | INFO     | Processando: adsp20161879.pdf
2026-04-20 11:21:52 | INFO     | PyMuPDF: sem imagens embutidas em adsp20161854_1.pdf
2026-04-20 11:21:52 | WARNING  | Imagens — pdf2image falhou (Poppler instalado?): No module named 'pdf2image'
2026-04-20 11:21:52 | INFO     | Concluído: adsp20161854_1.pdf | 4 blocos texto | 2 tabelas | 0 imgs | 0.46s
2026-04-20 11:21:52 | INFO     | Processando: adsp20161880.pdf
2026-04-20 11:21:52 | INFO     | PyMuPDF: sem imagens embutidas em adsp20161869.pdf
2026-04-20 11:21:52 | WARNING  | Imagens — pdf2image falhou (Poppler instalado?): No module named 'pdf2image'
2026-04-20 11:21:52 | INFO     | Concluído: adsp20161869.pdf | 2 blocos texto | 0 tabelas | 0 imgs | 0.32s
2026-04-20 11:21:52 | INFO     | Processando: adsp20161893.pdf
2026-04-20 11:21:52 | INFO     | PyMuPDF: sem imagens embutidas em adsp20161879.pdf
2026-04-20 11:21:52 | WARNING  | Imagens — pdf2image falhou (Poppler instalado?): No module named 'pdf2image'
2026-04-20 11:21:52 | INFO     | Concluído: adsp20161879.pdf | 4 blocos texto | 0 tabelas | 0 imgs | 0.33s
2026-04-20 11:21:52 | INFO     | Processando: adsp20161897_1.pdf
2026-04-20 11:21:52 | INFO     | PyMuPDF: sem imagens embutidas em adsp20161893.pdf
2026-04-20 11:21:52 | WARNING  | Imagens — pdf2image falhou (Poppler instalado?): No module named 'pdf2image'
2026-04-20 11:21:52 | INFO     | Concluído: adsp20161893.pdf | 3 blocos texto | 0 tabelas | 0 imgs | 0.20s
2026-04-20 11:21:52 | INFO     | Processando: adsp20161898_1.pdf
2026-04-20 11:21:52 | INFO     | Concluído: adsp20161858_1.pdf | 6 blocos texto | 0 tabelas | 1 imgs | 0.69s
2026-04-20 11:21:52 | INFO     | Processando: adsp20161899_1.pdf
2026-04-20 11:21:52 | INFO     | PyMuPDF: sem imagens embutidas em adsp20161880.pdf
2026-04-20 11:21:52 | WARNING  | Imagens — pdf2image falhou (Poppler instalado?): No module named 'pdf2image'
2026-04-20 11:21:52 | INFO     | Concluído: adsp20161880.pdf | 6 blocos texto | 0 tabelas | 0 imgs | 0.50s
2026-04-20 11:21:52 | INFO     | Processando: adsp20161900_1.pdf
2026-04-20 11:21:52 | INFO     | PyMuPDF: sem imagens embutidas em adsp20161897_1.pdf
2026-04-20 11:21:52 | WARNING  | Imagens — pdf2image falhou (Poppler instalado?): No module named 'pdf2image'
2026-04-20 11:21:52 | INFO     | Concluído: adsp20161897_1.pdf | 3 blocos texto | 9 tabelas | 0 imgs | 0.33s
2026-04-20 11:21:52 | INFO     | Processando: adsp20161901_1.pdf
2026-04-20 11:21:52 | INFO     | PyMuPDF: sem imagens embutidas em adsp20161857_1.pdf
2026-04-20 11:21:52 | WARNING  | Imagens — pdf2image falhou (Poppler instalado?): No module named 'pdf2image'
2026-04-20 11:21:52 | INFO     | Concluído: adsp20161857_1.pdf | 10 blocos texto | 0 tabelas | 0 imgs | 0.91s
2026-04-20 11:21:52 | INFO     | Processando: adsp20161902_1.pdf
2026-04-20 11:21:52 | INFO     | PyMuPDF: sem imagens embutidas em adsp20161899_1.pdf
2026-04-20 11:21:52 | WARNING  | Imagens — pdf2image falhou (Poppler instalado?): No module named 'pdf2image'
2026-04-20 11:21:52 | INFO     | Concluído: adsp20161899_1.pdf | 4 blocos texto | 1 tabelas | 0 imgs | 0.30s
2026-04-20 11:21:52 | INFO     | Processando: adsp20161903_1.pdf
2026-04-20 11:21:52 | INFO     | PyMuPDF: sem imagens embutidas em adsp20161900_1.pdf
2026-04-20 11:21:52 | WARNING  | Imagens — pdf2image falhou (Poppler instalado?): No module named 'pdf2image'
2026-04-20 11:21:52 | INFO     | Concluído: adsp20161900_1.pdf | 6 blocos texto | 0 tabelas | 0 imgs | 0.26s
2026-04-20 11:21:52 | INFO     | Processando: adsp20161904_1.pdf
2026-04-20 11:21:52 | INFO     | PyMuPDF: sem imagens embutidas em adsp20161898_1.pdf
2026-04-20 11:21:52 | WARNING  | Imagens — pdf2image falhou (Poppler instalado?): No module named 'pdf2image'
2026-04-20 11:21:52 | INFO     | Concluído: adsp20161898_1.pdf | 6 blocos texto | 0 tabelas | 0 imgs | 0.43s
2026-04-20 11:21:52 | INFO     | Processando: adsp20161905_1.pdf
2026-04-20 11:21:53 | INFO     | PyMuPDF: sem imagens embutidas em adsp20161903_1.pdf
2026-04-20 11:21:53 | WARNING  | Imagens — pdf2image falhou (Poppler instalado?): No module named 'pdf2image'
2026-04-20 11:21:53 | INFO     | Concluído: adsp20161903_1.pdf | 2 blocos texto | 0 tabelas | 0 imgs | 0.19s
2026-04-20 11:21:53 | INFO     | Processando: adsp20161906_1.pdf
2026-04-20 11:21:53 | INFO     | PyMuPDF: sem imagens embutidas em adsp20161905_1.pdf
2026-04-20 11:21:53 | WARNING  | Imagens — pdf2image falhou (Poppler instalado?): No module named 'pdf2image'
2026-04-20 11:21:53 | INFO     | Concluído: adsp20161905_1.pdf | 2 blocos texto | 0 tabelas | 0 imgs | 0.12s
2026-04-20 11:21:53 | INFO     | Processando: adsp20161907_1.pdf
2026-04-20 11:21:53 | INFO     | PyMuPDF: sem imagens embutidas em adsp20161856_1.pdf
2026-04-20 11:21:53 | WARNING  | Imagens — pdf2image falhou (Poppler instalado?): No module named 'pdf2image'
2026-04-20 11:21:53 | INFO     | Concluído: adsp20161856_1.pdf | 9 blocos texto | 10 tabelas | 0 imgs | 1.38s
2026-04-20 11:21:53 | INFO     | Processando: adsp20161908_1.pdf
2026-04-20 11:21:53 | INFO     | PyMuPDF: sem imagens embutidas em adsp20161902_1.pdf
2026-04-20 11:21:53 | WARNING  | Imagens — pdf2image falhou (Poppler instalado?): No module named 'pdf2image'
2026-04-20 11:21:53 | INFO     | Concluído: adsp20161902_1.pdf | 7 blocos texto | 0 tabelas | 0 imgs | 0.70s
2026-04-20 11:21:53 | INFO     | Processando: adsp20161909_1.pdf
2026-04-20 11:21:53 | INFO     | PyMuPDF: sem imagens embutidas em adsp20161908_1.pdf
2026-04-20 11:21:53 | WARNING  | Imagens — pdf2image falhou (Poppler instalado?): No module named 'pdf2image'
2026-04-20 11:21:53 | INFO     | Concluído: adsp20161908_1.pdf | 4 blocos texto | 10 tabelas | 0 imgs | 0.41s
2026-04-20 11:21:53 | INFO     | Processando: adsp20161910_1.pdf
2026-04-20 11:21:53 | INFO     | PyMuPDF: sem imagens embutidas em adsp20161901_1.pdf
2026-04-20 11:21:53 | WARNING  | Imagens — pdf2image falhou (Poppler instalado?): No module named 'pdf2image'
2026-04-20 11:21:53 | INFO     | Concluído: adsp20161901_1.pdf | 9 blocos texto | 0 tabelas | 0 imgs | 0.93s
2026-04-20 11:21:53 | INFO     | Processando: adsp20161933.pdf
2026-04-20 11:21:53 | INFO     | PyMuPDF: sem imagens embutidas em adsp20161906_1.pdf
2026-04-20 11:21:53 | WARNING  | Imagens — pdf2image falhou (Poppler instalado?): No module named 'pdf2image'
2026-04-20 11:21:53 | INFO     | Concluído: adsp20161906_1.pdf | 6 blocos texto | 1 tabelas | 0 imgs | 0.73s
2026-04-20 11:21:53 | INFO     | Processando: adsp20161952_1.pdf
2026-04-20 11:21:53 | INFO     | Concluído: adsp20161907_1.pdf | 8 blocos texto | 1 tabelas | 5 imgs | 0.83s
2026-04-20 11:21:53 | INFO     | Processando: adsp20161953_1.pdf
2026-04-20 11:21:53 | INFO     | PyMuPDF: sem imagens embutidas em adsp20161933.pdf
2026-04-20 11:21:53 | WARNING  | Imagens — pdf2image falhou (Poppler instalado?): No module named 'pdf2image'
2026-04-20 11:21:53 | INFO     | Concluído: adsp20161933.pdf | 4 blocos texto | 0 tabelas | 0 imgs | 0.27s
2026-04-20 11:21:53 | INFO     | Processando: adsp20161954_1.pdf
2026-04-20 11:21:54 | INFO     | PyMuPDF: sem imagens embutidas em adsp20161954_1.pdf
2026-04-20 11:21:54 | WARNING  | Imagens — pdf2image falhou (Poppler instalado?): No module named 'pdf2image'
2026-04-20 11:21:54 | INFO     | Concluído: adsp20161954_1.pdf | 4 blocos texto | 1 tabelas | 0 imgs | 0.46s
2026-04-20 11:21:54 | INFO     | Processando: adsp20161955_1.pdf
2026-04-20 11:21:54 | INFO     | PyMuPDF: sem imagens embutidas em adsp20161953_1.pdf
2026-04-20 11:21:54 | WARNING  | Imagens — pdf2image falhou (Poppler instalado?): No module named 'pdf2image'
2026-04-20 11:21:54 | INFO     | Concluído: adsp20161953_1.pdf | 5 blocos texto | 2 tabelas | 0 imgs | 0.51s
2026-04-20 11:21:54 | INFO     | Processando: adsp20161956_1.pdf
2026-04-20 11:21:54 | INFO     | Concluído: adsp20161904_1.pdf | 13 blocos texto | 2 tabelas | 2 imgs | 1.52s
2026-04-20 11:21:54 | INFO     | Processando: adsp20161957_1.pdf
2026-04-20 11:21:54 | INFO     | PyMuPDF: sem imagens embutidas em adsp20161910_1.pdf
2026-04-20 11:21:54 | WARNING  | Imagens — pdf2image falhou (Poppler instalado?): No module named 'pdf2image'
2026-04-20 11:21:54 | INFO     | Concluído: adsp20161910_1.pdf | 9 blocos texto | 5 tabelas | 0 imgs | 1.24s
2026-04-20 11:21:54 | INFO     | PyMuPDF: sem imagens embutidas em adsp20161957_1.pdf
2026-04-20 11:21:54 | WARNING  | Imagens — pdf2image falhou (Poppler instalado?): No module named 'pdf2image'
2026-04-20 11:21:54 | INFO     | Concluído: adsp20161957_1.pdf | 3 blocos texto | 1 tabelas | 0 imgs | 0.37s
2026-04-20 11:21:54 | INFO     | Processando: adsp20161958_1.pdf
2026-04-20 11:21:54 | INFO     | Processando: adsp20161959_1.pdf
2026-04-20 11:21:55 | INFO     | PyMuPDF: sem imagens embutidas em adsp20161955_1.pdf
2026-04-20 11:21:55 | WARNING  | Imagens — pdf2image falhou (Poppler instalado?): No module named 'pdf2image'
2026-04-20 11:21:55 | INFO     | Concluído: adsp20161955_1.pdf | 4 blocos texto | 2 tabelas | 0 imgs | 0.63s
2026-04-20 11:21:55 | INFO     | Processando: adsp20161960_1.pdf
2026-04-20 11:21:55 | INFO     | PyMuPDF: sem imagens embutidas em adsp20161959_1.pdf
2026-04-20 11:21:55 | WARNING  | Imagens — pdf2image falhou (Poppler instalado?): No module named 'pdf2image'
2026-04-20 11:21:55 | INFO     | Concluído: adsp20161959_1.pdf | 3 blocos texto | 0 tabelas | 0 imgs | 0.35s
2026-04-20 11:21:55 | INFO     | Processando: adsp20161961_1.pdf
2026-04-20 11:21:55 | INFO     | PyMuPDF: sem imagens embutidas em adsp20161958_1.pdf
2026-04-20 11:21:55 | WARNING  | Imagens — pdf2image falhou (Poppler instalado?): No module named 'pdf2image'
2026-04-20 11:21:55 | INFO     | Concluído: adsp20161958_1.pdf | 5 blocos texto | 1 tabelas | 0 imgs | 0.82s
2026-04-20 11:21:55 | INFO     | Processando: adsp20161962_1.pdf
2026-04-20 11:21:55 | INFO     | PyMuPDF: sem imagens embutidas em adsp20161952_1.pdf
2026-04-20 11:21:55 | WARNING  | Imagens — pdf2image falhou (Poppler instalado?): No module named 'pdf2image'
2026-04-20 11:21:55 | INFO     | Concluído: adsp20161952_1.pdf | 11 blocos texto | 1 tabelas | 0 imgs | 1.90s
2026-04-20 11:21:55 | INFO     | Processando: adsp20161963_1.pdf
2026-04-20 11:21:55 | INFO     | PyMuPDF: sem imagens embutidas em adsp20161960_1.pdf
2026-04-20 11:21:55 | WARNING  | Imagens — pdf2image falhou (Poppler instalado?): No module named 'pdf2image'
2026-04-20 11:21:55 | INFO     | Concluído: adsp20161960_1.pdf | 4 blocos texto | 0 tabelas | 0 imgs | 0.78s
2026-04-20 11:21:55 | INFO     | Processando: adsp20161971_1.pdf
2026-04-20 11:21:55 | INFO     | Concluído: adsp20161866_2.pdf | 43 blocos texto | 14 tabelas | 1 imgs | 3.91s
2026-04-20 11:21:55 | INFO     | Processando: adsp20161972_1.pdf
2026-04-20 11:21:56 | INFO     | PyMuPDF: sem imagens embutidas em adsp20161956_1.pdf
2026-04-20 11:21:56 | WARNING  | Imagens — pdf2image falhou (Poppler instalado?): No module named 'pdf2image'
2026-04-20 11:21:56 | INFO     | Concluído: adsp20161956_1.pdf | 5 blocos texto | 14 tabelas | 0 imgs | 1.61s
2026-04-20 11:21:56 | INFO     | Processando: adsp20161973_1.pdf
2026-04-20 11:21:56 | INFO     | PyMuPDF: sem imagens embutidas em adsp20161909_1.pdf
2026-04-20 11:21:56 | WARNING  | Imagens — pdf2image falhou (Poppler instalado?): No module named 'pdf2image'
2026-04-20 11:21:56 | INFO     | Concluído: adsp20161909_1.pdf | 14 blocos texto | 7 tabelas | 0 imgs | 2.60s
2026-04-20 11:21:56 | INFO     | Processando: adsp20161974_1.pdf
2026-04-20 11:21:56 | INFO     | PyMuPDF: sem imagens embutidas em adsp20161963_1.pdf
2026-04-20 11:21:56 | WARNING  | Imagens — pdf2image falhou (Poppler instalado?): No module named 'pdf2image'
2026-04-20 11:21:56 | INFO     | Concluído: adsp20161963_1.pdf | 2 blocos texto | 6 tabelas | 0 imgs | 0.42s
2026-04-20 11:21:56 | INFO     | Processando: adsp2016197_1.pdf
2026-04-20 11:21:56 | INFO     | PyMuPDF: sem imagens embutidas em adsp20161971_1.pdf
2026-04-20 11:21:56 | WARNING  | Imagens — pdf2image falhou (Poppler instalado?): No module named 'pdf2image'
2026-04-20 11:21:56 | INFO     | Concluído: adsp20161971_1.pdf | 6 blocos texto | 1 tabelas | 0 imgs | 0.47s
2026-04-20 11:21:56 | INFO     | Processando: adsp20161981.pdf
2026-04-20 11:21:56 | INFO     | PyMuPDF: sem imagens embutidas em adsp20161961_1.pdf
2026-04-20 11:21:56 | WARNING  | Imagens — pdf2image falhou (Poppler instalado?): No module named 'pdf2image'
2026-04-20 11:21:56 | INFO     | Concluído: adsp20161961_1.pdf | 7 blocos texto | 3 tabelas | 0 imgs | 1.34s
2026-04-20 11:21:56 | INFO     | Processando: adsp20161987_1.pdf
2026-04-20 11:21:56 | INFO     | PyMuPDF: sem imagens embutidas em adsp20161973_1.pdf
2026-04-20 11:21:56 | WARNING  | Imagens — pdf2image falhou (Poppler instalado?): No module named 'pdf2image'
2026-04-20 11:21:56 | INFO     | Concluído: adsp20161973_1.pdf | 5 blocos texto | 2 tabelas | 0 imgs | 0.51s
2026-04-20 11:21:56 | INFO     | Processando: adsp20161989_1.pdf
2026-04-20 11:21:56 | INFO     | PyMuPDF: sem imagens embutidas em adsp20161981.pdf
2026-04-20 11:21:56 | WARNING  | Imagens — pdf2image falhou (Poppler instalado?): No module named 'pdf2image'
2026-04-20 11:21:56 | INFO     | Concluído: adsp20161981.pdf | 3 blocos texto | 0 tabelas | 0 imgs | 0.28s
2026-04-20 11:21:56 | INFO     | Processando: adsp2016198_1.pdf
2026-04-20 11:21:56 | INFO     | PyMuPDF: sem imagens embutidas em adsp2016197_1.pdf
2026-04-20 11:21:56 | WARNING  | Imagens — pdf2image falhou (Poppler instalado?): No module named 'pdf2image'
2026-04-20 11:21:56 | INFO     | Concluído: adsp2016197_1.pdf | 4 blocos texto | 3 tabelas | 0 imgs | 0.68s
2026-04-20 11:21:56 | INFO     | Processando: adsp20161990_1.pdf
2026-04-20 11:21:56 | INFO     | PyMuPDF: sem imagens embutidas em adsp20161962_1.pdf
2026-04-20 11:21:56 | WARNING  | Imagens — pdf2image falhou (Poppler instalado?): No module named 'pdf2image'
2026-04-20 11:21:56 | INFO     | Concluído: adsp20161962_1.pdf | 3 blocos texto | 8 tabelas | 0 imgs | 1.16s
2026-04-20 11:21:56 | INFO     | Processando: adsp20161991_1.pdf
2026-04-20 11:21:56 | INFO     | PyMuPDF: sem imagens embutidas em adsp2016198_1.pdf
2026-04-20 11:21:56 | WARNING  | Imagens — pdf2image falhou (Poppler instalado?): No module named 'pdf2image'
2026-04-20 11:21:56 | INFO     | Concluído: adsp2016198_1.pdf | 2 blocos texto | 4 tabelas | 0 imgs | 0.40s
2026-04-20 11:21:56 | INFO     | Processando: adsp20161993.pdf
2026-04-20 11:21:57 | INFO     | PyMuPDF: sem imagens embutidas em adsp20161993.pdf
2026-04-20 11:21:57 | WARNING  | Imagens — pdf2image falhou (Poppler instalado?): No module named 'pdf2image'
2026-04-20 11:21:57 | INFO     | Concluído: adsp20161993.pdf | 3 blocos texto | 0 tabelas | 0 imgs | 0.21s
2026-04-20 11:21:57 | INFO     | Processando: adsp2016199_1.pdf
2026-04-20 11:21:57 | INFO     | PyMuPDF: sem imagens embutidas em adsp20161972_1.pdf
2026-04-20 11:21:57 | WARNING  | Imagens — pdf2image falhou (Poppler instalado?): No module named 'pdf2image'
2026-04-20 11:21:57 | INFO     | Concluído: adsp20161972_1.pdf | 12 blocos texto | 0 tabelas | 0 imgs | 1.35s
2026-04-20 11:21:57 | INFO     | Processando: adsp2016200_1.pdf
2026-04-20 11:21:57 | INFO     | PyMuPDF: sem imagens embutidas em adsp20161990_1.pdf
2026-04-20 11:21:57 | WARNING  | Imagens — pdf2image falhou (Poppler instalado?): No module named 'pdf2image'
2026-04-20 11:21:57 | INFO     | Concluído: adsp20161990_1.pdf | 4 blocos texto | 0 tabelas | 0 imgs | 0.57s
2026-04-20 11:21:57 | INFO     | Processando: adsp20162014.pdf
2026-04-20 11:21:57 | INFO     | PyMuPDF: sem imagens embutidas em adsp20161991_1.pdf
2026-04-20 11:21:57 | WARNING  | Imagens — pdf2image falhou (Poppler instalado?): No module named 'pdf2image'
2026-04-20 11:21:57 | INFO     | Concluído: adsp20161991_1.pdf | 5 blocos texto | 2 tabelas | 0 imgs | 0.60s
2026-04-20 11:21:57 | INFO     | Processando: adsp2016201_1.pdf
2026-04-20 11:21:57 | INFO     | PyMuPDF: sem imagens embutidas em adsp20162014.pdf
2026-04-20 11:21:57 | WARNING  | Imagens — pdf2image falhou (Poppler instalado?): No module named 'pdf2image'
2026-04-20 11:21:57 | INFO     | PyMuPDF: sem imagens embutidas em adsp20161974_1.pdf
2026-04-20 11:21:57 | INFO     | Concluído: adsp20162014.pdf | 3 blocos texto | 0 tabelas | 0 imgs | 0.33s
2026-04-20 11:21:57 | WARNING  | Imagens — pdf2image falhou (Poppler instalado?): No module named 'pdf2image'
2026-04-20 11:21:57 | INFO     | Concluído: adsp20161974_1.pdf | 11 blocos texto | 4 tabelas | 0 imgs | 1.61s
2026-04-20 11:21:57 | INFO     | Processando: adsp20162025.pdf
2026-04-20 11:21:57 | INFO     | Processando: adsp20162026.pdf
2026-04-20 11:21:57 | INFO     | PyMuPDF: sem imagens embutidas em adsp20162025.pdf
2026-04-20 11:21:57 | WARNING  | Imagens — pdf2image falhou (Poppler instalado?): No module named 'pdf2image'
2026-04-20 11:21:57 | INFO     | Concluído: adsp20162025.pdf | 2 blocos texto | 0 tabelas | 0 imgs | 0.23s
2026-04-20 11:21:57 | INFO     | Processando: adsp2016202_1.pdf
2026-04-20 11:21:57 | INFO     | PyMuPDF: sem imagens embutidas em adsp20162026.pdf
2026-04-20 11:21:57 | WARNING  | Imagens — pdf2image falhou (Poppler instalado?): No module named 'pdf2image'
2026-04-20 11:21:57 | INFO     | Concluído: adsp20162026.pdf | 3 blocos texto | 0 tabelas | 0 imgs | 0.23s
2026-04-20 11:21:57 | INFO     | Processando: adsp2016203_1.pdf
2026-04-20 11:21:57 | INFO     | PyMuPDF: sem imagens embutidas em adsp2016201_1.pdf
2026-04-20 11:21:57 | WARNING  | Imagens — pdf2image falhou (Poppler instalado?): No module named 'pdf2image'
2026-04-20 11:21:57 | INFO     | Concluído: adsp2016201_1.pdf | 3 blocos texto | 2 tabelas | 0 imgs | 0.56s
2026-04-20 11:21:57 | INFO     | Processando: adsp2016204_1.pdf
2026-04-20 11:21:58 | INFO     | PyMuPDF: sem imagens embutidas em adsp20161989_1.pdf
2026-04-20 11:21:58 | WARNING  | Imagens — pdf2image falhou (Poppler instalado?): No module named 'pdf2image'
2026-04-20 11:21:58 | INFO     | Concluído: adsp20161989_1.pdf | 9 blocos texto | 4 tabelas | 0 imgs | 1.51s
2026-04-20 11:21:58 | INFO     | Processando: adsp2016205_1.pdf
2026-04-20 11:21:58 | INFO     | PyMuPDF: sem imagens embutidas em adsp2016204_1.pdf
2026-04-20 11:21:58 | WARNING  | Imagens — pdf2image falhou (Poppler instalado?): No module named 'pdf2image'
2026-04-20 11:21:58 | INFO     | Concluído: adsp2016204_1.pdf | 3 blocos texto | 0 tabelas | 0 imgs | 0.30s
2026-04-20 11:21:58 | INFO     | Processando: adsp2016205_2.pdf
2026-04-20 11:21:58 | INFO     | PyMuPDF: sem imagens embutidas em adsp2016205_1.pdf
2026-04-20 11:21:58 | WARNING  | Imagens — pdf2image falhou (Poppler instalado?): No module named 'pdf2image'
2026-04-20 11:21:58 | INFO     | Concluído: adsp2016205_1.pdf | 3 blocos texto | 0 tabelas | 0 imgs | 0.24s
2026-04-20 11:21:58 | INFO     | Processando: adsp2016205_2_1.pdf
2026-04-20 11:21:58 | INFO     | PyMuPDF: sem imagens embutidas em adsp2016199_1.pdf
2026-04-20 11:21:58 | WARNING  | Imagens — pdf2image falhou (Poppler instalado?): No module named 'pdf2image'
2026-04-20 11:21:58 | INFO     | Concluído: adsp2016199_1.pdf | 9 blocos texto | 4 tabelas | 0 imgs | 1.13s
2026-04-20 11:21:58 | INFO     | Processando: adsp20162068_1.pdf
2026-04-20 11:21:58 | INFO     | PyMuPDF: sem imagens embutidas em adsp20161987_1.pdf
2026-04-20 11:21:58 | WARNING  | Imagens — pdf2image falhou (Poppler instalado?): No module named 'pdf2image'
2026-04-20 11:21:58 | INFO     | Concluído: adsp20161987_1.pdf | 17 blocos texto | 4 tabelas | 0 imgs | 1.92s
2026-04-20 11:21:58 | INFO     | Processando: adsp20162070_1.pdf
2026-04-20 11:21:58 | INFO     | PyMuPDF: sem imagens embutidas em adsp2016202_1.pdf
2026-04-20 11:21:58 | WARNING  | Imagens — pdf2image falhou (Poppler instalado?): No module named 'pdf2image'
2026-04-20 11:21:58 | INFO     | Concluído: adsp2016202_1.pdf | 3 blocos texto | 3 tabelas | 0 imgs | 0.55s
2026-04-20 11:21:58 | INFO     | Processando: adsp20162071_1.pdf
2026-04-20 11:21:58 | INFO     | PyMuPDF: sem imagens embutidas em adsp20162068_1.pdf
2026-04-20 11:21:58 | WARNING  | Imagens — pdf2image falhou (Poppler instalado?): No module named 'pdf2image'
2026-04-20 11:21:58 | INFO     | Concluído: adsp20162068_1.pdf | 3 blocos texto | 0 tabelas | 0 imgs | 0.41s
2026-04-20 11:21:58 | INFO     | Processando: adsp20162072_1.pdf
2026-04-20 11:21:58 | INFO     | PyMuPDF: sem imagens embutidas em adsp2016203_1.pdf
2026-04-20 11:21:58 | WARNING  | Imagens — pdf2image falhou (Poppler instalado?): No module named 'pdf2image'
2026-04-20 11:21:58 | INFO     | Concluído: adsp2016203_1.pdf | 4 blocos texto | 10 tabelas | 0 imgs | 0.82s
2026-04-20 11:21:58 | INFO     | Processando: adsp20162073_1.pdf
2026-04-20 11:21:58 | INFO     | PyMuPDF: sem imagens embutidas em adsp2016205_2.pdf
2026-04-20 11:21:58 | WARNING  | Imagens — pdf2image falhou (Poppler instalado?): No module named 'pdf2image'
2026-04-20 11:21:58 | INFO     | Concluído: adsp2016205_2.pdf | 5 blocos texto | 5 tabelas | 0 imgs | 0.60s
2026-04-20 11:21:58 | INFO     | Processando: adsp20162074_1.pdf
2026-04-20 11:21:58 | INFO     | PyMuPDF: sem imagens embutidas em adsp2016200_1.pdf
2026-04-20 11:21:58 | WARNING  | Imagens — pdf2image falhou (Poppler instalado?): No module named 'pdf2image'
2026-04-20 11:21:58 | INFO     | Concluído: adsp2016200_1.pdf | 11 blocos texto | 4 tabelas | 0 imgs | 1.63s
2026-04-20 11:21:58 | INFO     | Processando: adsp20162075_1.pdf
2026-04-20 11:21:58 | INFO     | PyMuPDF: sem imagens embutidas em adsp20162070_1.pdf
2026-04-20 11:21:58 | WARNING  | Imagens — pdf2image falhou (Poppler instalado?): No module named 'pdf2image'
2026-04-20 11:21:58 | INFO     | Concluído: adsp20162070_1.pdf | 5 blocos texto | 0 tabelas | 0 imgs | 0.50s
2026-04-20 11:21:58 | INFO     | Processando: adsp20162076_1.pdf
2026-04-20 11:21:59 | INFO     | PyMuPDF: sem imagens embutidas em adsp20162075_1.pdf
2026-04-20 11:21:59 | WARNING  | Imagens — pdf2image falhou (Poppler instalado?): No module named 'pdf2image'
2026-04-20 11:21:59 | INFO     | Concluído: adsp20162075_1.pdf | 3 blocos texto | 0 tabelas | 0 imgs | 0.27s
2026-04-20 11:21:59 | INFO     | Processando: adsp2016207_1.pdf
2026-04-20 11:21:59 | INFO     | PyMuPDF: sem imagens embutidas em adsp20162076_1.pdf
2026-04-20 11:21:59 | WARNING  | Imagens — pdf2image falhou (Poppler instalado?): No module named 'pdf2image'
2026-04-20 11:21:59 | INFO     | Concluído: adsp20162076_1.pdf | 3 blocos texto | 0 tabelas | 0 imgs | 0.25s
2026-04-20 11:21:59 | INFO     | Processando: adsp20162083_1.pdf
2026-04-20 11:21:59 | INFO     | PyMuPDF: sem imagens embutidas em adsp20162073_1.pdf
2026-04-20 11:21:59 | WARNING  | Imagens — pdf2image falhou (Poppler instalado?): No module named 'pdf2image'
2026-04-20 11:21:59 | INFO     | Concluído: adsp20162073_1.pdf | 7 blocos texto | 2 tabelas | 0 imgs | 0.64s
2026-04-20 11:21:59 | INFO     | Processando: adsp20162084_1.pdf
2026-04-20 11:21:59 | INFO     | PyMuPDF: sem imagens embutidas em adsp20162072_1.pdf
2026-04-20 11:21:59 | WARNING  | Imagens — pdf2image falhou (Poppler instalado?): No module named 'pdf2image'
2026-04-20 11:21:59 | INFO     | Concluído: adsp20162072_1.pdf | 6 blocos texto | 1 tabelas | 0 imgs | 0.67s
2026-04-20 11:21:59 | INFO     | Processando: adsp20162088_1.pdf
2026-04-20 11:21:59 | INFO     | PyMuPDF: sem imagens embutidas em adsp20162083_1.pdf
2026-04-20 11:21:59 | WARNING  | Imagens — pdf2image falhou (Poppler instalado?): No module named 'pdf2image'
2026-04-20 11:21:59 | INFO     | Concluído: adsp20162083_1.pdf | 4 blocos texto | 0 tabelas | 0 imgs | 0.37s
2026-04-20 11:21:59 | INFO     | Processando: adsp20162089_1.pdf
2026-04-20 11:21:59 | INFO     | PyMuPDF: sem imagens embutidas em adsp20162074_1.pdf
2026-04-20 11:21:59 | WARNING  | Imagens — pdf2image falhou (Poppler instalado?): No module named 'pdf2image'
2026-04-20 11:21:59 | INFO     | Concluído: adsp20162074_1.pdf | 6 blocos texto | 2 tabelas | 0 imgs | 0.86s
2026-04-20 11:21:59 | INFO     | Processando: adsp2016208_1.pdf
2026-04-20 11:21:59 | INFO     | PyMuPDF: sem imagens embutidas em adsp20162088_1.pdf
2026-04-20 11:21:59 | WARNING  | Imagens — pdf2image falhou (Poppler instalado?): No module named 'pdf2image'
2026-04-20 11:21:59 | INFO     | Concluído: adsp20162088_1.pdf | 6 blocos texto | 1 tabelas | 0 imgs | 0.36s
2026-04-20 11:21:59 | INFO     | Processando: adsp20162090.pdf
2026-04-20 11:21:59 | INFO     | PyMuPDF: sem imagens embutidas em adsp20162071_1.pdf
2026-04-20 11:21:59 | WARNING  | Imagens — pdf2image falhou (Poppler instalado?): No module named 'pdf2image'
2026-04-20 11:21:59 | INFO     | Concluído: adsp20162071_1.pdf | 10 blocos texto | 3 tabelas | 0 imgs | 1.32s
2026-04-20 11:21:59 | INFO     | Processando: adsp20162091.pdf
2026-04-20 11:21:59 | INFO     | PyMuPDF: sem imagens embutidas em adsp20162084_1.pdf
2026-04-20 11:21:59 | WARNING  | Imagens — pdf2image falhou (Poppler instalado?): No module named 'pdf2image'
2026-04-20 11:21:59 | INFO     | Concluído: adsp20162084_1.pdf | 5 blocos texto | 0 tabelas | 0 imgs | 0.43s
2026-04-20 11:21:59 | INFO     | Processando: adsp20162095.pdf
2026-04-20 11:22:00 | INFO     | PyMuPDF: sem imagens embutidas em adsp20162095.pdf
2026-04-20 11:22:00 | WARNING  | Imagens — pdf2image falhou (Poppler instalado?): No module named 'pdf2image'
2026-04-20 11:22:00 | INFO     | Concluído: adsp20162095.pdf | 2 blocos texto | 0 tabelas | 0 imgs | 0.34s
2026-04-20 11:22:00 | INFO     | Processando: adsp2016209_1.pdf
2026-04-20 11:22:00 | INFO     | PyMuPDF: sem imagens embutidas em adsp20162090.pdf
2026-04-20 11:22:00 | WARNING  | Imagens — pdf2image falhou (Poppler instalado?): No module named 'pdf2image'
2026-04-20 11:22:00 | INFO     | Concluído: adsp20162090.pdf | 3 blocos texto | 0 tabelas | 0 imgs | 0.45s
2026-04-20 11:22:00 | INFO     | Processando: adsp20162104.pdf
2026-04-20 11:22:00 | INFO     | PyMuPDF: sem imagens embutidas em adsp20162091.pdf
2026-04-20 11:22:00 | WARNING  | Imagens — pdf2image falhou (Poppler instalado?): No module named 'pdf2image'
2026-04-20 11:22:00 | INFO     | Concluído: adsp20162091.pdf | 3 blocos texto | 0 tabelas | 0 imgs | 0.46s
2026-04-20 11:22:00 | INFO     | Processando: adsp20162105.pdf
2026-04-20 11:22:00 | INFO     | PyMuPDF: sem imagens embutidas em adsp20162104.pdf
2026-04-20 11:22:00 | WARNING  | Imagens — pdf2image falhou (Poppler instalado?): No module named 'pdf2image'
2026-04-20 11:22:00 | INFO     | Concluído: adsp20162104.pdf | 2 blocos texto | 0 tabelas | 0 imgs | 0.13s
2026-04-20 11:22:00 | INFO     | Processando: adsp2016210_1.pdf
2026-04-20 11:22:00 | INFO     | PyMuPDF: sem imagens embutidas em adsp20162089_1.pdf
2026-04-20 11:22:00 | WARNING  | Imagens — pdf2image falhou (Poppler instalado?): No module named 'pdf2image'
2026-04-20 11:22:00 | INFO     | Concluído: adsp20162089_1.pdf | 6 blocos texto | 1 tabelas | 0 imgs | 0.82s
2026-04-20 11:22:00 | INFO     | Processando: adsp20162111.pdf
2026-04-20 11:22:00 | INFO     | PyMuPDF: sem imagens embutidas em adsp20162105.pdf
2026-04-20 11:22:00 | WARNING  | Imagens — pdf2image falhou (Poppler instalado?): No module named 'pdf2image'
2026-04-20 11:22:00 | INFO     | Concluído: adsp20162105.pdf | 2 blocos texto | 0 tabelas | 0 imgs | 0.23s
2026-04-20 11:22:00 | INFO     | Processando: adsp2016211_1.pdf
2026-04-20 11:22:00 | INFO     | PyMuPDF: sem imagens embutidas em adsp20162111.pdf
2026-04-20 11:22:00 | WARNING  | Imagens — pdf2image falhou (Poppler instalado?): No module named 'pdf2image'
2026-04-20 11:22:00 | INFO     | Concluído: adsp20162111.pdf | 2 blocos texto | 0 tabelas | 0 imgs | 0.13s
2026-04-20 11:22:00 | INFO     | Processando: adsp2016212_1.pdf
2026-04-20 11:22:00 | INFO     | Concluído: adsp2016205_2_1.pdf | 13 blocos texto | 21 tabelas | 216 imgs | 2.28s
2026-04-20 11:22:00 | INFO     | Processando: adsp2016213_1.pdf
2026-04-20 11:22:00 | INFO     | PyMuPDF: sem imagens embutidas em adsp2016207_1.pdf
2026-04-20 11:22:00 | WARNING  | Imagens — pdf2image falhou (Poppler instalado?): No module named 'pdf2image'
2026-04-20 11:22:00 | INFO     | Concluído: adsp2016207_1.pdf | 12 blocos texto | 5 tabelas | 0 imgs | 1.56s
2026-04-20 11:22:00 | INFO     | Processando: adsp20162153.pdf
2026-04-20 11:22:00 | INFO     | Concluído: adsp2016208_1.pdf | 8 blocos texto | 4 tabelas | 7 imgs | 1.17s
2026-04-20 11:22:00 | INFO     | Processando: adsp20162165.pdf
2026-04-20 11:22:01 | INFO     | PyMuPDF: sem imagens embutidas em adsp20162153.pdf
2026-04-20 11:22:01 | WARNING  | Imagens — pdf2image falhou (Poppler instalado?): No module named 'pdf2image'
2026-04-20 11:22:01 | INFO     | Concluído: adsp20162153.pdf | 3 blocos texto | 0 tabelas | 0 imgs | 0.34s
2026-04-20 11:22:01 | INFO     | Processando: adsp20162167.pdf
2026-04-20 11:22:01 | INFO     | PyMuPDF: sem imagens embutidas em adsp20162165.pdf
2026-04-20 11:22:01 | WARNING  | Imagens — pdf2image falhou (Poppler instalado?): No module named 'pdf2image'
2026-04-20 11:22:01 | INFO     | Concluído: adsp20162165.pdf | 2 blocos texto | 0 tabelas | 0 imgs | 0.22s
2026-04-20 11:22:01 | INFO     | Processando: adsp2016216_1.pdf
2026-04-20 11:22:01 | INFO     | PyMuPDF: sem imagens embutidas em adsp2016213_1.pdf
2026-04-20 11:22:01 | WARNING  | Imagens — pdf2image falhou (Poppler instalado?): No module named 'pdf2image'
2026-04-20 11:22:01 | INFO     | Concluído: adsp2016213_1.pdf | 4 blocos texto | 0 tabelas | 0 imgs | 0.59s
2026-04-20 11:22:01 | INFO     | Processando: adsp20162172_1.pdf
2026-04-20 11:22:01 | INFO     | PyMuPDF: sem imagens embutidas em adsp2016212_1.pdf
2026-04-20 11:22:01 | WARNING  | Imagens — pdf2image falhou (Poppler instalado?): No module named 'pdf2image'
2026-04-20 11:22:01 | INFO     | Concluído: adsp2016212_1.pdf | 8 blocos texto | 3 tabelas | 0 imgs | 0.71s
2026-04-20 11:22:01 | INFO     | Processando: adsp20162173_1.pdf
2026-04-20 11:22:01 | INFO     | PyMuPDF: sem imagens embutidas em adsp20162167.pdf
2026-04-20 11:22:01 | WARNING  | Imagens — pdf2image falhou (Poppler instalado?): No module named 'pdf2image'
2026-04-20 11:22:01 | INFO     | Concluído: adsp20162167.pdf | 3 blocos texto | 0 tabelas | 0 imgs | 0.19s
2026-04-20 11:22:01 | INFO     | Processando: adsp20162177_1.pdf
2026-04-20 11:22:01 | INFO     | PyMuPDF: sem imagens embutidas em adsp2016216_1.pdf
2026-04-20 11:22:01 | WARNING  | Imagens — pdf2image falhou (Poppler instalado?): No module named 'pdf2image'
2026-04-20 11:22:01 | INFO     | Concluído: adsp2016216_1.pdf | 4 blocos texto | 0 tabelas | 0 imgs | 0.33s
2026-04-20 11:22:01 | INFO     | Processando: adsp20162178_1.pdf
2026-04-20 11:22:01 | INFO     | PyMuPDF: sem imagens embutidas em adsp20162172_1.pdf
2026-04-20 11:22:01 | WARNING  | Imagens — pdf2image falhou (Poppler instalado?): No module named 'pdf2image'
2026-04-20 11:22:01 | INFO     | Concluído: adsp20162172_1.pdf | 3 blocos texto | 0 tabelas | 0 imgs | 0.37s
2026-04-20 11:22:01 | INFO     | Processando: adsp2016217_3.pdf
2026-04-20 11:22:01 | INFO     | PyMuPDF: sem imagens embutidas em adsp20162173_1.pdf
2026-04-20 11:22:01 | WARNING  | Imagens — pdf2image falhou (Poppler instalado?): No module named 'pdf2image'
2026-04-20 11:22:01 | INFO     | Concluído: adsp20162173_1.pdf | 2 blocos texto | 0 tabelas | 0 imgs | 0.36s
2026-04-20 11:22:01 | INFO     | Processando: adsp20162194_1.pdf
2026-04-20 11:22:01 | INFO     | PyMuPDF: sem imagens embutidas em adsp2016209_1.pdf
2026-04-20 11:22:01 | WARNING  | Imagens — pdf2image falhou (Poppler instalado?): No module named 'pdf2image'
2026-04-20 11:22:01 | INFO     | Concluído: adsp2016209_1.pdf | 11 blocos texto | 5 tabelas | 0 imgs | 1.49s
2026-04-20 11:22:01 | INFO     | Processando: adsp20162198_1.pdf
2026-04-20 11:22:01 | INFO     | PyMuPDF: sem imagens embutidas em adsp20162178_1.pdf
2026-04-20 11:22:01 | WARNING  | Imagens — pdf2image falhou (Poppler instalado?): No module named 'pdf2image'
2026-04-20 11:22:01 | INFO     | Concluído: adsp20162178_1.pdf | 3 blocos texto | 0 tabelas | 0 imgs | 0.26s
2026-04-20 11:22:01 | INFO     | Processando: adsp2016220.pdf
2026-04-20 11:22:01 | INFO     | PyMuPDF: sem imagens embutidas em adsp20162177_1.pdf
2026-04-20 11:22:01 | WARNING  | Imagens — pdf2image falhou (Poppler instalado?): No module named 'pdf2image'
2026-04-20 11:22:01 | INFO     | Concluído: adsp20162177_1.pdf | 5 blocos texto | 0 tabelas | 0 imgs | 0.57s
2026-04-20 11:22:01 | INFO     | Processando: adsp20162208_1.pdf
2026-04-20 11:22:01 | INFO     | PyMuPDF: sem imagens embutidas em adsp2016210_1.pdf
2026-04-20 11:22:01 | WARNING  | Imagens — pdf2image falhou (Poppler instalado?): No module named 'pdf2image'
2026-04-20 11:22:01 | INFO     | Concluído: adsp2016210_1.pdf | 12 blocos texto | 5 tabelas | 0 imgs | 1.57s
2026-04-20 11:22:01 | INFO     | Processando: adsp20162209_1.pdf
2026-04-20 11:22:01 | INFO     | PyMuPDF: sem imagens embutidas em adsp2016220.pdf
2026-04-20 11:22:01 | WARNING  | Imagens — pdf2image falhou (Poppler instalado?): No module named 'pdf2image'
2026-04-20 11:22:01 | INFO     | Concluído: adsp2016220.pdf | 2 blocos texto | 0 tabelas | 0 imgs | 0.20s
2026-04-20 11:22:01 | INFO     | Processando: adsp20162215_1.pdf
2026-04-20 11:22:02 | INFO     | Concluído: adsp2016211_1.pdf | 13 blocos texto | 5 tabelas | 12 imgs | 1.60s
2026-04-20 11:22:02 | INFO     | Processando: adsp2016221_1.pdf
2026-04-20 11:22:02 | INFO     | PyMuPDF: sem imagens embutidas em adsp20162194_1.pdf
2026-04-20 11:22:02 | WARNING  | Imagens — pdf2image falhou (Poppler instalado?): No module named 'pdf2image'
2026-04-20 11:22:02 | INFO     | Concluído: adsp20162194_1.pdf | 6 blocos texto | 0 tabelas | 0 imgs | 0.55s
2026-04-20 11:22:02 | INFO     | Processando: adsp20162225.pdf
2026-04-20 11:22:02 | INFO     | PyMuPDF: sem imagens embutidas em adsp20162198_1.pdf
2026-04-20 11:22:02 | WARNING  | Imagens — pdf2image falhou (Poppler instalado?): No module named 'pdf2image'
2026-04-20 11:22:02 | INFO     | Concluído: adsp20162198_1.pdf | 5 blocos texto | 1 tabelas | 0 imgs | 0.59s
2026-04-20 11:22:02 | INFO     | Processando: adsp20162233_1.pdf
2026-04-20 11:22:02 | INFO     | PyMuPDF: sem imagens embutidas em adsp20162215_1.pdf
2026-04-20 11:22:02 | WARNING  | Imagens — pdf2image falhou (Poppler instalado?): No module named 'pdf2image'
2026-04-20 11:22:02 | INFO     | Concluído: adsp20162215_1.pdf | 4 blocos texto | 0 tabelas | 0 imgs | 0.36s
2026-04-20 11:22:02 | INFO     | Processando: adsp20162234_1.pdf
2026-04-20 11:22:02 | INFO     | PyMuPDF: sem imagens embutidas em adsp20162225.pdf
2026-04-20 11:22:02 | INFO     | PyMuPDF: sem imagens embutidas em adsp20162208_1.pdf
2026-04-20 11:22:02 | WARNING  | Imagens — pdf2image falhou (Poppler instalado?): No module named 'pdf2image'
2026-04-20 11:22:02 | INFO     | Concluído: adsp20162225.pdf | 2 blocos texto | 0 tabelas | 0 imgs | 0.19s
2026-04-20 11:22:02 | WARNING  | Imagens — pdf2image falhou (Poppler instalado?): No module named 'pdf2image'
2026-04-20 11:22:02 | INFO     | Concluído: adsp20162208_1.pdf | 5 blocos texto | 1 tabelas | 0 imgs | 0.48s
2026-04-20 11:22:02 | INFO     | Processando: adsp20162235_1.pdf
2026-04-20 11:22:02 | INFO     | Processando: adsp20162236_1.pdf
2026-04-20 11:22:02 | INFO     | PyMuPDF: sem imagens embutidas em adsp2016221_1.pdf
2026-04-20 11:22:02 | WARNING  | Imagens — pdf2image falhou (Poppler instalado?): No module named 'pdf2image'
2026-04-20 11:22:02 | INFO     | Concluído: adsp2016221_1.pdf | 4 blocos texto | 0 tabelas | 0 imgs | 0.30s
2026-04-20 11:22:02 | INFO     | Processando: adsp20162238_1.pdf
2026-04-20 11:22:02 | INFO     | PyMuPDF: sem imagens embutidas em adsp2016217_3.pdf
2026-04-20 11:22:02 | WARNING  | Imagens — pdf2image falhou (Poppler instalado?): No module named 'pdf2image'
2026-04-20 11:22:02 | INFO     | Concluído: adsp2016217_3.pdf | 6 blocos texto | 1 tabelas | 0 imgs | 0.89s
2026-04-20 11:22:02 | INFO     | Processando: adsp2016223_1.pdf
2026-04-20 11:22:02 | INFO     | PyMuPDF: sem imagens embutidas em adsp20162234_1.pdf
2026-04-20 11:22:02 | WARNING  | Imagens — pdf2image falhou (Poppler instalado?): No module named 'pdf2image'
2026-04-20 11:22:02 | INFO     | Concluído: adsp20162234_1.pdf | 5 blocos texto | 1 tabelas | 0 imgs | 0.45s
2026-04-20 11:22:02 | INFO     | Processando: adsp20162252_1.pdf
2026-04-20 11:22:02 | INFO     | PyMuPDF: sem imagens embutidas em adsp20162209_1.pdf
2026-04-20 11:22:02 | WARNING  | Imagens — pdf2image falhou (Poppler instalado?): No module named 'pdf2image'
2026-04-20 11:22:02 | INFO     | Concluído: adsp20162209_1.pdf | 6 blocos texto | 4 tabelas | 0 imgs | 0.91s
2026-04-20 11:22:02 | INFO     | Processando: adsp20162253_1.pdf
2026-04-20 11:22:02 | INFO     | PyMuPDF: sem imagens embutidas em adsp2016223_1.pdf
2026-04-20 11:22:02 | WARNING  | Imagens — pdf2image falhou (Poppler instalado?): No module named 'pdf2image'
2026-04-20 11:22:02 | INFO     | Concluído: adsp2016223_1.pdf | 4 blocos texto | 1 tabelas | 0 imgs | 0.42s
2026-04-20 11:22:02 | INFO     | Processando: adsp20162258_1.pdf
2026-04-20 11:22:02 | INFO     | PyMuPDF: sem imagens embutidas em adsp20162236_1.pdf
2026-04-20 11:22:02 | WARNING  | Imagens — pdf2image falhou (Poppler instalado?): No module named 'pdf2image'
2026-04-20 11:22:02 | INFO     | Concluído: adsp20162236_1.pdf | 4 blocos texto | 0 tabelas | 0 imgs | 0.56s
2026-04-20 11:22:02 | INFO     | Processando: adsp20162259_1.pdf
2026-04-20 11:22:03 | INFO     | Concluído: adsp20162233_1.pdf | 6 blocos texto | 0 tabelas | 1 imgs | 0.83s
2026-04-20 11:22:03 | INFO     | Processando: adsp2016225_3.pdf
2026-04-20 11:22:03 | INFO     | PyMuPDF: sem imagens embutidas em adsp20162238_1.pdf
2026-04-20 11:22:03 | WARNING  | Imagens — pdf2image falhou (Poppler instalado?): No module named 'pdf2image'
2026-04-20 11:22:03 | INFO     | Concluído: adsp20162238_1.pdf | 6 blocos texto | 0 tabelas | 0 imgs | 0.70s
2026-04-20 11:22:03 | INFO     | Processando: adsp20162262_1.pdf
2026-04-20 11:22:03 | INFO     | Concluído: adsp20162235_1.pdf | 11 blocos texto | 2 tabelas | 3 imgs | 0.94s
2026-04-20 11:22:03 | INFO     | Processando: adsp20162263_1.pdf
2026-04-20 11:22:03 | INFO     | PyMuPDF: sem imagens embutidas em adsp20162252_1.pdf
2026-04-20 11:22:03 | WARNING  | Imagens — pdf2image falhou (Poppler instalado?): No module named 'pdf2image'
2026-04-20 11:22:03 | INFO     | Concluído: adsp20162252_1.pdf | 4 blocos texto | 1 tabelas | 0 imgs | 0.54s
2026-04-20 11:22:03 | INFO     | Processando: adsp20162269_1.pdf
2026-04-20 11:22:03 | INFO     | PyMuPDF: sem imagens embutidas em adsp20162253_1.pdf
2026-04-20 11:22:03 | WARNING  | Imagens — pdf2image falhou (Poppler instalado?): No module named 'pdf2image'
2026-04-20 11:22:03 | INFO     | Concluído: adsp20162253_1.pdf | 5 blocos texto | 0 tabelas | 0 imgs | 0.57s
2026-04-20 11:22:03 | INFO     | Processando: adsp2016226_1.pdf
2026-04-20 11:22:03 | INFO     | PyMuPDF: sem imagens embutidas em adsp20162259_1.pdf
2026-04-20 11:22:03 | WARNING  | Imagens — pdf2image falhou (Poppler instalado?): No module named 'pdf2image'
2026-04-20 11:22:03 | INFO     | Concluído: adsp20162259_1.pdf | 6 blocos texto | 0 tabelas | 0 imgs | 0.56s
2026-04-20 11:22:03 | INFO     | Processando: adsp2016229.pdf
2026-04-20 11:22:03 | INFO     | PyMuPDF: sem imagens embutidas em adsp20162258_1.pdf
2026-04-20 11:22:03 | WARNING  | Imagens — pdf2image falhou (Poppler instalado?): No module named 'pdf2image'
2026-04-20 11:22:03 | INFO     | Concluído: adsp20162258_1.pdf | 8 blocos texto | 1 tabelas | 0 imgs | 0.59s
2026-04-20 11:22:03 | INFO     | Processando: adsp20162301_1.pdf
2026-04-20 11:22:03 | INFO     | PyMuPDF: sem imagens embutidas em adsp20162262_1.pdf
2026-04-20 11:22:03 | WARNING  | Imagens — pdf2image falhou (Poppler instalado?): No module named 'pdf2image'
2026-04-20 11:22:03 | INFO     | Concluído: adsp20162262_1.pdf | 3 blocos texto | 0 tabelas | 0 imgs | 0.38s
2026-04-20 11:22:03 | INFO     | Processando: adsp20162302_1.pdf
2026-04-20 11:22:03 | INFO     | PyMuPDF: sem imagens embutidas em adsp20162269_1.pdf
2026-04-20 11:22:03 | WARNING  | Imagens — pdf2image falhou (Poppler instalado?): No module named 'pdf2image'
2026-04-20 11:22:03 | INFO     | Concluído: adsp20162269_1.pdf | 4 blocos texto | 0 tabelas | 0 imgs | 0.41s
2026-04-20 11:22:03 | INFO     | Processando: adsp20162303_1.pdf
2026-04-20 11:22:03 | INFO     | PyMuPDF: sem imagens embutidas em adsp20162263_1.pdf
2026-04-20 11:22:03 | WARNING  | Imagens — pdf2image falhou (Poppler instalado?): No module named 'pdf2image'
2026-04-20 11:22:03 | INFO     | Concluído: adsp20162263_1.pdf | 5 blocos texto | 0 tabelas | 0 imgs | 0.43s
2026-04-20 11:22:03 | INFO     | Processando: adsp20162304_1.pdf
2026-04-20 11:22:03 | INFO     | PyMuPDF: sem imagens embutidas em adsp2016086_2.pdf
2026-04-20 11:22:03 | WARNING  | Imagens — pdf2image falhou (Poppler instalado?): No module named 'pdf2image'
2026-04-20 11:22:03 | INFO     | Concluído: adsp2016086_2.pdf | 3 blocos texto | 74 tabelas | 0 imgs | 23.65s
2026-04-20 11:22:03 | INFO     | Processando: adsp20162305_1.pdf
2026-04-20 11:22:03 | INFO     | PyMuPDF: sem imagens embutidas em adsp2016225_3.pdf
2026-04-20 11:22:03 | WARNING  | Imagens — pdf2image falhou (Poppler instalado?): No module named 'pdf2image'
2026-04-20 11:22:03 | INFO     | Concluído: adsp2016225_3.pdf | 6 blocos texto | 4 tabelas | 0 imgs | 0.78s
2026-04-20 11:22:03 | INFO     | Processando: adsp20162306_1.pdf
2026-04-20 11:22:03 | INFO     | PyMuPDF: sem imagens embutidas em adsp2016229.pdf
2026-04-20 11:22:03 | WARNING  | Imagens — pdf2image falhou (Poppler instalado?): No module named 'pdf2image'
2026-04-20 11:22:03 | INFO     | Concluído: adsp2016229.pdf | 3 blocos texto | 0 tabelas | 0 imgs | 0.43s
2026-04-20 11:22:03 | INFO     | Processando: adsp20162307_1.pdf
2026-04-20 11:22:03 | INFO     | PyMuPDF: sem imagens embutidas em adsp20162301_1.pdf
2026-04-20 11:22:03 | WARNING  | Imagens — pdf2image falhou (Poppler instalado?): No module named 'pdf2image'
2026-04-20 11:22:03 | INFO     | Concluído: adsp20162301_1.pdf | 6 blocos texto | 0 tabelas | 0 imgs | 0.49s
2026-04-20 11:22:03 | INFO     | Processando: adsp20162308_1.pdf
2026-04-20 11:22:04 | INFO     | PyMuPDF: sem imagens embutidas em adsp2016226_1.pdf
2026-04-20 11:22:04 | WARNING  | Imagens — pdf2image falhou (Poppler instalado?): No module named 'pdf2image'
2026-04-20 11:22:04 | INFO     | Concluído: adsp2016226_1.pdf | 5 blocos texto | 2 tabelas | 0 imgs | 0.60s
2026-04-20 11:22:04 | INFO     | Processando: adsp20162309_1.pdf
2026-04-20 11:22:04 | INFO     | PyMuPDF: sem imagens embutidas em adsp20162305_1.pdf
2026-04-20 11:22:04 | WARNING  | Imagens — pdf2image falhou (Poppler instalado?): No module named 'pdf2image'
2026-04-20 11:22:04 | INFO     | Concluído: adsp20162305_1.pdf | 2 blocos texto | 0 tabelas | 0 imgs | 0.30s
2026-04-20 11:22:04 | INFO     | Processando: adsp20162310_1.pdf
2026-04-20 11:22:04 | INFO     | PyMuPDF: sem imagens embutidas em adsp20162307_1.pdf
2026-04-20 11:22:04 | WARNING  | Imagens — pdf2image falhou (Poppler instalado?): No module named 'pdf2image'
2026-04-20 11:22:04 | INFO     | Concluído: adsp20162307_1.pdf | 5 blocos texto | 0 tabelas | 0 imgs | 0.27s
2026-04-20 11:22:04 | INFO     | Processando: adsp20162310_3.pdf
2026-04-20 11:22:04 | INFO     | PyMuPDF: sem imagens embutidas em adsp20162306_1.pdf
2026-04-20 11:22:04 | WARNING  | Imagens — pdf2image falhou (Poppler instalado?): No module named 'pdf2image'
2026-04-20 11:22:04 | INFO     | Concluído: adsp20162306_1.pdf | 6 blocos texto | 1 tabelas | 0 imgs | 0.50s
2026-04-20 11:22:04 | INFO     | Processando: adsp20162311_1.pdf
2026-04-20 11:22:04 | INFO     | PyMuPDF: sem imagens embutidas em adsp20162308_1.pdf
2026-04-20 11:22:04 | WARNING  | Imagens — pdf2image falhou (Poppler instalado?): No module named 'pdf2image'
2026-04-20 11:22:04 | INFO     | Concluído: adsp20162308_1.pdf | 7 blocos texto | 0 tabelas | 0 imgs | 0.47s
2026-04-20 11:22:04 | INFO     | Processando: adsp20162316_1.pdf
2026-04-20 11:22:04 | INFO     | PyMuPDF: sem imagens embutidas em adsp20162302_1.pdf
2026-04-20 11:22:04 | WARNING  | Imagens — pdf2image falhou (Poppler instalado?): No module named 'pdf2image'
2026-04-20 11:22:04 | INFO     | Concluído: adsp20162302_1.pdf | 7 blocos texto | 0 tabelas | 0 imgs | 0.97s
2026-04-20 11:22:04 | INFO     | Processando: adsp20162317.pdf
2026-04-20 11:22:04 | INFO     | PyMuPDF: sem imagens embutidas em adsp20162304_1.pdf
2026-04-20 11:22:04 | WARNING  | Imagens — pdf2image falhou (Poppler instalado?): No module named 'pdf2image'
2026-04-20 11:22:04 | INFO     | Concluído: adsp20162304_1.pdf | 5 blocos texto | 2 tabelas | 0 imgs | 0.84s
2026-04-20 11:22:04 | INFO     | Processando: adsp2016232_1.pdf
2026-04-20 11:22:04 | INFO     | PyMuPDF: sem imagens embutidas em adsp20162317.pdf
2026-04-20 11:22:04 | WARNING  | Imagens — pdf2image falhou (Poppler instalado?): No module named 'pdf2image'
2026-04-20 11:22:04 | INFO     | Concluído: adsp20162317.pdf | 2 blocos texto | 0 tabelas | 0 imgs | 0.20s
2026-04-20 11:22:04 | INFO     | Processando: adsp20162349.pdf
2026-04-20 11:22:04 | INFO     | Concluído: adsp20162316_1.pdf | 3 blocos texto | 0 tabelas | 2 imgs | 0.23s
2026-04-20 11:22:04 | INFO     | Processando: adsp20162350_1.pdf
2026-04-20 11:22:04 | INFO     | PyMuPDF: sem imagens embutidas em adsp20162309_1.pdf
2026-04-20 11:22:04 | WARNING  | Imagens — pdf2image falhou (Poppler instalado?): No module named 'pdf2image'
2026-04-20 11:22:04 | INFO     | Concluído: adsp20162309_1.pdf | 7 blocos texto | 3 tabelas | 0 imgs | 0.70s
2026-04-20 11:22:04 | INFO     | Processando: adsp20162351_1.pdf
2026-04-20 11:22:04 | INFO     | PyMuPDF: sem imagens embutidas em adsp20162310_3.pdf
2026-04-20 11:22:04 | WARNING  | Imagens — pdf2image falhou (Poppler instalado?): No module named 'pdf2image'
2026-04-20 11:22:04 | INFO     | Concluído: adsp20162310_3.pdf | 5 blocos texto | 1 tabelas | 0 imgs | 0.61s
2026-04-20 11:22:04 | INFO     | Processando: adsp20162352_1.pdf
2026-04-20 11:22:04 | INFO     | PyMuPDF: sem imagens embutidas em adsp20162349.pdf
2026-04-20 11:22:04 | WARNING  | Imagens — pdf2image falhou (Poppler instalado?): No module named 'pdf2image'
2026-04-20 11:22:04 | INFO     | Concluído: adsp20162349.pdf | 2 blocos texto | 0 tabelas | 0 imgs | 0.17s
2026-04-20 11:22:04 | INFO     | Processando: adsp20162353_1.pdf
2026-04-20 11:22:04 | INFO     | Concluído: adsp20162310_1.pdf | 7 blocos texto | 0 tabelas | 4 imgs | 0.78s
2026-04-20 11:22:04 | INFO     | Processando: adsp20162354_1.pdf
2026-04-20 11:22:05 | INFO     | PyMuPDF: sem imagens embutidas em adsp20162311_1.pdf
2026-04-20 11:22:05 | WARNING  | Imagens — pdf2image falhou (Poppler instalado?): No module named 'pdf2image'
2026-04-20 11:22:05 | INFO     | Concluído: adsp20162311_1.pdf | 6 blocos texto | 0 tabelas | 0 imgs | 0.68s
2026-04-20 11:22:05 | INFO     | Processando: adsp20162355_1.pdf
2026-04-20 11:22:05 | INFO     | PyMuPDF: sem imagens embutidas em adsp20162353_1.pdf
2026-04-20 11:22:05 | WARNING  | Imagens — pdf2image falhou (Poppler instalado?): No module named 'pdf2image'
2026-04-20 11:22:05 | INFO     | Concluído: adsp20162353_1.pdf | 5 blocos texto | 0 tabelas | 0 imgs | 0.25s
2026-04-20 11:22:05 | INFO     | Processando: adsp20162356_1.pdf
2026-04-20 11:22:05 | INFO     | PyMuPDF: sem imagens embutidas em adsp2016232_1.pdf
2026-04-20 11:22:05 | WARNING  | Imagens — pdf2image falhou (Poppler instalado?): No module named 'pdf2image'
2026-04-20 11:22:05 | INFO     | Concluído: adsp2016232_1.pdf | 8 blocos texto | 0 tabelas | 0 imgs | 0.54s
2026-04-20 11:22:05 | INFO     | Processando: adsp20162357_1.pdf
2026-04-20 11:22:05 | INFO     | PyMuPDF: sem imagens embutidas em adsp20162354_1.pdf
2026-04-20 11:22:05 | WARNING  | Imagens — pdf2image falhou (Poppler instalado?): No module named 'pdf2image'
2026-04-20 11:22:05 | INFO     | Concluído: adsp20162354_1.pdf | 6 blocos texto | 0 tabelas | 0 imgs | 0.39s
2026-04-20 11:22:05 | INFO     | Processando: adsp20162358_1.pdf
2026-04-20 11:22:05 | INFO     | PyMuPDF: sem imagens embutidas em adsp20162355_1.pdf
2026-04-20 11:22:05 | WARNING  | Imagens — pdf2image falhou (Poppler instalado?): No module named 'pdf2image'
2026-04-20 11:22:05 | INFO     | Concluído: adsp20162355_1.pdf | 3 blocos texto | 0 tabelas | 0 imgs | 0.25s
2026-04-20 11:22:05 | INFO     | Processando: adsp20162360_1.pdf
2026-04-20 11:22:05 | INFO     | PyMuPDF: sem imagens embutidas em adsp20162356_1.pdf
2026-04-20 11:22:05 | WARNING  | Imagens — pdf2image falhou (Poppler instalado?): No module named 'pdf2image'
2026-04-20 11:22:05 | INFO     | Concluído: adsp20162356_1.pdf | 3 blocos texto | 0 tabelas | 0 imgs | 0.22s
2026-04-20 11:22:05 | INFO     | Processando: adsp20162361_1.pdf
2026-04-20 11:22:05 | INFO     | PyMuPDF: sem imagens embutidas em adsp20162351_1.pdf
2026-04-20 11:22:05 | WARNING  | Imagens — pdf2image falhou (Poppler instalado?): No module named 'pdf2image'
2026-04-20 11:22:05 | INFO     | Concluído: adsp20162351_1.pdf | 6 blocos texto | 2 tabelas | 0 imgs | 0.70s
2026-04-20 11:22:05 | INFO     | Processando: adsp20162364_1.pdf
2026-04-20 11:22:05 | INFO     | Concluído: adsp20162303_1.pdf | 11 blocos texto | 6 tabelas | 2 imgs | 1.91s
2026-04-20 11:22:05 | INFO     | Processando: adsp20162374_1.pdf
2026-04-20 11:22:05 | INFO     | PyMuPDF: sem imagens embutidas em adsp20162358_1.pdf
2026-04-20 11:22:05 | WARNING  | Imagens — pdf2image falhou (Poppler instalado?): No module named 'pdf2image'
2026-04-20 11:22:05 | INFO     | Concluído: adsp20162358_1.pdf | 4 blocos texto | 0 tabelas | 0 imgs | 0.43s
2026-04-20 11:22:05 | INFO     | Processando: adsp20162375_1.pdf
2026-04-20 11:22:05 | INFO     | PyMuPDF: sem imagens embutidas em adsp20162352_1.pdf
2026-04-20 11:22:05 | WARNING  | Imagens — pdf2image falhou (Poppler instalado?): No module named 'pdf2image'
2026-04-20 11:22:05 | INFO     | Concluído: adsp20162352_1.pdf | 6 blocos texto | 2 tabelas | 0 imgs | 0.90s
2026-04-20 11:22:05 | INFO     | Processando: adsp2016240_2.pdf
2026-04-20 11:22:05 | INFO     | PyMuPDF: sem imagens embutidas em adsp20162350_1.pdf
2026-04-20 11:22:05 | WARNING  | Imagens — pdf2image falhou (Poppler instalado?): No module named 'pdf2image'
2026-04-20 11:22:05 | INFO     | Concluído: adsp20162350_1.pdf | 5 blocos texto | 14 tabelas | 0 imgs | 1.10s
2026-04-20 11:22:05 | INFO     | Processando: adsp20162418_1.pdf
2026-04-20 11:22:05 | INFO     | PyMuPDF: sem imagens embutidas em adsp20162360_1.pdf
2026-04-20 11:22:05 | WARNING  | Imagens — pdf2image falhou (Poppler instalado?): No module named 'pdf2image'
2026-04-20 11:22:05 | INFO     | Concluído: adsp20162360_1.pdf | 6 blocos texto | 0 tabelas | 0 imgs | 0.62s
2026-04-20 11:22:05 | INFO     | PyMuPDF: sem imagens embutidas em adsp20162361_1.pdf
2026-04-20 11:22:05 | INFO     | Processando: adsp20162419_1.pdf
2026-04-20 11:22:05 | WARNING  | Imagens — pdf2image falhou (Poppler instalado?): No module named 'pdf2image'
2026-04-20 11:22:05 | INFO     | Concluído: adsp20162361_1.pdf | 5 blocos texto | 0 tabelas | 0 imgs | 0.61s
2026-04-20 11:22:05 | INFO     | Processando: adsp20162420_1.pdf
2026-04-20 11:22:05 | INFO     | PyMuPDF: sem imagens embutidas em adsp20162357_1.pdf
2026-04-20 11:22:05 | WARNING  | Imagens — pdf2image falhou (Poppler instalado?): No module named 'pdf2image'
2026-04-20 11:22:05 | INFO     | Concluído: adsp20162357_1.pdf | 7 blocos texto | 0 tabelas | 0 imgs | 0.82s
2026-04-20 11:22:05 | INFO     | Processando: adsp20162421.pdf
2026-04-20 11:22:05 | INFO     | Concluído: adsp2016240_2.pdf | 3 blocos texto | 0 tabelas | 3 imgs | 0.31s
2026-04-20 11:22:05 | INFO     | Processando: adsp20162424.pdf
2026-04-20 11:22:06 | INFO     | PyMuPDF: sem imagens embutidas em adsp20162374_1.pdf
2026-04-20 11:22:06 | WARNING  | Imagens — pdf2image falhou (Poppler instalado?): No module named 'pdf2image'
2026-04-20 11:22:06 | INFO     | Concluído: adsp20162374_1.pdf | 5 blocos texto | 0 tabelas | 0 imgs | 0.45s
2026-04-20 11:22:06 | INFO     | Processando: adsp20162428.pdf
2026-04-20 11:22:06 | INFO     | PyMuPDF: sem imagens embutidas em adsp20162421.pdf
2026-04-20 11:22:06 | WARNING  | Imagens — pdf2image falhou (Poppler instalado?): No module named 'pdf2image'
2026-04-20 11:22:06 | INFO     | Concluído: adsp20162421.pdf | 2 blocos texto | 0 tabelas | 0 imgs | 0.23s
2026-04-20 11:22:06 | INFO     | Processando: adsp20162435_1.pdf
2026-04-20 11:22:06 | INFO     | PyMuPDF: sem imagens embutidas em adsp20162418_1.pdf
2026-04-20 11:22:06 | WARNING  | Imagens — pdf2image falhou (Poppler instalado?): No module named 'pdf2image'
2026-04-20 11:22:06 | INFO     | Concluído: adsp20162418_1.pdf | 4 blocos texto | 0 tabelas | 0 imgs | 0.41s
2026-04-20 11:22:06 | INFO     | PyMuPDF: sem imagens embutidas em adsp20162419_1.pdf
2026-04-20 11:22:06 | INFO     | Processando: adsp20162441_1.pdf
2026-04-20 11:22:06 | WARNING  | Imagens — pdf2image falhou (Poppler instalado?): No module named 'pdf2image'
2026-04-20 11:22:06 | INFO     | Concluído: adsp20162419_1.pdf | 4 blocos texto | 0 tabelas | 0 imgs | 0.26s
2026-04-20 11:22:06 | INFO     | Processando: adsp20162501_1.pdf
2026-04-20 11:22:06 | INFO     | PyMuPDF: sem imagens embutidas em adsp20162424.pdf
2026-04-20 11:22:06 | WARNING  | Imagens — pdf2image falhou (Poppler instalado?): No module named 'pdf2image'
2026-04-20 11:22:06 | INFO     | Concluído: adsp20162424.pdf | 3 blocos texto | 0 tabelas | 0 imgs | 0.23s
2026-04-20 11:22:06 | INFO     | Processando: adsp20162503_1.pdf
2026-04-20 11:22:06 | INFO     | PyMuPDF: sem imagens embutidas em adsp20162364_1.pdf
2026-04-20 11:22:06 | WARNING  | Imagens — pdf2image falhou (Poppler instalado?): No module named 'pdf2image'
2026-04-20 11:22:06 | INFO     | Concluído: adsp20162364_1.pdf | 10 blocos texto | 0 tabelas | 0 imgs | 0.87s
2026-04-20 11:22:06 | INFO     | Processando: adsp20162505_1.pdf
2026-04-20 11:22:06 | INFO     | PyMuPDF: sem imagens embutidas em adsp20162420_1.pdf
2026-04-20 11:22:06 | WARNING  | Imagens — pdf2image falhou (Poppler instalado?): No module named 'pdf2image'
2026-04-20 11:22:06 | INFO     | Concluído: adsp20162420_1.pdf | 2 blocos texto | 5 tabelas | 0 imgs | 0.39s
2026-04-20 11:22:06 | INFO     | Processando: adsp20162506_1.pdf
2026-04-20 11:22:06 | INFO     | Concluído: adsp20162501_1.pdf | 3 blocos texto | 2 tabelas | 5 imgs | 0.29s
2026-04-20 11:22:06 | INFO     | Processando: adsp20162508_1.pdf
2026-04-20 11:22:06 | INFO     | PyMuPDF: sem imagens embutidas em adsp20162428.pdf
2026-04-20 11:22:06 | WARNING  | Imagens — pdf2image falhou (Poppler instalado?): No module named 'pdf2image'
2026-04-20 11:22:06 | INFO     | Concluído: adsp20162428.pdf | 2 blocos texto | 0 tabelas | 0 imgs | 0.41s
2026-04-20 11:22:06 | INFO     | Processando: adsp20162509_1.pdf
2026-04-20 11:22:06 | INFO     | PyMuPDF: sem imagens embutidas em adsp20162505_1.pdf
2026-04-20 11:22:06 | WARNING  | Imagens — pdf2image falhou (Poppler instalado?): No module named 'pdf2image'
2026-04-20 11:22:06 | INFO     | Concluído: adsp20162505_1.pdf | 3 blocos texto | 0 tabelas | 0 imgs | 0.29s
2026-04-20 11:22:06 | INFO     | Processando: adsp20162510_1.pdf
2026-04-20 11:22:06 | INFO     | PyMuPDF: sem imagens embutidas em adsp20162506_1.pdf
2026-04-20 11:22:06 | WARNING  | Imagens — pdf2image falhou (Poppler instalado?): No module named 'pdf2image'
2026-04-20 11:22:06 | INFO     | Concluído: adsp20162506_1.pdf | 4 blocos texto | 0 tabelas | 0 imgs | 0.30s
2026-04-20 11:22:06 | INFO     | Processando: adsp20162511_1.pdf
2026-04-20 11:22:06 | INFO     | PyMuPDF: sem imagens embutidas em adsp20162435_1.pdf
2026-04-20 11:22:06 | WARNING  | Imagens — pdf2image falhou (Poppler instalado?): No module named 'pdf2image'
2026-04-20 11:22:06 | INFO     | Concluído: adsp20162435_1.pdf | 6 blocos texto | 7 tabelas | 0 imgs | 0.75s
2026-04-20 11:22:06 | INFO     | Processando: adsp20162512_1.pdf
2026-04-20 11:22:06 | INFO     | PyMuPDF: sem imagens embutidas em adsp20162509_1.pdf
2026-04-20 11:22:06 | WARNING  | Imagens — pdf2image falhou (Poppler instalado?): No module named 'pdf2image'
2026-04-20 11:22:06 | INFO     | Concluído: adsp20162509_1.pdf | 4 blocos texto | 0 tabelas | 0 imgs | 0.47s
2026-04-20 11:22:06 | INFO     | Processando: adsp20162515_1.pdf
2026-04-20 11:22:06 | INFO     | PyMuPDF: sem imagens embutidas em adsp20162510_1.pdf
2026-04-20 11:22:06 | WARNING  | Imagens — pdf2image falhou (Poppler instalado?): No module named 'pdf2image'
2026-04-20 11:22:06 | INFO     | Concluído: adsp20162510_1.pdf | 5 blocos texto | 0 tabelas | 0 imgs | 0.40s
2026-04-20 11:22:06 | INFO     | Processando: adsp20162516_1.pdf
2026-04-20 11:22:07 | INFO     | Concluído: adsp20162508_1.pdf | 6 blocos texto | 1 tabelas | 11 imgs | 0.59s
2026-04-20 11:22:07 | INFO     | Processando: adsp20162517.pdf
2026-04-20 11:22:07 | INFO     | PyMuPDF: sem imagens embutidas em adsp20162511_1.pdf
2026-04-20 11:22:07 | WARNING  | Imagens — pdf2image falhou (Poppler instalado?): No module named 'pdf2image'
2026-04-20 11:22:07 | INFO     | Concluído: adsp20162511_1.pdf | 6 blocos texto | 0 tabelas | 0 imgs | 0.51s
2026-04-20 11:22:07 | INFO     | Processando: adsp2016252_1.pdf
2026-04-20 11:22:07 | INFO     | Concluído: adsp20162375_1.pdf | 4 blocos texto | 2 tabelas | 1 imgs | 1.52s
2026-04-20 11:22:07 | INFO     | Processando: adsp20162567.pdf
2026-04-20 11:22:07 | INFO     | PyMuPDF: sem imagens embutidas em adsp20162441_1.pdf
2026-04-20 11:22:07 | WARNING  | Imagens — pdf2image falhou (Poppler instalado?): No module named 'pdf2image'
2026-04-20 11:22:07 | INFO     | Concluído: adsp20162441_1.pdf | 16 blocos texto | 0 tabelas | 0 imgs | 1.05s
2026-04-20 11:22:07 | INFO     | Processando: adsp20162568_1.pdf
2026-04-20 11:22:07 | INFO     | PyMuPDF: sem imagens embutidas em adsp20162567.pdf
2026-04-20 11:22:07 | WARNING  | Imagens — pdf2image falhou (Poppler instalado?): No module named 'pdf2image'
2026-04-20 11:22:07 | INFO     | Concluído: adsp20162567.pdf | 3 blocos texto | 0 tabelas | 0 imgs | 0.28s
2026-04-20 11:22:07 | INFO     | Processando: adsp20162569_1.pdf
2026-04-20 11:22:07 | INFO     | PyMuPDF: sem imagens embutidas em adsp20162517.pdf
2026-04-20 11:22:07 | WARNING  | Imagens — pdf2image falhou (Poppler instalado?): No module named 'pdf2image'
2026-04-20 11:22:07 | INFO     | Concluído: adsp20162517.pdf | 3 blocos texto | 0 tabelas | 0 imgs | 0.41s
2026-04-20 11:22:07 | INFO     | Processando: adsp20162570_1.pdf
2026-04-20 11:22:07 | INFO     | Concluído: adsp20162512_1.pdf | 4 blocos texto | 0 tabelas | 1 imgs | 0.56s
2026-04-20 11:22:07 | INFO     | Processando: adsp20162571_1.pdf
2026-04-20 11:22:07 | INFO     | PyMuPDF: sem imagens embutidas em adsp2016252_1.pdf
2026-04-20 11:22:07 | WARNING  | Imagens — pdf2image falhou (Poppler instalado?): No module named 'pdf2image'
2026-04-20 11:22:07 | INFO     | Concluído: adsp2016252_1.pdf | 4 blocos texto | 0 tabelas | 0 imgs | 0.38s
2026-04-20 11:22:07 | INFO     | Processando: adsp20162572_1.pdf
2026-04-20 11:22:07 | INFO     | PyMuPDF: sem imagens embutidas em adsp20162515_1.pdf
2026-04-20 11:22:07 | WARNING  | Imagens — pdf2image falhou (Poppler instalado?): No module named 'pdf2image'
2026-04-20 11:22:07 | INFO     | Concluído: adsp20162515_1.pdf | 3 blocos texto | 8 tabelas | 0 imgs | 0.57s
2026-04-20 11:22:07 | INFO     | Processando: adsp20162573_1.pdf
2026-04-20 11:22:07 | INFO     | PyMuPDF: sem imagens embutidas em adsp20162568_1.pdf
2026-04-20 11:22:07 | WARNING  | Imagens — pdf2image falhou (Poppler instalado?): No module named 'pdf2image'
2026-04-20 11:22:07 | INFO     | Concluído: adsp20162568_1.pdf | 4 blocos texto | 2 tabelas | 0 imgs | 0.35s
2026-04-20 11:22:07 | INFO     | Processando: adsp20162574_1.pdf
2026-04-20 11:22:07 | INFO     | PyMuPDF: sem imagens embutidas em adsp20162570_1.pdf
2026-04-20 11:22:07 | WARNING  | Imagens — pdf2image falhou (Poppler instalado?): No module named 'pdf2image'
2026-04-20 11:22:07 | INFO     | Concluído: adsp20162570_1.pdf | 2 blocos texto | 1 tabelas | 0 imgs | 0.22s
2026-04-20 11:22:07 | INFO     | Processando: adsp20162575_1.pdf
2026-04-20 11:22:07 | INFO     | Concluído: adsp20162572_1.pdf | 4 blocos texto | 0 tabelas | 3 imgs | 0.31s
2026-04-20 11:22:07 | INFO     | Processando: adsp20162576_1.pdf
2026-04-20 11:22:07 | INFO     | PyMuPDF: sem imagens embutidas em adsp20162569_1.pdf
2026-04-20 11:22:07 | WARNING  | Imagens — pdf2image falhou (Poppler instalado?): No module named 'pdf2image'
2026-04-20 11:22:07 | INFO     | Concluído: adsp20162569_1.pdf | 4 blocos texto | 0 tabelas | 0 imgs | 0.34s
2026-04-20 11:22:07 | INFO     | Processando: adsp20162577_1.pdf
2026-04-20 11:22:07 | INFO     | Concluído: adsp20162571_1.pdf | 4 blocos texto | 1 tabelas | 3 imgs | 0.39s
2026-04-20 11:22:07 | INFO     | Processando: adsp20162578_1.pdf
2026-04-20 11:22:07 | INFO     | PyMuPDF: sem imagens embutidas em adsp20162573_1.pdf
2026-04-20 11:22:07 | WARNING  | Imagens — pdf2image falhou (Poppler instalado?): No module named 'pdf2image'
2026-04-20 11:22:07 | INFO     | Concluído: adsp20162573_1.pdf | 3 blocos texto | 1 tabelas | 0 imgs | 0.36s
2026-04-20 11:22:07 | INFO     | Processando: adsp20162579_1.pdf
2026-04-20 11:22:07 | INFO     | PyMuPDF: sem imagens embutidas em adsp20162575_1.pdf
2026-04-20 11:22:07 | WARNING  | Imagens — pdf2image falhou (Poppler instalado?): No module named 'pdf2image'
2026-04-20 11:22:07 | INFO     | Concluído: adsp20162575_1.pdf | 3 blocos texto | 0 tabelas | 0 imgs | 0.22s
2026-04-20 11:22:07 | INFO     | Processando: adsp20162580_1.pdf
2026-04-20 11:22:07 | INFO     | Concluído: adsp20162503_1.pdf | 12 blocos texto | 8 tabelas | 22 imgs | 1.74s
2026-04-20 11:22:07 | INFO     | Processando: adsp20162584_1.pdf
2026-04-20 11:22:07 | INFO     | PyMuPDF: sem imagens embutidas em adsp20162576_1.pdf
2026-04-20 11:22:07 | WARNING  | Imagens — pdf2image falhou (Poppler instalado?): No module named 'pdf2image'
2026-04-20 11:22:07 | INFO     | Concluído: adsp20162576_1.pdf | 4 blocos texto | 0 tabelas | 0 imgs | 0.17s
2026-04-20 11:22:07 | INFO     | PyMuPDF: sem imagens embutidas em adsp20162516_1.pdf
2026-04-20 11:22:07 | INFO     | Processando: adsp20162584_3.pdf
2026-04-20 11:22:07 | WARNING  | Imagens — pdf2image falhou (Poppler instalado?): No module named 'pdf2image'
2026-04-20 11:22:07 | INFO     | Concluído: adsp20162516_1.pdf | 11 blocos texto | 1 tabelas | 0 imgs | 1.00s
2026-04-20 11:22:07 | INFO     | Processando: adsp20162585_1.pdf
2026-04-20 11:22:08 | INFO     | PyMuPDF: sem imagens embutidas em adsp20162574_1.pdf
2026-04-20 11:22:08 | WARNING  | Imagens — pdf2image falhou (Poppler instalado?): No module named 'pdf2image'
2026-04-20 11:22:08 | INFO     | Concluído: adsp20162574_1.pdf | 4 blocos texto | 0 tabelas | 0 imgs | 0.45s
2026-04-20 11:22:08 | INFO     | Processando: adsp20162586_1.pdf
2026-04-20 11:22:08 | INFO     | Concluído: adsp20162577_1.pdf | 5 blocos texto | 0 tabelas | 8 imgs | 0.36s
2026-04-20 11:22:08 | INFO     | Processando: adsp20162587_2.pdf
2026-04-20 11:22:08 | INFO     | PyMuPDF: sem imagens embutidas em adsp20162586_1.pdf
2026-04-20 11:22:08 | WARNING  | Imagens — pdf2image falhou (Poppler instalado?): No module named 'pdf2image'
2026-04-20 11:22:08 | INFO     | Concluído: adsp20162586_1.pdf | 4 blocos texto | 0 tabelas | 0 imgs | 0.22s
2026-04-20 11:22:08 | INFO     | Processando: adsp20162595_1.pdf
2026-04-20 11:22:08 | INFO     | PyMuPDF: sem imagens embutidas em adsp20162578_1.pdf
2026-04-20 11:22:08 | WARNING  | Imagens — pdf2image falhou (Poppler instalado?): No module named 'pdf2image'
2026-04-20 11:22:08 | INFO     | Concluído: adsp20162578_1.pdf | 4 blocos texto | 3 tabelas | 0 imgs | 0.43s
2026-04-20 11:22:08 | INFO     | Processando: adsp20162615.pdf
2026-04-20 11:22:08 | INFO     | PyMuPDF: sem imagens embutidas em adsp20162579_1.pdf
2026-04-20 11:22:08 | WARNING  | Imagens — pdf2image falhou (Poppler instalado?): No module named 'pdf2image'
2026-04-20 11:22:08 | INFO     | Concluído: adsp20162579_1.pdf | 4 blocos texto | 5 tabelas | 0 imgs | 0.43s
2026-04-20 11:22:08 | INFO     | Processando: adsp20162622.pdf
2026-04-20 11:22:08 | INFO     | PyMuPDF: sem imagens embutidas em adsp20162595_1.pdf
2026-04-20 11:22:08 | WARNING  | Imagens — pdf2image falhou (Poppler instalado?): No module named 'pdf2image'
2026-04-20 11:22:08 | INFO     | Concluído: adsp20162595_1.pdf | 2 blocos texto | 0 tabelas | 0 imgs | 0.16s
2026-04-20 11:22:08 | INFO     | Processando: adsp20162643_1.pdf
2026-04-20 11:22:08 | INFO     | PyMuPDF: sem imagens embutidas em adsp20162622.pdf
2026-04-20 11:22:08 | WARNING  | Imagens — pdf2image falhou (Poppler instalado?): No module named 'pdf2image'
2026-04-20 11:22:08 | INFO     | Concluído: adsp20162622.pdf | 2 blocos texto | 0 tabelas | 0 imgs | 0.17s
2026-04-20 11:22:08 | INFO     | Processando: adsp20162648_1.pdf
2026-04-20 11:22:08 | INFO     | PyMuPDF: sem imagens embutidas em adsp20162585_1.pdf
2026-04-20 11:22:08 | WARNING  | Imagens — pdf2image falhou (Poppler instalado?): No module named 'pdf2image'
2026-04-20 11:22:08 | INFO     | Concluído: adsp20162585_1.pdf | 5 blocos texto | 0 tabelas | 0 imgs | 0.52s
2026-04-20 11:22:08 | INFO     | Processando: adsp20162649_1.pdf
2026-04-20 11:22:08 | INFO     | PyMuPDF: sem imagens embutidas em adsp20162615.pdf
2026-04-20 11:22:08 | WARNING  | Imagens — pdf2image falhou (Poppler instalado?): No module named 'pdf2image'
2026-04-20 11:22:08 | INFO     | Concluído: adsp20162615.pdf | 3 blocos texto | 0 tabelas | 0 imgs | 0.24s
2026-04-20 11:22:08 | INFO     | Processando: adsp20162651_1.pdf
2026-04-20 11:22:08 | INFO     | PyMuPDF: sem imagens embutidas em adsp20162643_1.pdf
2026-04-20 11:22:08 | WARNING  | Imagens — pdf2image falhou (Poppler instalado?): No module named 'pdf2image'
2026-04-20 11:22:08 | INFO     | Concluído: adsp20162643_1.pdf | 2 blocos texto | 0 tabelas | 0 imgs | 0.13s
2026-04-20 11:22:08 | INFO     | Processando: adsp20162652_1.pdf
2026-04-20 11:22:08 | INFO     | PyMuPDF: sem imagens embutidas em adsp20162580_1.pdf
2026-04-20 11:22:08 | WARNING  | Imagens — pdf2image falhou (Poppler instalado?): No module named 'pdf2image'
2026-04-20 11:22:08 | INFO     | Concluído: adsp20162580_1.pdf | 6 blocos texto | 1 tabelas | 0 imgs | 0.64s
2026-04-20 11:22:08 | INFO     | Processando: adsp20162653_1.pdf
2026-04-20 11:22:08 | INFO     | PyMuPDF: sem imagens embutidas em adsp20162584_3.pdf
2026-04-20 11:22:08 | WARNING  | Imagens — pdf2image falhou (Poppler instalado?): No module named 'pdf2image'
2026-04-20 11:22:08 | INFO     | Concluído: adsp20162584_3.pdf | 5 blocos texto | 1 tabelas | 0 imgs | 0.64s
2026-04-20 11:22:08 | INFO     | Processando: adsp20162654_1.pdf
2026-04-20 11:22:08 | INFO     | PyMuPDF: sem imagens embutidas em adsp20162649_1.pdf
2026-04-20 11:22:08 | WARNING  | Imagens — pdf2image falhou (Poppler instalado?): No module named 'pdf2image'
2026-04-20 11:22:08 | INFO     | Concluído: adsp20162649_1.pdf | 2 blocos texto | 3 tabelas | 0 imgs | 0.17s
2026-04-20 11:22:08 | INFO     | Processando: adsp20162655_1.pdf
2026-04-20 11:22:08 | INFO     | PyMuPDF: sem imagens embutidas em adsp20162651_1.pdf
2026-04-20 11:22:08 | WARNING  | Imagens — pdf2image falhou (Poppler instalado?): No module named 'pdf2image'
2026-04-20 11:22:08 | INFO     | Concluído: adsp20162651_1.pdf | 4 blocos texto | 0 tabelas | 0 imgs | 0.19s
2026-04-20 11:22:08 | INFO     | Processando: adsp20162657_1.pdf
2026-04-20 11:22:08 | INFO     | PyMuPDF: sem imagens embutidas em adsp20162652_1.pdf
2026-04-20 11:22:08 | WARNING  | Imagens — pdf2image falhou (Poppler instalado?): No module named 'pdf2image'
2026-04-20 11:22:08 | INFO     | Concluído: adsp20162652_1.pdf | 4 blocos texto | 0 tabelas | 0 imgs | 0.37s
2026-04-20 11:22:08 | INFO     | Processando: adsp20162659_1.pdf
2026-04-20 11:22:08 | INFO     | PyMuPDF: sem imagens embutidas em adsp20162648_1.pdf
2026-04-20 11:22:08 | WARNING  | Imagens — pdf2image falhou (Poppler instalado?): No module named 'pdf2image'
2026-04-20 11:22:08 | INFO     | Concluído: adsp20162648_1.pdf | 5 blocos texto | 0 tabelas | 0 imgs | 0.50s
2026-04-20 11:22:08 | INFO     | Processando: adsp20162668_1.pdf
2026-04-20 11:22:09 | INFO     | PyMuPDF: sem imagens embutidas em adsp20162653_1.pdf
2026-04-20 11:22:09 | WARNING  | Imagens — pdf2image falhou (Poppler instalado?): No module named 'pdf2image'
2026-04-20 11:22:09 | INFO     | Concluído: adsp20162653_1.pdf | 7 blocos texto | 0 tabelas | 0 imgs | 0.51s
2026-04-20 11:22:09 | INFO     | Processando: adsp20162713_1.pdf
2026-04-20 11:22:09 | INFO     | PyMuPDF: sem imagens embutidas em adsp20162654_1.pdf
2026-04-20 11:22:09 | WARNING  | Imagens — pdf2image falhou (Poppler instalado?): No module named 'pdf2image'
2026-04-20 11:22:09 | INFO     | Concluído: adsp20162654_1.pdf | 5 blocos texto | 0 tabelas | 0 imgs | 0.49s
2026-04-20 11:22:09 | INFO     | Processando: adsp20162714_1.pdf
2026-04-20 11:22:09 | INFO     | PyMuPDF: sem imagens embutidas em adsp20162655_1.pdf
2026-04-20 11:22:09 | WARNING  | Imagens — pdf2image falhou (Poppler instalado?): No module named 'pdf2image'
2026-04-20 11:22:09 | INFO     | Concluído: adsp20162655_1.pdf | 6 blocos texto | 1 tabelas | 0 imgs | 0.53s
2026-04-20 11:22:09 | INFO     | PyMuPDF: sem imagens embutidas em adsp20162584_1.pdf
2026-04-20 11:22:09 | WARNING  | Imagens — pdf2image falhou (Poppler instalado?): No module named 'pdf2image'
2026-04-20 11:22:09 | INFO     | Concluído: adsp20162584_1.pdf | 11 blocos texto | 3 tabelas | 0 imgs | 1.26s
2026-04-20 11:22:09 | INFO     | Processando: adsp20162715_1.pdf
2026-04-20 11:22:09 | INFO     | Processando: adsp20162716_1.pdf
2026-04-20 11:22:09 | INFO     | PyMuPDF: sem imagens embutidas em adsp20162587_2.pdf
2026-04-20 11:22:09 | WARNING  | Imagens — pdf2image falhou (Poppler instalado?): No module named 'pdf2image'
2026-04-20 11:22:09 | INFO     | Concluído: adsp20162587_2.pdf | 2 blocos texto | 6 tabelas | 0 imgs | 1.21s
2026-04-20 11:22:09 | INFO     | Processando: adsp20162717_1.pdf
2026-04-20 11:22:09 | INFO     | PyMuPDF: sem imagens embutidas em adsp20162657_1.pdf
2026-04-20 11:22:09 | WARNING  | Imagens — pdf2image falhou (Poppler instalado?): No module named 'pdf2image'
2026-04-20 11:22:09 | INFO     | Concluído: adsp20162657_1.pdf | 8 blocos texto | 1 tabelas | 0 imgs | 0.67s
2026-04-20 11:22:09 | INFO     | Processando: adsp20162718_1.pdf
2026-04-20 11:22:09 | INFO     | PyMuPDF: sem imagens embutidas em adsp20162716_1.pdf
2026-04-20 11:22:09 | WARNING  | Imagens — pdf2image falhou (Poppler instalado?): No module named 'pdf2image'
2026-04-20 11:22:09 | INFO     | Concluído: adsp20162716_1.pdf | 3 blocos texto | 0 tabelas | 0 imgs | 0.24s
2026-04-20 11:22:09 | INFO     | Processando: adsp20162719_1.pdf
2026-04-20 11:22:09 | INFO     | PyMuPDF: sem imagens embutidas em adsp20162659_1.pdf
2026-04-20 11:22:09 | WARNING  | Imagens — pdf2image falhou (Poppler instalado?): No module named 'pdf2image'
2026-04-20 11:22:09 | INFO     | Concluído: adsp20162659_1.pdf | 5 blocos texto | 0 tabelas | 0 imgs | 0.58s
2026-04-20 11:22:09 | INFO     | Processando: adsp20162719_1_1.pdf
2026-04-20 11:22:09 | INFO     | PyMuPDF: sem imagens embutidas em adsp20162718_1.pdf
2026-04-20 11:22:09 | WARNING  | Imagens — pdf2image falhou (Poppler instalado?): No module named 'pdf2image'
2026-04-20 11:22:09 | INFO     | Concluído: adsp20162718_1.pdf | 3 blocos texto | 0 tabelas | 0 imgs | 0.15s
2026-04-20 11:22:09 | INFO     | Processando: adsp20162720_1.pdf
2026-04-20 11:22:09 | INFO     | PyMuPDF: sem imagens embutidas em adsp20162715_1.pdf
2026-04-20 11:22:09 | WARNING  | Imagens — pdf2image falhou (Poppler instalado?): No module named 'pdf2image'
2026-04-20 11:22:09 | INFO     | Concluído: adsp20162715_1.pdf | 5 blocos texto | 0 tabelas | 0 imgs | 0.36s
2026-04-20 11:22:09 | INFO     | Processando: adsp20162721_1.pdf
2026-04-20 11:22:09 | INFO     | PyMuPDF: sem imagens embutidas em adsp20162719_1_1.pdf
2026-04-20 11:22:09 | WARNING  | Imagens — pdf2image falhou (Poppler instalado?): No module named 'pdf2image'
2026-04-20 11:22:09 | INFO     | Concluído: adsp20162719_1_1.pdf | 2 blocos texto | 0 tabelas | 0 imgs | 0.12s
2026-04-20 11:22:09 | INFO     | PyMuPDF: sem imagens embutidas em adsp20162717_1.pdf
2026-04-20 11:22:09 | WARNING  | Imagens — pdf2image falhou (Poppler instalado?): No module named 'pdf2image'
2026-04-20 11:22:09 | INFO     | Concluído: adsp20162717_1.pdf | 4 blocos texto | 0 tabelas | 0 imgs | 0.23s
2026-04-20 11:22:09 | INFO     | Processando: adsp20162722_1.pdf
2026-04-20 11:22:09 | INFO     | Processando: adsp20162723_1.pdf
2026-04-20 11:22:09 | INFO     | PyMuPDF: sem imagens embutidas em adsp20162714_1.pdf
2026-04-20 11:22:09 | WARNING  | Imagens — pdf2image falhou (Poppler instalado?): No module named 'pdf2image'
2026-04-20 11:22:09 | INFO     | Concluído: adsp20162714_1.pdf | 5 blocos texto | 0 tabelas | 0 imgs | 0.55s
2026-04-20 11:22:09 | INFO     | Processando: adsp20162724_1.pdf
2026-04-20 11:22:09 | INFO     | PyMuPDF: sem imagens embutidas em adsp20162713_1.pdf
2026-04-20 11:22:09 | WARNING  | Imagens — pdf2image falhou (Poppler instalado?): No module named 'pdf2image'
2026-04-20 11:22:09 | INFO     | Concluído: adsp20162713_1.pdf | 5 blocos texto | 8 tabelas | 0 imgs | 0.69s
2026-04-20 11:22:09 | INFO     | Processando: adsp20162725_1.pdf
2026-04-20 11:22:09 | INFO     | PyMuPDF: sem imagens embutidas em adsp20162719_1.pdf
2026-04-20 11:22:09 | WARNING  | Imagens — pdf2image falhou (Poppler instalado?): No module named 'pdf2image'
2026-04-20 11:22:09 | INFO     | Concluído: adsp20162719_1.pdf | 4 blocos texto | 0 tabelas | 0 imgs | 0.34s
2026-04-20 11:22:09 | INFO     | Processando: adsp20162728_1.pdf
2026-04-20 11:22:09 | INFO     | PyMuPDF: sem imagens embutidas em adsp20162720_1.pdf
2026-04-20 11:22:09 | WARNING  | Imagens — pdf2image falhou (Poppler instalado?): No module named 'pdf2image'
2026-04-20 11:22:09 | INFO     | Concluído: adsp20162720_1.pdf | 4 blocos texto | 1 tabelas | 0 imgs | 0.40s
2026-04-20 11:22:09 | INFO     | Processando: adsp20162730_1.pdf
2026-04-20 11:22:10 | INFO     | PyMuPDF: sem imagens embutidas em adsp20162721_1.pdf
2026-04-20 11:22:10 | WARNING  | Imagens — pdf2image falhou (Poppler instalado?): No module named 'pdf2image'
2026-04-20 11:22:10 | INFO     | Concluído: adsp20162721_1.pdf | 5 blocos texto | 2 tabelas | 0 imgs | 0.44s
2026-04-20 11:22:10 | INFO     | Processando: adsp20162731_1.pdf
2026-04-20 11:22:10 | INFO     | PyMuPDF: sem imagens embutidas em adsp20162723_1.pdf
2026-04-20 11:22:10 | WARNING  | Imagens — pdf2image falhou (Poppler instalado?): No module named 'pdf2image'
2026-04-20 11:22:10 | INFO     | Concluído: adsp20162723_1.pdf | 6 blocos texto | 0 tabelas | 0 imgs | 0.59s
2026-04-20 11:22:10 | INFO     | Processando: adsp20162732_1.pdf
2026-04-20 11:22:10 | INFO     | PyMuPDF: sem imagens embutidas em adsp20162728_1.pdf
2026-04-20 11:22:10 | WARNING  | Imagens — pdf2image falhou (Poppler instalado?): No module named 'pdf2image'
2026-04-20 11:22:10 | INFO     | Concluído: adsp20162728_1.pdf | 5 blocos texto | 11 tabelas | 0 imgs | 0.69s
2026-04-20 11:22:10 | INFO     | Processando: adsp20162733_1.pdf
2026-04-20 11:22:10 | INFO     | PyMuPDF: sem imagens embutidas em adsp20162724_1.pdf
2026-04-20 11:22:10 | WARNING  | Imagens — pdf2image falhou (Poppler instalado?): No module named 'pdf2image'
2026-04-20 11:22:10 | INFO     | Concluído: adsp20162724_1.pdf | 8 blocos texto | 4 tabelas | 0 imgs | 0.88s
2026-04-20 11:22:10 | INFO     | Processando: adsp20162734_1.pdf
2026-04-20 11:22:10 | INFO     | PyMuPDF: sem imagens embutidas em adsp20162725_1.pdf
2026-04-20 11:22:10 | WARNING  | Imagens — pdf2image falhou (Poppler instalado?): No module named 'pdf2image'
2026-04-20 11:22:10 | INFO     | Concluído: adsp20162725_1.pdf | 9 blocos texto | 4 tabelas | 0 imgs | 0.90s
2026-04-20 11:22:10 | INFO     | Processando: adsp20162740.pdf
2026-04-20 11:22:10 | INFO     | PyMuPDF: sem imagens embutidas em adsp20162730_1.pdf
2026-04-20 11:22:10 | WARNING  | Imagens — pdf2image falhou (Poppler instalado?): No module named 'pdf2image'
2026-04-20 11:22:10 | INFO     | Concluído: adsp20162730_1.pdf | 8 blocos texto | 1 tabelas | 0 imgs | 0.71s
2026-04-20 11:22:10 | INFO     | Processando: adsp20162745.pdf
2026-04-20 11:22:10 | INFO     | PyMuPDF: sem imagens embutidas em adsp20162734_1.pdf
2026-04-20 11:22:10 | WARNING  | Imagens — pdf2image falhou (Poppler instalado?): No module named 'pdf2image'
2026-04-20 11:22:10 | INFO     | Concluído: adsp20162734_1.pdf | 4 blocos texto | 0 tabelas | 0 imgs | 0.19s
2026-04-20 11:22:10 | INFO     | Processando: adsp20162748.pdf
2026-04-20 11:22:10 | INFO     | PyMuPDF: sem imagens embutidas em adsp20162731_1.pdf
2026-04-20 11:22:10 | WARNING  | Imagens — pdf2image falhou (Poppler instalado?): No module named 'pdf2image'
2026-04-20 11:22:10 | INFO     | Concluído: adsp20162731_1.pdf | 6 blocos texto | 2 tabelas | 0 imgs | 0.77s
2026-04-20 11:22:10 | INFO     | Processando: adsp20162770_1.pdf
2026-04-20 11:22:10 | INFO     | PyMuPDF: sem imagens embutidas em adsp20162740.pdf
2026-04-20 11:22:10 | WARNING  | Imagens — pdf2image falhou (Poppler instalado?): No module named 'pdf2image'
2026-04-20 11:22:10 | INFO     | Concluído: adsp20162740.pdf | 3 blocos texto | 0 tabelas | 0 imgs | 0.15s
2026-04-20 11:22:10 | INFO     | Processando: adsp20162772_1.pdf
2026-04-20 11:22:10 | INFO     | PyMuPDF: sem imagens embutidas em adsp20162745.pdf
2026-04-20 11:22:10 | WARNING  | Imagens — pdf2image falhou (Poppler instalado?): No module named 'pdf2image'
2026-04-20 11:22:10 | INFO     | Concluído: adsp20162745.pdf | 3 blocos texto | 0 tabelas | 0 imgs | 0.19s
2026-04-20 11:22:10 | INFO     | PyMuPDF: sem imagens embutidas em adsp20162748.pdf
2026-04-20 11:22:10 | INFO     | Processando: adsp20162773_1.pdf
2026-04-20 11:22:10 | WARNING  | Imagens — pdf2image falhou (Poppler instalado?): No module named 'pdf2image'
2026-04-20 11:22:10 | INFO     | Concluído: adsp20162748.pdf | 3 blocos texto | 0 tabelas | 0 imgs | 0.15s
2026-04-20 11:22:10 | INFO     | Processando: adsp20162774_1.pdf
2026-04-20 11:22:10 | INFO     | Concluído: adsp20162732_1.pdf | 7 blocos texto | 3 tabelas | 6 imgs | 0.67s
2026-04-20 11:22:10 | INFO     | Processando: adsp20162775_1.pdf
2026-04-20 11:22:11 | INFO     | PyMuPDF: sem imagens embutidas em adsp20162774_1.pdf
2026-04-20 11:22:11 | WARNING  | Imagens — pdf2image falhou (Poppler instalado?): No module named 'pdf2image'
2026-04-20 11:22:11 | INFO     | Concluído: adsp20162774_1.pdf | 3 blocos texto | 0 tabelas | 0 imgs | 0.28s
2026-04-20 11:22:11 | INFO     | Processando: adsp20162776_1.pdf
2026-04-20 11:22:11 | INFO     | PyMuPDF: sem imagens embutidas em adsp20162775_1.pdf
2026-04-20 11:22:11 | WARNING  | Imagens — pdf2image falhou (Poppler instalado?): No module named 'pdf2image'
2026-04-20 11:22:11 | INFO     | Concluído: adsp20162775_1.pdf | 3 blocos texto | 1 tabelas | 0 imgs | 0.34s
2026-04-20 11:22:11 | INFO     | Processando: adsp20162777_1.pdf
2026-04-20 11:22:11 | INFO     | Concluído: adsp20162773_1.pdf | 6 blocos texto | 2 tabelas | 1 imgs | 0.40s
2026-04-20 11:22:11 | INFO     | Processando: adsp20162778_1.pdf
2026-04-20 11:22:11 | INFO     | PyMuPDF: sem imagens embutidas em adsp20162733_1.pdf
2026-04-20 11:22:11 | WARNING  | Imagens — pdf2image falhou (Poppler instalado?): No module named 'pdf2image'
2026-04-20 11:22:11 | INFO     | Concluído: adsp20162733_1.pdf | 8 blocos texto | 3 tabelas | 0 imgs | 0.80s
2026-04-20 11:22:11 | INFO     | Processando: adsp20162779_1.pdf
2026-04-20 11:22:11 | INFO     | PyMuPDF: sem imagens embutidas em adsp20162770_1.pdf
2026-04-20 11:22:11 | WARNING  | Imagens — pdf2image falhou (Poppler instalado?): No module named 'pdf2image'
2026-04-20 11:22:11 | INFO     | Concluído: adsp20162770_1.pdf | 5 blocos texto | 2 tabelas | 0 imgs | 0.55s
2026-04-20 11:22:11 | INFO     | Processando: adsp20162779_3.pdf
2026-04-20 11:22:11 | INFO     | PyMuPDF: sem imagens embutidas em adsp20162772_1.pdf
2026-04-20 11:22:11 | WARNING  | Imagens — pdf2image falhou (Poppler instalado?): No module named 'pdf2image'
2026-04-20 11:22:11 | INFO     | Concluído: adsp20162772_1.pdf | 5 blocos texto | 8 tabelas | 0 imgs | 0.55s
2026-04-20 11:22:11 | INFO     | Processando: adsp2016277_1.pdf
2026-04-20 11:22:11 | INFO     | Concluído: adsp20162722_1.pdf | 21 blocos texto | 0 tabelas | 20 imgs | 1.87s
2026-04-20 11:22:11 | INFO     | Processando: adsp20162780_1.pdf
2026-04-20 11:22:11 | INFO     | PyMuPDF: sem imagens embutidas em adsp2016277_1.pdf
2026-04-20 11:22:11 | WARNING  | Imagens — pdf2image falhou (Poppler instalado?): No module named 'pdf2image'
2026-04-20 11:22:11 | INFO     | Concluído: adsp2016277_1.pdf | 2 blocos texto | 0 tabelas | 0 imgs | 0.13s
2026-04-20 11:22:11 | INFO     | Processando: adsp20162781_1.pdf
2026-04-20 11:22:11 | INFO     | PyMuPDF: sem imagens embutidas em adsp20162778_1.pdf
2026-04-20 11:22:11 | WARNING  | Imagens — pdf2image falhou (Poppler instalado?): No module named 'pdf2image'
2026-04-20 11:22:11 | INFO     | Concluído: adsp20162778_1.pdf | 4 blocos texto | 0 tabelas | 0 imgs | 0.32s
2026-04-20 11:22:11 | INFO     | Processando: adsp20162782_1.pdf
2026-04-20 11:22:11 | INFO     | Concluído: adsp20162668_1.pdf | 34 blocos texto | 0 tabelas | 1 imgs | 2.68s
2026-04-20 11:22:11 | INFO     | Processando: adsp20162786_1.pdf
2026-04-20 11:22:11 | INFO     | PyMuPDF: sem imagens embutidas em adsp20162779_1.pdf
2026-04-20 11:22:11 | WARNING  | Imagens — pdf2image falhou (Poppler instalado?): No module named 'pdf2image'
2026-04-20 11:22:11 | INFO     | Concluído: adsp20162779_1.pdf | 4 blocos texto | 0 tabelas | 0 imgs | 0.50s
2026-04-20 11:22:11 | INFO     | Processando: adsp2016278_1.pdf
2026-04-20 11:22:11 | INFO     | PyMuPDF: sem imagens embutidas em adsp20162779_3.pdf
2026-04-20 11:22:11 | WARNING  | Imagens — pdf2image falhou (Poppler instalado?): No module named 'pdf2image'
2026-04-20 11:22:11 | INFO     | Concluído: adsp20162779_3.pdf | 3 blocos texto | 1 tabelas | 0 imgs | 0.46s
2026-04-20 11:22:11 | INFO     | Processando: adsp20162797.pdf
2026-04-20 11:22:11 | INFO     | PyMuPDF: sem imagens embutidas em adsp20162780_1.pdf
2026-04-20 11:22:11 | WARNING  | Imagens — pdf2image falhou (Poppler instalado?): No module named 'pdf2image'
2026-04-20 11:22:11 | INFO     | Concluído: adsp20162780_1.pdf | 5 blocos texto | 3 tabelas | 0 imgs | 0.47s
2026-04-20 11:22:11 | INFO     | Processando: adsp20162798.pdf
2026-04-20 11:22:11 | INFO     | PyMuPDF: sem imagens embutidas em adsp20162781_1.pdf
2026-04-20 11:22:11 | WARNING  | Imagens — pdf2image falhou (Poppler instalado?): No module named 'pdf2image'
2026-04-20 11:22:11 | INFO     | Concluído: adsp20162781_1.pdf | 4 blocos texto | 5 tabelas | 0 imgs | 0.48s
2026-04-20 11:22:11 | INFO     | Processando: adsp20162799.pdf
2026-04-20 11:22:12 | INFO     | Concluído: adsp20162776_1.pdf | 7 blocos texto | 1 tabelas | 1 imgs | 0.85s
2026-04-20 11:22:12 | INFO     | Processando: adsp2016279_1.pdf
2026-04-20 11:22:12 | INFO     | PyMuPDF: sem imagens embutidas em adsp20162797.pdf
2026-04-20 11:22:12 | WARNING  | Imagens — pdf2image falhou (Poppler instalado?): No module named 'pdf2image'
2026-04-20 11:22:12 | INFO     | Concluído: adsp20162797.pdf | 3 blocos texto | 0 tabelas | 0 imgs | 0.28s
2026-04-20 11:22:12 | INFO     | Processando: adsp20162801.pdf
2026-04-20 11:22:12 | INFO     | PyMuPDF: sem imagens embutidas em adsp20162786_1.pdf
2026-04-20 11:22:12 | WARNING  | Imagens — pdf2image falhou (Poppler instalado?): No module named 'pdf2image'
2026-04-20 11:22:12 | INFO     | Concluído: adsp20162786_1.pdf | 6 blocos texto | 0 tabelas | 0 imgs | 0.51s
2026-04-20 11:22:12 | INFO     | Processando: adsp20162804.pdf
2026-04-20 11:22:12 | INFO     | PyMuPDF: sem imagens embutidas em adsp20162799.pdf
2026-04-20 11:22:12 | WARNING  | Imagens — pdf2image falhou (Poppler instalado?): No module named 'pdf2image'
2026-04-20 11:22:12 | INFO     | Concluído: adsp20162799.pdf | 3 blocos texto | 0 tabelas | 0 imgs | 0.24s
2026-04-20 11:22:12 | INFO     | Processando: adsp2016280_1.pdf
2026-04-20 11:22:12 | INFO     | PyMuPDF: sem imagens embutidas em adsp2016279_1.pdf
2026-04-20 11:22:12 | WARNING  | Imagens — pdf2image falhou (Poppler instalado?): No module named 'pdf2image'
2026-04-20 11:22:12 | INFO     | Concluído: adsp2016279_1.pdf | 3 blocos texto | 0 tabelas | 0 imgs | 0.28s
2026-04-20 11:22:12 | INFO     | Processando: adsp20162817_1.pdf
2026-04-20 11:22:12 | INFO     | PyMuPDF: sem imagens embutidas em adsp20162777_1.pdf
2026-04-20 11:22:12 | WARNING  | Imagens — pdf2image falhou (Poppler instalado?): No module named 'pdf2image'
2026-04-20 11:22:12 | INFO     | Concluído: adsp20162777_1.pdf | 10 blocos texto | 6 tabelas | 0 imgs | 1.06s
2026-04-20 11:22:12 | INFO     | Processando: adsp20162818_1.pdf
2026-04-20 11:22:12 | INFO     | PyMuPDF: sem imagens embutidas em adsp2016278_1.pdf
2026-04-20 11:22:12 | WARNING  | Imagens — pdf2image falhou (Poppler instalado?): No module named 'pdf2image'
2026-04-20 11:22:12 | INFO     | Concluído: adsp2016278_1.pdf | 6 blocos texto | 9 tabelas | 0 imgs | 0.59s
2026-04-20 11:22:12 | INFO     | PyMuPDF: sem imagens embutidas em adsp20162801.pdf
2026-04-20 11:22:12 | WARNING  | Imagens — pdf2image falhou (Poppler instalado?): No module named 'pdf2image'
2026-04-20 11:22:12 | INFO     | Processando: adsp20162819_1.pdf
2026-04-20 11:22:12 | INFO     | Concluído: adsp20162801.pdf | 3 blocos texto | 0 tabelas | 0 imgs | 0.29s
2026-04-20 11:22:12 | INFO     | Processando: adsp2016281_1.pdf
2026-04-20 11:22:12 | INFO     | PyMuPDF: sem imagens embutidas em adsp20162804.pdf
2026-04-20 11:22:12 | WARNING  | Imagens — pdf2image falhou (Poppler instalado?): No module named 'pdf2image'
2026-04-20 11:22:12 | INFO     | Concluído: adsp20162804.pdf | 3 blocos texto | 0 tabelas | 0 imgs | 0.24s
2026-04-20 11:22:12 | INFO     | Processando: adsp20162820_1.pdf
2026-04-20 11:22:12 | INFO     | PyMuPDF: sem imagens embutidas em adsp20162798.pdf
2026-04-20 11:22:12 | WARNING  | Imagens — pdf2image falhou (Poppler instalado?): No module named 'pdf2image'
2026-04-20 11:22:12 | INFO     | Concluído: adsp20162798.pdf | 3 blocos texto | 2 tabelas | 0 imgs | 0.53s
2026-04-20 11:22:12 | INFO     | Processando: adsp20162821_1.pdf
2026-04-20 11:22:12 | INFO     | PyMuPDF: sem imagens embutidas em adsp20162818_1.pdf
2026-04-20 11:22:12 | WARNING  | Imagens — pdf2image falhou (Poppler instalado?): No module named 'pdf2image'
2026-04-20 11:22:12 | INFO     | Concluído: adsp20162818_1.pdf | 3 blocos texto | 0 tabelas | 0 imgs | 0.19s
2026-04-20 11:22:12 | INFO     | Processando: adsp20162822_1.pdf
2026-04-20 11:22:12 | INFO     | PyMuPDF: sem imagens embutidas em adsp2016280_1.pdf
2026-04-20 11:22:12 | WARNING  | Imagens — pdf2image falhou (Poppler instalado?): No module named 'pdf2image'
2026-04-20 11:22:12 | INFO     | Concluído: adsp2016280_1.pdf | 6 blocos texto | 0 tabelas | 0 imgs | 0.39s
2026-04-20 11:22:12 | INFO     | Processando: adsp20162823_1.pdf
2026-04-20 11:22:12 | INFO     | PyMuPDF: sem imagens embutidas em adsp20162822_1.pdf
2026-04-20 11:22:12 | WARNING  | Imagens — pdf2image falhou (Poppler instalado?): No module named 'pdf2image'
2026-04-20 11:22:12 | INFO     | Concluído: adsp20162822_1.pdf | 4 blocos texto | 0 tabelas | 0 imgs | 0.24s
2026-04-20 11:22:12 | INFO     | Processando: adsp20162824_1.pdf
2026-04-20 11:22:12 | INFO     | PyMuPDF: sem imagens embutidas em adsp20162821_1.pdf
2026-04-20 11:22:12 | WARNING  | Imagens — pdf2image falhou (Poppler instalado?): No module named 'pdf2image'
2026-04-20 11:22:12 | INFO     | Concluído: adsp20162821_1.pdf | 4 blocos texto | 0 tabelas | 0 imgs | 0.26s
2026-04-20 11:22:12 | INFO     | Processando: adsp20162827_1.pdf
2026-04-20 11:22:12 | INFO     | PyMuPDF: sem imagens embutidas em adsp20162817_1.pdf
2026-04-20 11:22:12 | WARNING  | Imagens — pdf2image falhou (Poppler instalado?): No module named 'pdf2image'
2026-04-20 11:22:12 | INFO     | Concluído: adsp20162817_1.pdf | 5 blocos texto | 0 tabelas | 0 imgs | 0.58s
2026-04-20 11:22:12 | INFO     | Processando: adsp20162828_1.pdf
2026-04-20 11:22:12 | INFO     | PyMuPDF: sem imagens embutidas em adsp2016281_1.pdf
2026-04-20 11:22:12 | WARNING  | Imagens — pdf2image falhou (Poppler instalado?): No module named 'pdf2image'
2026-04-20 11:22:12 | INFO     | Concluído: adsp2016281_1.pdf | 4 blocos texto | 5 tabelas | 0 imgs | 0.53s
2026-04-20 11:22:12 | INFO     | Processando: adsp2016282_1.pdf
2026-04-20 11:22:12 | INFO     | PyMuPDF: sem imagens embutidas em adsp20162823_1.pdf
2026-04-20 11:22:12 | WARNING  | Imagens — pdf2image falhou (Poppler instalado?): No module named 'pdf2image'
2026-04-20 11:22:12 | INFO     | Concluído: adsp20162823_1.pdf | 3 blocos texto | 0 tabelas | 0 imgs | 0.33s
2026-04-20 11:22:12 | INFO     | Processando: adsp20162837.pdf
2026-04-20 11:22:13 | INFO     | PyMuPDF: sem imagens embutidas em adsp20162820_1.pdf
2026-04-20 11:22:13 | WARNING  | Imagens — pdf2image falhou (Poppler instalado?): No module named 'pdf2image'
2026-04-20 11:22:13 | INFO     | Concluído: adsp20162820_1.pdf | 4 blocos texto | 0 tabelas | 0 imgs | 0.62s
2026-04-20 11:22:13 | INFO     | Processando: adsp20162839.pdf
2026-04-20 11:22:13 | INFO     | PyMuPDF: sem imagens embutidas em adsp20162837.pdf
2026-04-20 11:22:13 | WARNING  | Imagens — pdf2image falhou (Poppler instalado?): No module named 'pdf2image'
2026-04-20 11:22:13 | INFO     | Concluído: adsp20162837.pdf | 2 blocos texto | 0 tabelas | 0 imgs | 0.18s
2026-04-20 11:22:13 | INFO     | PyMuPDF: sem imagens embutidas em adsp20162824_1.pdf
2026-04-20 11:22:13 | WARNING  | Imagens — pdf2image falhou (Poppler instalado?): No module named 'pdf2image'
2026-04-20 11:22:13 | INFO     | Concluído: adsp20162824_1.pdf | 4 blocos texto | 0 tabelas | 0 imgs | 0.41s
2026-04-20 11:22:13 | INFO     | Processando: adsp2016283_1.pdf
2026-04-20 11:22:13 | INFO     | Processando: adsp2016284_1.pdf
2026-04-20 11:22:13 | INFO     | PyMuPDF: sem imagens embutidas em adsp2016282_1.pdf
2026-04-20 11:22:13 | WARNING  | Imagens — pdf2image falhou (Poppler instalado?): No module named 'pdf2image'
2026-04-20 11:22:13 | INFO     | Concluído: adsp2016282_1.pdf | 4 blocos texto | 1 tabelas | 0 imgs | 0.27s
2026-04-20 11:22:13 | INFO     | Processando: adsp2016285_1.pdf
2026-04-20 11:22:13 | INFO     | PyMuPDF: sem imagens embutidas em adsp20162839.pdf
2026-04-20 11:22:13 | WARNING  | Imagens — pdf2image falhou (Poppler instalado?): No module named 'pdf2image'
2026-04-20 11:22:13 | INFO     | Concluído: adsp20162839.pdf | 2 blocos texto | 0 tabelas | 0 imgs | 0.20s
2026-04-20 11:22:13 | INFO     | Processando: adsp20162868_1.pdf
2026-04-20 11:22:13 | INFO     | PyMuPDF: sem imagens embutidas em adsp2016283_1.pdf
2026-04-20 11:22:13 | WARNING  | Imagens — pdf2image falhou (Poppler instalado?): No module named 'pdf2image'
2026-04-20 11:22:13 | INFO     | Concluído: adsp2016283_1.pdf | 3 blocos texto | 0 tabelas | 0 imgs | 0.18s
2026-04-20 11:22:13 | INFO     | Processando: adsp20162870_1.pdf
2026-04-20 11:22:13 | INFO     | PyMuPDF: sem imagens embutidas em adsp20162828_1.pdf
2026-04-20 11:22:13 | WARNING  | Imagens — pdf2image falhou (Poppler instalado?): No module named 'pdf2image'
2026-04-20 11:22:13 | INFO     | Concluído: adsp20162828_1.pdf | 5 blocos texto | 0 tabelas | 0 imgs | 0.45s
2026-04-20 11:22:13 | INFO     | Processando: adsp20162873_1.pdf
2026-04-20 11:22:13 | INFO     | Concluído: adsp20162782_1.pdf | 19 blocos texto | 11 tabelas | 68 imgs | 1.74s
2026-04-20 11:22:13 | INFO     | Processando: adsp20162874_1.pdf
2026-04-20 11:22:13 | INFO     | PyMuPDF: sem imagens embutidas em adsp20162827_1.pdf
2026-04-20 11:22:13 | WARNING  | Imagens — pdf2image falhou (Poppler instalado?): No module named 'pdf2image'
2026-04-20 11:22:13 | INFO     | Concluído: adsp20162827_1.pdf | 6 blocos texto | 1 tabelas | 0 imgs | 0.60s
2026-04-20 11:22:13 | INFO     | Processando: adsp20162886_1.pdf
2026-04-20 11:22:13 | INFO     | Concluído: adsp20162819_1.pdf | 10 blocos texto | 3 tabelas | 2 imgs | 1.06s
2026-04-20 11:22:13 | INFO     | Processando: adsp20162887_1.pdf
2026-04-20 11:22:13 | INFO     | PyMuPDF: sem imagens embutidas em adsp2016285_1.pdf
2026-04-20 11:22:13 | WARNING  | Imagens — pdf2image falhou (Poppler instalado?): No module named 'pdf2image'
2026-04-20 11:22:13 | INFO     | Concluído: adsp2016285_1.pdf | 4 blocos texto | 2 tabelas | 0 imgs | 0.32s
2026-04-20 11:22:13 | INFO     | Processando: adsp20162888_1.pdf
2026-04-20 11:22:13 | INFO     | Concluído: adsp2016284_1.pdf | 4 blocos texto | 1 tabelas | 6 imgs | 0.48s
2026-04-20 11:22:13 | INFO     | Processando: adsp20162889_1.pdf
2026-04-20 11:22:13 | INFO     | PyMuPDF: sem imagens embutidas em adsp20162874_1.pdf
2026-04-20 11:22:13 | WARNING  | Imagens — pdf2image falhou (Poppler instalado?): No module named 'pdf2image'
2026-04-20 11:22:13 | INFO     | Concluído: adsp20162874_1.pdf | 4 blocos texto | 0 tabelas | 0 imgs | 0.29s
2026-04-20 11:22:13 | INFO     | Processando: adsp20162894_1.pdf
2026-04-20 11:22:13 | INFO     | PyMuPDF: sem imagens embutidas em adsp20162868_1.pdf
2026-04-20 11:22:13 | WARNING  | Imagens — pdf2image falhou (Poppler instalado?): No module named 'pdf2image'
2026-04-20 11:22:13 | INFO     | Concluído: adsp20162868_1.pdf | 5 blocos texto | 0 tabelas | 0 imgs | 0.43s
2026-04-20 11:22:13 | INFO     | Processando: adsp20162895_1.pdf
2026-04-20 11:22:13 | INFO     | PyMuPDF: sem imagens embutidas em adsp20162888_1.pdf
2026-04-20 11:22:13 | WARNING  | Imagens — pdf2image falhou (Poppler instalado?): No module named 'pdf2image'
2026-04-20 11:22:13 | INFO     | Concluído: adsp20162888_1.pdf | 3 blocos texto | 1 tabelas | 0 imgs | 0.25s
2026-04-20 11:22:13 | INFO     | Processando: adsp20162896_1.pdf
2026-04-20 11:22:13 | INFO     | PyMuPDF: sem imagens embutidas em adsp20162870_1.pdf
2026-04-20 11:22:13 | WARNING  | Imagens — pdf2image falhou (Poppler instalado?): No module named 'pdf2image'
2026-04-20 11:22:13 | INFO     | Concluído: adsp20162870_1.pdf | 5 blocos texto | 2 tabelas | 0 imgs | 0.52s
2026-04-20 11:22:13 | INFO     | Processando: adsp20162897_1.pdf
2026-04-20 11:22:13 | INFO     | PyMuPDF: sem imagens embutidas em adsp20162889_1.pdf
2026-04-20 11:22:13 | WARNING  | Imagens — pdf2image falhou (Poppler instalado?): No module named 'pdf2image'
2026-04-20 11:22:13 | INFO     | Concluído: adsp20162889_1.pdf | 4 blocos texto | 1 tabelas | 0 imgs | 0.26s
2026-04-20 11:22:13 | INFO     | Processando: adsp2016289_1.pdf
2026-04-20 11:22:13 | INFO     | PyMuPDF: sem imagens embutidas em adsp20162894_1.pdf
2026-04-20 11:22:13 | WARNING  | Imagens — pdf2image falhou (Poppler instalado?): No module named 'pdf2image'
2026-04-20 11:22:13 | INFO     | Concluído: adsp20162894_1.pdf | 4 blocos texto | 6 tabelas | 0 imgs | 0.28s
2026-04-20 11:22:13 | INFO     | Processando: adsp2016290_1.pdf
2026-04-20 11:22:13 | INFO     | PyMuPDF: sem imagens embutidas em adsp20162887_1.pdf
2026-04-20 11:22:13 | WARNING  | Imagens — pdf2image falhou (Poppler instalado?): No module named 'pdf2image'
2026-04-20 11:22:13 | INFO     | Concluído: adsp20162887_1.pdf | 6 blocos texto | 0 tabelas | 0 imgs | 0.48s
2026-04-20 11:22:13 | INFO     | Processando: adsp2016290_3.pdf
2026-04-20 11:22:14 | INFO     | PyMuPDF: sem imagens embutidas em adsp20162873_1.pdf
2026-04-20 11:22:14 | WARNING  | Imagens — pdf2image falhou (Poppler instalado?): No module named 'pdf2image'
2026-04-20 11:22:14 | INFO     | Concluído: adsp20162873_1.pdf | 7 blocos texto | 1 tabelas | 0 imgs | 0.70s
2026-04-20 11:22:14 | INFO     | Processando: adsp20162924_1.pdf
2026-04-20 11:22:14 | INFO     | PyMuPDF: sem imagens embutidas em adsp2016289_1.pdf
2026-04-20 11:22:14 | WARNING  | Imagens — pdf2image falhou (Poppler instalado?): No module named 'pdf2image'
2026-04-20 11:22:14 | INFO     | Concluído: adsp2016289_1.pdf | 2 blocos texto | 0 tabelas | 0 imgs | 0.15s
2026-04-20 11:22:14 | INFO     | Processando: adsp20162925_1.pdf
2026-04-20 11:22:14 | INFO     | PyMuPDF: sem imagens embutidas em adsp20162895_1.pdf
2026-04-20 11:22:14 | WARNING  | Imagens — pdf2image falhou (Poppler instalado?): No module named 'pdf2image'
2026-04-20 11:22:14 | INFO     | Concluído: adsp20162895_1.pdf | 4 blocos texto | 6 tabelas | 0 imgs | 0.41s
2026-04-20 11:22:14 | INFO     | Processando: adsp20162926_1.pdf
2026-04-20 11:22:14 | INFO     | PyMuPDF: sem imagens embutidas em adsp20162896_1.pdf
2026-04-20 11:22:14 | WARNING  | Imagens — pdf2image falhou (Poppler instalado?): No module named 'pdf2image'
2026-04-20 11:22:14 | INFO     | Concluído: adsp20162896_1.pdf | 3 blocos texto | 3 tabelas | 0 imgs | 0.34s
2026-04-20 11:22:14 | INFO     | Processando: adsp20162927_1.pdf
2026-04-20 11:22:14 | INFO     | Concluído: adsp20162886_1.pdf | 11 blocos texto | 1 tabelas | 3 imgs | 0.85s
2026-04-20 11:22:14 | INFO     | Processando: adsp20162928_1.pdf
2026-04-20 11:22:14 | INFO     | PyMuPDF: sem imagens embutidas em adsp20162926_1.pdf
2026-04-20 11:22:14 | WARNING  | Imagens — pdf2image falhou (Poppler instalado?): No module named 'pdf2image'
2026-04-20 11:22:14 | INFO     | Concluído: adsp20162926_1.pdf | 5 blocos texto | 0 tabelas | 0 imgs | 0.32s
2026-04-20 11:22:14 | INFO     | Processando: adsp20162929_1.pdf
2026-04-20 11:22:14 | INFO     | PyMuPDF: sem imagens embutidas em adsp2016290_1.pdf
2026-04-20 11:22:14 | WARNING  | Imagens — pdf2image falhou (Poppler instalado?): No module named 'pdf2image'
2026-04-20 11:22:14 | INFO     | Concluído: adsp2016290_1.pdf | 5 blocos texto | 1 tabelas | 0 imgs | 0.56s
2026-04-20 11:22:14 | INFO     | Processando: adsp20162930_1.pdf
2026-04-20 11:22:14 | INFO     | PyMuPDF: sem imagens embutidas em adsp20162927_1.pdf
2026-04-20 11:22:14 | WARNING  | Imagens — pdf2image falhou (Poppler instalado?): No module named 'pdf2image'
2026-04-20 11:22:14 | INFO     | Concluído: adsp20162927_1.pdf | 8 blocos texto | 4 tabelas | 0 imgs | 0.56s
2026-04-20 11:22:14 | INFO     | Processando: adsp20162931_1.pdf
2026-04-20 11:22:14 | INFO     | PyMuPDF: sem imagens embutidas em adsp20162930_1.pdf
2026-04-20 11:22:14 | WARNING  | Imagens — pdf2image falhou (Poppler instalado?): No module named 'pdf2image'
2026-04-20 11:22:14 | INFO     | Concluído: adsp20162930_1.pdf | 3 blocos texto | 1 tabelas | 0 imgs | 0.23s
2026-04-20 11:22:14 | INFO     | Processando: adsp20162932_1.pdf
2026-04-20 11:22:14 | INFO     | PyMuPDF: sem imagens embutidas em adsp2016290_3.pdf
2026-04-20 11:22:14 | WARNING  | Imagens — pdf2image falhou (Poppler instalado?): No module named 'pdf2image'
2026-04-20 11:22:14 | INFO     | Concluído: adsp2016290_3.pdf | 12 blocos texto | 0 tabelas | 0 imgs | 0.82s
2026-04-20 11:22:14 | INFO     | Processando: adsp20162933_1.pdf
2026-04-20 11:22:14 | INFO     | PyMuPDF: sem imagens embutidas em adsp20162928_1.pdf
2026-04-20 11:22:14 | WARNING  | Imagens — pdf2image falhou (Poppler instalado?): No module named 'pdf2image'
2026-04-20 11:22:14 | INFO     | Concluído: adsp20162928_1.pdf | 6 blocos texto | 1 tabelas | 0 imgs | 0.73s
2026-04-20 11:22:14 | INFO     | Processando: adsp20162937_1.pdf
2026-04-20 11:22:14 | INFO     | Concluído: adsp20162897_1.pdf | 13 blocos texto | 4 tabelas | 42 imgs | 1.12s
2026-04-20 11:22:14 | INFO     | Processando: adsp20162938_1.pdf
2026-04-20 11:22:15 | INFO     | PyMuPDF: sem imagens embutidas em adsp20162933_1.pdf
2026-04-20 11:22:15 | WARNING  | Imagens — pdf2image falhou (Poppler instalado?): No module named 'pdf2image'
2026-04-20 11:22:15 | INFO     | Concluído: adsp20162933_1.pdf | 3 blocos texto | 2 tabelas | 0 imgs | 0.27s
2026-04-20 11:22:15 | INFO     | Processando: adsp2016294_1.pdf
2026-04-20 11:22:15 | INFO     | Concluído: adsp20162931_1.pdf | 4 blocos texto | 1 tabelas | 15 imgs | 0.40s
2026-04-20 11:22:15 | INFO     | Processando: adsp20162954.pdf
2026-04-20 11:22:15 | INFO     | PyMuPDF: sem imagens embutidas em adsp20162932_1.pdf
2026-04-20 11:22:15 | WARNING  | Imagens — pdf2image falhou (Poppler instalado?): No module named 'pdf2image'
2026-04-20 11:22:15 | INFO     | Concluído: adsp20162932_1.pdf | 4 blocos texto | 6 tabelas | 0 imgs | 0.38s
2026-04-20 11:22:15 | INFO     | Processando: adsp20162955.pdf
2026-04-20 11:22:15 | INFO     | PyMuPDF: sem imagens embutidas em adsp20162929_1.pdf
2026-04-20 11:22:15 | WARNING  | Imagens — pdf2image falhou (Poppler instalado?): No module named 'pdf2image'
2026-04-20 11:22:15 | INFO     | Concluído: adsp20162929_1.pdf | 6 blocos texto | 2 tabelas | 0 imgs | 0.69s
2026-04-20 11:22:15 | INFO     | Processando: adsp2016295_1.pdf
2026-04-20 11:22:15 | INFO     | PyMuPDF: sem imagens embutidas em adsp20162937_1.pdf
2026-04-20 11:22:15 | WARNING  | Imagens — pdf2image falhou (Poppler instalado?): No module named 'pdf2image'
2026-04-20 11:22:15 | INFO     | Concluído: adsp20162937_1.pdf | 3 blocos texto | 0 tabelas | 0 imgs | 0.23s
2026-04-20 11:22:15 | INFO     | Processando: adsp20162969_1.pdf
2026-04-20 11:22:15 | INFO     | PyMuPDF: sem imagens embutidas em adsp20162924_1.pdf
2026-04-20 11:22:15 | WARNING  | Imagens — pdf2image falhou (Poppler instalado?): No module named 'pdf2image'
2026-04-20 11:22:15 | INFO     | Concluído: adsp20162924_1.pdf | 6 blocos texto | 11 tabelas | 0 imgs | 1.17s
2026-04-20 11:22:15 | INFO     | Processando: adsp20162970_1.pdf
2026-04-20 11:22:15 | INFO     | PyMuPDF: sem imagens embutidas em adsp20162955.pdf
2026-04-20 11:22:15 | WARNING  | Imagens — pdf2image falhou (Poppler instalado?): No module named 'pdf2image'
2026-04-20 11:22:15 | INFO     | Concluído: adsp20162955.pdf | 2 blocos texto | 0 tabelas | 0 imgs | 0.14s
2026-04-20 11:22:15 | INFO     | Processando: adsp20162971_1.pdf
2026-04-20 11:22:15 | INFO     | PyMuPDF: sem imagens embutidas em adsp20162938_1.pdf
2026-04-20 11:22:15 | WARNING  | Imagens — pdf2image falhou (Poppler instalado?): No module named 'pdf2image'
2026-04-20 11:22:15 | INFO     | Concluído: adsp20162938_1.pdf | 4 blocos texto | 0 tabelas | 0 imgs | 0.28s
2026-04-20 11:22:15 | INFO     | Processando: adsp20162972_1.pdf
2026-04-20 11:22:15 | INFO     | PyMuPDF: sem imagens embutidas em adsp20162954.pdf
2026-04-20 11:22:15 | WARNING  | Imagens — pdf2image falhou (Poppler instalado?): No module named 'pdf2image'
2026-04-20 11:22:15 | INFO     | Concluído: adsp20162954.pdf | 3 blocos texto | 0 tabelas | 0 imgs | 0.37s
2026-04-20 11:22:15 | INFO     | Processando: adsp20162973_1.pdf
2026-04-20 11:22:15 | INFO     | Concluído: adsp2016295_1.pdf | 5 blocos texto | 0 tabelas | 4 imgs | 0.43s
2026-04-20 11:22:15 | INFO     | Processando: adsp20162974_1.pdf
2026-04-20 11:22:15 | INFO     | PyMuPDF: sem imagens embutidas em adsp20162969_1.pdf
2026-04-20 11:22:15 | WARNING  | Imagens — pdf2image falhou (Poppler instalado?): No module named 'pdf2image'
2026-04-20 11:22:15 | INFO     | Concluído: adsp20162969_1.pdf | 6 blocos texto | 0 tabelas | 0 imgs | 0.38s
2026-04-20 11:22:15 | INFO     | Processando: adsp20162975_1.pdf
2026-04-20 11:22:15 | INFO     | PyMuPDF: sem imagens embutidas em adsp20162925_1.pdf
2026-04-20 11:22:15 | WARNING  | Imagens — pdf2image falhou (Poppler instalado?): No module named 'pdf2image'
2026-04-20 11:22:15 | INFO     | Concluído: adsp20162925_1.pdf | 12 blocos texto | 7 tabelas | 0 imgs | 1.54s
2026-04-20 11:22:15 | INFO     | Processando: adsp20162976_1.pdf
2026-04-20 11:22:15 | INFO     | PyMuPDF: sem imagens embutidas em adsp20162970_1.pdf
2026-04-20 11:22:15 | WARNING  | Imagens — pdf2image falhou (Poppler instalado?): No module named 'pdf2image'
2026-04-20 11:22:15 | INFO     | Concluído: adsp20162970_1.pdf | 3 blocos texto | 0 tabelas | 0 imgs | 0.38s
2026-04-20 11:22:15 | INFO     | PyMuPDF: sem imagens embutidas em adsp20162971_1.pdf
2026-04-20 11:22:15 | WARNING  | Imagens — pdf2image falhou (Poppler instalado?): No module named 'pdf2image'
2026-04-20 11:22:15 | INFO     | Concluído: adsp20162971_1.pdf | 3 blocos texto | 2 tabelas | 0 imgs | 0.34s
2026-04-20 11:22:15 | INFO     | Processando: adsp20162977_1.pdf
2026-04-20 11:22:15 | INFO     | Processando: adsp20162978_1.pdf
2026-04-20 11:22:15 | INFO     | PyMuPDF: sem imagens embutidas em adsp20162973_1.pdf
2026-04-20 11:22:15 | WARNING  | Imagens — pdf2image falhou (Poppler instalado?): No module named 'pdf2image'
2026-04-20 11:22:15 | INFO     | Concluído: adsp20162973_1.pdf | 6 blocos texto | 1 tabelas | 0 imgs | 0.28s
2026-04-20 11:22:15 | INFO     | Processando: adsp20162979_1.pdf
2026-04-20 11:22:15 | INFO     | PyMuPDF: sem imagens embutidas em adsp20162974_1.pdf
2026-04-20 11:22:15 | WARNING  | Imagens — pdf2image falhou (Poppler instalado?): No module named 'pdf2image'
2026-04-20 11:22:15 | INFO     | Concluído: adsp20162974_1.pdf | 3 blocos texto | 0 tabelas | 0 imgs | 0.23s
2026-04-20 11:22:15 | INFO     | Processando: adsp20162980.pdf
2026-04-20 11:22:15 | INFO     | PyMuPDF: sem imagens embutidas em adsp20162979_1.pdf
2026-04-20 11:22:15 | WARNING  | Imagens — pdf2image falhou (Poppler instalado?): No module named 'pdf2image'
2026-04-20 11:22:15 | INFO     | Concluído: adsp20162979_1.pdf | 3 blocos texto | 0 tabelas | 0 imgs | 0.17s
2026-04-20 11:22:15 | INFO     | Processando: adsp20162982_1.pdf
2026-04-20 11:22:15 | INFO     | PyMuPDF: sem imagens embutidas em adsp20162975_1.pdf
2026-04-20 11:22:15 | WARNING  | Imagens — pdf2image falhou (Poppler instalado?): No module named 'pdf2image'
2026-04-20 11:22:15 | INFO     | Concluído: adsp20162975_1.pdf | 4 blocos texto | 1 tabelas | 0 imgs | 0.41s
2026-04-20 11:22:15 | INFO     | Processando: adsp20162983_1.pdf
2026-04-20 11:22:15 | INFO     | PyMuPDF: sem imagens embutidas em adsp20162980.pdf
2026-04-20 11:22:15 | WARNING  | Imagens — pdf2image falhou (Poppler instalado?): No module named 'pdf2image'
2026-04-20 11:22:15 | INFO     | Concluído: adsp20162980.pdf | 3 blocos texto | 0 tabelas | 0 imgs | 0.21s
2026-04-20 11:22:15 | INFO     | Processando: adsp20162991_1.pdf
2026-04-20 11:22:15 | INFO     | PyMuPDF: sem imagens embutidas em adsp20162977_1.pdf
2026-04-20 11:22:15 | WARNING  | Imagens — pdf2image falhou (Poppler instalado?): No module named 'pdf2image'
2026-04-20 11:22:15 | INFO     | Concluído: adsp20162977_1.pdf | 5 blocos texto | 1 tabelas | 0 imgs | 0.42s
2026-04-20 11:22:15 | INFO     | Processando: adsp20162992_1.pdf
2026-04-20 11:22:16 | INFO     | PyMuPDF: sem imagens embutidas em adsp20162976_1.pdf
2026-04-20 11:22:16 | WARNING  | Imagens — pdf2image falhou (Poppler instalado?): No module named 'pdf2image'
2026-04-20 11:22:16 | INFO     | Concluído: adsp20162976_1.pdf | 4 blocos texto | 0 tabelas | 0 imgs | 0.47s
2026-04-20 11:22:16 | INFO     | Processando: adsp20162994.pdf
2026-04-20 11:22:16 | INFO     | PyMuPDF: sem imagens embutidas em adsp2016294_1.pdf
2026-04-20 11:22:16 | WARNING  | Imagens — pdf2image falhou (Poppler instalado?): No module named 'pdf2image'
2026-04-20 11:22:16 | INFO     | Concluído: adsp2016294_1.pdf | 13 blocos texto | 0 tabelas | 0 imgs | 1.10s
2026-04-20 11:22:16 | INFO     | Processando: adsp20163019_1.pdf
2026-04-20 11:22:16 | INFO     | PyMuPDF: sem imagens embutidas em adsp20162983_1.pdf
2026-04-20 11:22:16 | WARNING  | Imagens — pdf2image falhou (Poppler instalado?): No module named 'pdf2image'
2026-04-20 11:22:16 | INFO     | Concluído: adsp20162983_1.pdf | 4 blocos texto | 0 tabelas | 0 imgs | 0.29s
2026-04-20 11:22:16 | INFO     | Processando: adsp2016301_1.pdf
2026-04-20 11:22:16 | INFO     | PyMuPDF: sem imagens embutidas em adsp20162992_1.pdf
2026-04-20 11:22:16 | WARNING  | Imagens — pdf2image falhou (Poppler instalado?): No module named 'pdf2image'
2026-04-20 11:22:16 | INFO     | Concluído: adsp20162992_1.pdf | 6 blocos texto | 0 tabelas | 0 imgs | 0.29s
2026-04-20 11:22:16 | INFO     | Processando: adsp20163020_1.pdf
2026-04-20 11:22:16 | INFO     | Concluído: adsp20162994.pdf | 4 blocos texto | 0 tabelas | 1 imgs | 0.31s
2026-04-20 11:22:16 | INFO     | Processando: adsp20163021_1.pdf
2026-04-20 11:22:16 | INFO     | PyMuPDF: sem imagens embutidas em adsp20162972_1.pdf
2026-04-20 11:22:16 | WARNING  | Imagens — pdf2image falhou (Poppler instalado?): No module named 'pdf2image'
2026-04-20 11:22:16 | INFO     | Concluído: adsp20162972_1.pdf | 11 blocos texto | 5 tabelas | 0 imgs | 1.32s
2026-04-20 11:22:16 | INFO     | Processando: adsp20163022_1.pdf
2026-04-20 11:22:16 | INFO     | PyMuPDF: sem imagens embutidas em adsp20163019_1.pdf
2026-04-20 11:22:16 | WARNING  | Imagens — pdf2image falhou (Poppler instalado?): No module named 'pdf2image'
2026-04-20 11:22:16 | INFO     | Concluído: adsp20163019_1.pdf | 5 blocos texto | 0 tabelas | 0 imgs | 0.46s
2026-04-20 11:22:16 | INFO     | Processando: adsp20163023_1.pdf
2026-04-20 11:22:16 | INFO     | PyMuPDF: sem imagens embutidas em adsp20163020_1.pdf
2026-04-20 11:22:16 | WARNING  | Imagens — pdf2image falhou (Poppler instalado?): No module named 'pdf2image'
2026-04-20 11:22:16 | INFO     | Concluído: adsp20163020_1.pdf | 3 blocos texto | 1 tabelas | 0 imgs | 0.34s
2026-04-20 11:22:16 | INFO     | Processando: adsp20163026_1.pdf
2026-04-20 11:22:16 | INFO     | PyMuPDF: sem imagens embutidas em adsp2016301_1.pdf
2026-04-20 11:22:16 | WARNING  | Imagens — pdf2image falhou (Poppler instalado?): No module named 'pdf2image'
2026-04-20 11:22:16 | INFO     | Concluído: adsp2016301_1.pdf | 6 blocos texto | 0 tabelas | 0 imgs | 0.42s
2026-04-20 11:22:16 | INFO     | Processando: adsp20163028_1.pdf
2026-04-20 11:22:16 | INFO     | PyMuPDF: sem imagens embutidas em adsp20162978_1.pdf
2026-04-20 11:22:16 | WARNING  | Imagens — pdf2image falhou (Poppler instalado?): No module named 'pdf2image'
2026-04-20 11:22:16 | INFO     | Concluído: adsp20162978_1.pdf | 9 blocos texto | 12 tabelas | 0 imgs | 1.11s
2026-04-20 11:22:16 | INFO     | Processando: adsp20163029_1.pdf
2026-04-20 11:22:16 | INFO     | PyMuPDF: sem imagens embutidas em adsp20163022_1.pdf
2026-04-20 11:22:16 | WARNING  | Imagens — pdf2image falhou (Poppler instalado?): No module named 'pdf2image'
2026-04-20 11:22:16 | INFO     | Concluído: adsp20163022_1.pdf | 2 blocos texto | 0 tabelas | 0 imgs | 0.19s
2026-04-20 11:22:16 | INFO     | Processando: adsp20163030_1.pdf
2026-04-20 11:22:16 | INFO     | PyMuPDF: sem imagens embutidas em adsp20163021_1.pdf
2026-04-20 11:22:16 | WARNING  | Imagens — pdf2image falhou (Poppler instalado?): No module named 'pdf2image'
2026-04-20 11:22:16 | INFO     | Concluído: adsp20163021_1.pdf | 5 blocos texto | 0 tabelas | 0 imgs | 0.53s
2026-04-20 11:22:16 | INFO     | Processando: adsp20163041_1.pdf
2026-04-20 11:22:17 | INFO     | PyMuPDF: sem imagens embutidas em adsp20163026_1.pdf
2026-04-20 11:22:17 | WARNING  | Imagens — pdf2image falhou (Poppler instalado?): No module named 'pdf2image'
2026-04-20 11:22:17 | INFO     | Concluído: adsp20163026_1.pdf | 4 blocos texto | 4 tabelas | 0 imgs | 0.47s
2026-04-20 11:22:17 | INFO     | Processando: adsp20163042_3.pdf
2026-04-20 11:22:17 | INFO     | PyMuPDF: sem imagens embutidas em adsp20163023_1.pdf
2026-04-20 11:22:17 | WARNING  | Imagens — pdf2image falhou (Poppler instalado?): No module named 'pdf2image'
2026-04-20 11:22:17 | INFO     | Concluído: adsp20163023_1.pdf | 5 blocos texto | 0 tabelas | 0 imgs | 0.56s
2026-04-20 11:22:17 | INFO     | Processando: adsp20163045_1.pdf
2026-04-20 11:22:17 | INFO     | PyMuPDF: sem imagens embutidas em adsp20163041_1.pdf
2026-04-20 11:22:17 | WARNING  | Imagens — pdf2image falhou (Poppler instalado?): No module named 'pdf2image'
2026-04-20 11:22:17 | INFO     | Concluído: adsp20163041_1.pdf | 4 blocos texto | 1 tabelas | 0 imgs | 0.34s
2026-04-20 11:22:17 | INFO     | Processando: adsp20163047_1.pdf
2026-04-20 11:22:17 | INFO     | PyMuPDF: sem imagens embutidas em adsp20162982_1.pdf
2026-04-20 11:22:17 | WARNING  | Imagens — pdf2image falhou (Poppler instalado?): No module named 'pdf2image'
2026-04-20 11:22:17 | INFO     | Concluído: adsp20162982_1.pdf | 12 blocos texto | 2 tabelas | 0 imgs | 1.37s
2026-04-20 11:22:17 | INFO     | Processando: adsp20163049_1.pdf
2026-04-20 11:22:17 | INFO     | PyMuPDF: sem imagens embutidas em adsp20163045_1.pdf
2026-04-20 11:22:17 | WARNING  | Imagens — pdf2image falhou (Poppler instalado?): No module named 'pdf2image'
2026-04-20 11:22:17 | INFO     | Concluído: adsp20163045_1.pdf | 3 blocos texto | 0 tabelas | 0 imgs | 0.27s
2026-04-20 11:22:17 | INFO     | Processando: adsp20163050_1.pdf
2026-04-20 11:22:17 | INFO     | PyMuPDF: sem imagens embutidas em adsp20163030_1.pdf
2026-04-20 11:22:17 | WARNING  | Imagens — pdf2image falhou (Poppler instalado?): No module named 'pdf2image'
2026-04-20 11:22:17 | INFO     | Concluído: adsp20163030_1.pdf | 9 blocos texto | 0 tabelas | 0 imgs | 0.68s
2026-04-20 11:22:17 | INFO     | Processando: adsp20163051_1.pdf
2026-04-20 11:22:17 | INFO     | Concluído: adsp20162991_1.pdf | 15 blocos texto | 0 tabelas | 1 imgs | 1.45s
2026-04-20 11:22:17 | INFO     | Processando: adsp20163098_1.pdf
2026-04-20 11:22:17 | INFO     | PyMuPDF: sem imagens embutidas em adsp20163098_1.pdf
2026-04-20 11:22:17 | WARNING  | Imagens — pdf2image falhou (Poppler instalado?): No module named 'pdf2image'
2026-04-20 11:22:17 | INFO     | Concluído: adsp20163098_1.pdf | 2 blocos texto | 0 tabelas | 0 imgs | 0.14s
2026-04-20 11:22:17 | INFO     | Processando: adsp20163099_1.pdf
2026-04-20 11:22:17 | INFO     | PyMuPDF: sem imagens embutidas em adsp20163049_1.pdf
2026-04-20 11:22:17 | WARNING  | Imagens — pdf2image falhou (Poppler instalado?): No module named 'pdf2image'
2026-04-20 11:22:17 | INFO     | Concluído: adsp20163049_1.pdf | 4 blocos texto | 1 tabelas | 0 imgs | 0.40s
2026-04-20 11:22:17 | INFO     | Processando: adsp20163100_1.pdf
2026-04-20 11:22:17 | INFO     | PyMuPDF: sem imagens embutidas em adsp20163050_1.pdf
2026-04-20 11:22:17 | WARNING  | Imagens — pdf2image falhou (Poppler instalado?): No module named 'pdf2image'
2026-04-20 11:22:17 | INFO     | Concluído: adsp20163050_1.pdf | 3 blocos texto | 3 tabelas | 0 imgs | 0.39s
2026-04-20 11:22:17 | INFO     | Processando: adsp20163101_1.pdf
2026-04-20 11:22:18 | INFO     | PyMuPDF: sem imagens embutidas em adsp20163099_1.pdf
2026-04-20 11:22:18 | WARNING  | Imagens — pdf2image falhou (Poppler instalado?): No module named 'pdf2image'
2026-04-20 11:22:18 | INFO     | Concluído: adsp20163099_1.pdf | 4 blocos texto | 2 tabelas | 0 imgs | 0.44s
2026-04-20 11:22:18 | INFO     | Processando: adsp20163103_1.pdf
2026-04-20 11:22:18 | INFO     | Concluído: adsp20163028_1.pdf | 8 blocos texto | 18 tabelas | 1 imgs | 1.37s
2026-04-20 11:22:18 | INFO     | Processando: adsp20163105_1.pdf
2026-04-20 11:22:18 | INFO     | PyMuPDF: sem imagens embutidas em adsp20163100_1.pdf
2026-04-20 11:22:18 | WARNING  | Imagens — pdf2image falhou (Poppler instalado?): No module named 'pdf2image'
2026-04-20 11:22:18 | INFO     | Concluído: adsp20163100_1.pdf | 4 blocos texto | 3 tabelas | 0 imgs | 0.40s
2026-04-20 11:22:18 | INFO     | Processando: adsp20163106_1.pdf
2026-04-20 11:22:18 | INFO     | PyMuPDF: sem imagens embutidas em adsp20163051_1.pdf
2026-04-20 11:22:18 | WARNING  | Imagens — pdf2image falhou (Poppler instalado?): No module named 'pdf2image'
2026-04-20 11:22:18 | INFO     | Concluído: adsp20163051_1.pdf | 4 blocos texto | 3 tabelas | 0 imgs | 0.70s
2026-04-20 11:22:18 | INFO     | Processando: adsp20163108_1.pdf
2026-04-20 11:22:18 | INFO     | PyMuPDF: sem imagens embutidas em adsp20163042_3.pdf
2026-04-20 11:22:18 | WARNING  | Imagens — pdf2image falhou (Poppler instalado?): No module named 'pdf2image'
2026-04-20 11:22:18 | INFO     | Concluído: adsp20163042_3.pdf | 10 blocos texto | 0 tabelas | 0 imgs | 1.06s
2026-04-20 11:22:18 | INFO     | Processando: adsp20163109_1.pdf
2026-04-20 11:22:18 | INFO     | PyMuPDF: sem imagens embutidas em adsp20163101_1.pdf
2026-04-20 11:22:18 | WARNING  | Imagens — pdf2image falhou (Poppler instalado?): No module named 'pdf2image'
2026-04-20 11:22:18 | INFO     | Concluído: adsp20163101_1.pdf | 6 blocos texto | 1 tabelas | 0 imgs | 0.49s
2026-04-20 11:22:18 | INFO     | Processando: adsp20163111_1.pdf
2026-04-20 11:22:18 | INFO     | PyMuPDF: sem imagens embutidas em adsp20163106_1.pdf
2026-04-20 11:22:18 | WARNING  | Imagens — pdf2image falhou (Poppler instalado?): No module named 'pdf2image'
2026-04-20 11:22:18 | INFO     | Concluído: adsp20163106_1.pdf | 3 blocos texto | 0 tabelas | 0 imgs | 0.22s
2026-04-20 11:22:18 | INFO     | Processando: adsp20163112_1.pdf
2026-04-20 11:22:18 | INFO     | PyMuPDF: sem imagens embutidas em adsp20163047_1.pdf
2026-04-20 11:22:18 | WARNING  | Imagens — pdf2image falhou (Poppler instalado?): No module named 'pdf2image'
2026-04-20 11:22:18 | INFO     | Concluído: adsp20163047_1.pdf | 10 blocos texto | 1 tabelas | 0 imgs | 1.24s
2026-04-20 11:22:18 | INFO     | Processando: adsp20163113_1.pdf
2026-04-20 11:22:18 | INFO     | Concluído: adsp20163105_1.pdf | 6 blocos texto | 0 tabelas | 1 imgs | 0.47s
2026-04-20 11:22:18 | INFO     | Processando: adsp20163115_1.pdf
2026-04-20 11:22:18 | INFO     | PyMuPDF: sem imagens embutidas em adsp20163108_1.pdf
2026-04-20 11:22:18 | WARNING  | Imagens — pdf2image falhou (Poppler instalado?): No module named 'pdf2image'
2026-04-20 11:22:18 | INFO     | Concluído: adsp20163108_1.pdf | 4 blocos texto | 0 tabelas | 0 imgs | 0.42s
2026-04-20 11:22:18 | INFO     | Processando: adsp20163116_1.pdf
2026-04-20 11:22:18 | INFO     | PyMuPDF: sem imagens embutidas em adsp20163109_1.pdf
2026-04-20 11:22:18 | WARNING  | Imagens — pdf2image falhou (Poppler instalado?): No module named 'pdf2image'
2026-04-20 11:22:18 | INFO     | Concluído: adsp20163109_1.pdf | 3 blocos texto | 0 tabelas | 0 imgs | 0.43s
2026-04-20 11:22:18 | INFO     | Processando: adsp20163120_1.pdf
2026-04-20 11:22:18 | INFO     | PyMuPDF: sem imagens embutidas em adsp20163120_1.pdf
2026-04-20 11:22:18 | WARNING  | Imagens — pdf2image falhou (Poppler instalado?): No module named 'pdf2image'
2026-04-20 11:22:18 | INFO     | Concluído: adsp20163120_1.pdf | 3 blocos texto | 0 tabelas | 0 imgs | 0.16s
2026-04-20 11:22:18 | INFO     | Processando: adsp20163122_1.pdf
2026-04-20 11:22:18 | INFO     | PyMuPDF: sem imagens embutidas em adsp20163115_1.pdf
2026-04-20 11:22:18 | WARNING  | Imagens — pdf2image falhou (Poppler instalado?): No module named 'pdf2image'
2026-04-20 11:22:18 | INFO     | Concluído: adsp20163115_1.pdf | 5 blocos texto | 1 tabelas | 0 imgs | 0.33s
2026-04-20 11:22:18 | INFO     | Processando: adsp2016312_1.pdf
2026-04-20 11:22:18 | INFO     | PyMuPDF: sem imagens embutidas em adsp20163112_1.pdf
2026-04-20 11:22:18 | WARNING  | Imagens — pdf2image falhou (Poppler instalado?): No module named 'pdf2image'
2026-04-20 11:22:18 | INFO     | Concluído: adsp20163112_1.pdf | 6 blocos texto | 0 tabelas | 0 imgs | 0.59s
2026-04-20 11:22:18 | INFO     | Processando: adsp2016314_4.pdf
2026-04-20 11:22:18 | INFO     | PyMuPDF: sem imagens embutidas em adsp20163103_1.pdf
2026-04-20 11:22:18 | WARNING  | Imagens — pdf2image falhou (Poppler instalado?): No module named 'pdf2image'
2026-04-20 11:22:18 | INFO     | Concluído: adsp20163103_1.pdf | 7 blocos texto | 4 tabelas | 0 imgs | 0.91s
2026-04-20 11:22:18 | INFO     | Processando: adsp20163171_1.pdf
2026-04-20 11:22:18 | INFO     | PyMuPDF: sem imagens embutidas em adsp20163029_1.pdf
2026-04-20 11:22:18 | WARNING  | Imagens — pdf2image falhou (Poppler instalado?): No module named 'pdf2image'
2026-04-20 11:22:18 | INFO     | Concluído: adsp20163029_1.pdf | 18 blocos texto | 1 tabelas | 0 imgs | 2.29s
2026-04-20 11:22:18 | INFO     | Processando: adsp20163172_1.pdf
2026-04-20 11:22:19 | INFO     | PyMuPDF: sem imagens embutidas em adsp20163122_1.pdf
2026-04-20 11:22:19 | WARNING  | Imagens — pdf2image falhou (Poppler instalado?): No module named 'pdf2image'
2026-04-20 11:22:19 | INFO     | Concluído: adsp20163122_1.pdf | 4 blocos texto | 0 tabelas | 0 imgs | 0.27s
2026-04-20 11:22:19 | INFO     | Processando: adsp20163181_1.pdf
2026-04-20 11:22:19 | INFO     | Concluído: adsp2016314_4.pdf | 3 blocos texto | 0 tabelas | 12 imgs | 0.20s
2026-04-20 11:22:19 | INFO     | Processando: adsp20163182_1.pdf
2026-04-20 11:22:19 | INFO     | PyMuPDF: sem imagens embutidas em adsp20163172_1.pdf
2026-04-20 11:22:19 | WARNING  | Imagens — pdf2image falhou (Poppler instalado?): No module named 'pdf2image'
2026-04-20 11:22:19 | INFO     | Concluído: adsp20163172_1.pdf | 2 blocos texto | 0 tabelas | 0 imgs | 0.13s
2026-04-20 11:22:19 | INFO     | Processando: adsp20163183_1.pdf
2026-04-20 11:22:19 | INFO     | PyMuPDF: sem imagens embutidas em adsp20163171_1.pdf
2026-04-20 11:22:19 | WARNING  | Imagens — pdf2image falhou (Poppler instalado?): No module named 'pdf2image'
2026-04-20 11:22:19 | INFO     | Concluído: adsp20163171_1.pdf | 5 blocos texto | 0 tabelas | 0 imgs | 0.25s
2026-04-20 11:22:19 | INFO     | Processando: adsp20163184_1.pdf
2026-04-20 11:22:19 | INFO     | PyMuPDF: sem imagens embutidas em adsp20163116_1.pdf
2026-04-20 11:22:19 | WARNING  | Imagens — pdf2image falhou (Poppler instalado?): No module named 'pdf2image'
2026-04-20 11:22:19 | INFO     | Concluído: adsp20163116_1.pdf | 5 blocos texto | 7 tabelas | 0 imgs | 0.66s
2026-04-20 11:22:19 | INFO     | Processando: adsp20163185_1.pdf
2026-04-20 11:22:19 | INFO     | PyMuPDF: sem imagens embutidas em adsp20163113_1.pdf
2026-04-20 11:22:19 | WARNING  | Imagens — pdf2image falhou (Poppler instalado?): No module named 'pdf2image'
2026-04-20 11:22:19 | INFO     | Concluído: adsp20163113_1.pdf | 10 blocos texto | 2 tabelas | 0 imgs | 0.91s
2026-04-20 11:22:19 | INFO     | Processando: adsp20163186_1.pdf
2026-04-20 11:22:19 | INFO     | PyMuPDF: sem imagens embutidas em adsp2016312_1.pdf
2026-04-20 11:22:19 | WARNING  | Imagens — pdf2image falhou (Poppler instalado?): No module named 'pdf2image'
2026-04-20 11:22:19 | INFO     | Concluído: adsp2016312_1.pdf | 7 blocos texto | 2 tabelas | 0 imgs | 0.66s
2026-04-20 11:22:19 | INFO     | Processando: adsp20163187_1.pdf
2026-04-20 11:22:19 | INFO     | PyMuPDF: sem imagens embutidas em adsp20163185_1.pdf
2026-04-20 11:22:19 | WARNING  | Imagens — pdf2image falhou (Poppler instalado?): No module named 'pdf2image'
2026-04-20 11:22:19 | INFO     | Concluído: adsp20163185_1.pdf | 4 blocos texto | 1 tabelas | 0 imgs | 0.41s
2026-04-20 11:22:19 | INFO     | Processando: adsp20163203_1.pdf
2026-04-20 11:22:19 | INFO     | PyMuPDF: sem imagens embutidas em adsp20163184_1.pdf
2026-04-20 11:22:19 | WARNING  | Imagens — pdf2image falhou (Poppler instalado?): No module named 'pdf2image'
2026-04-20 11:22:19 | INFO     | Concluído: adsp20163184_1.pdf | 4 blocos texto | 0 tabelas | 0 imgs | 0.48s
2026-04-20 11:22:19 | INFO     | Processando: adsp20163222.pdf
2026-04-20 11:22:19 | INFO     | PyMuPDF: sem imagens embutidas em adsp20163181_1.pdf
2026-04-20 11:22:19 | WARNING  | Imagens — pdf2image falhou (Poppler instalado?): No module named 'pdf2image'
2026-04-20 11:22:19 | INFO     | Concluído: adsp20163181_1.pdf | 8 blocos texto | 4 tabelas | 0 imgs | 0.70s
2026-04-20 11:22:19 | INFO     | Processando: adsp20163229.pdf
2026-04-20 11:22:19 | INFO     | PyMuPDF: sem imagens embutidas em adsp20163186_1.pdf
2026-04-20 11:22:19 | WARNING  | Imagens — pdf2image falhou (Poppler instalado?): No module named 'pdf2image'
2026-04-20 11:22:19 | INFO     | Concluído: adsp20163186_1.pdf | 4 blocos texto | 0 tabelas | 0 imgs | 0.39s
2026-04-20 11:22:19 | INFO     | Processando: adsp20163247_1.pdf
2026-04-20 11:22:19 | INFO     | PyMuPDF: sem imagens embutidas em adsp20163187_1.pdf
2026-04-20 11:22:19 | WARNING  | Imagens — pdf2image falhou (Poppler instalado?): No module named 'pdf2image'
2026-04-20 11:22:19 | INFO     | Concluído: adsp20163187_1.pdf | 4 blocos texto | 0 tabelas | 0 imgs | 0.32s
2026-04-20 11:22:19 | INFO     | Processando: adsp20163248_1.pdf
2026-04-20 11:22:19 | INFO     | PyMuPDF: sem imagens embutidas em adsp20163222.pdf
2026-04-20 11:22:19 | WARNING  | Imagens — pdf2image falhou (Poppler instalado?): No module named 'pdf2image'
2026-04-20 11:22:19 | INFO     | Concluído: adsp20163222.pdf | 3 blocos texto | 0 tabelas | 0 imgs | 0.23s
2026-04-20 11:22:19 | INFO     | Processando: adsp20163249_1.pdf
2026-04-20 11:22:19 | INFO     | PyMuPDF: sem imagens embutidas em adsp20163203_1.pdf
2026-04-20 11:22:19 | WARNING  | Imagens — pdf2image falhou (Poppler instalado?): No module named 'pdf2image'
2026-04-20 11:22:19 | INFO     | Concluído: adsp20163203_1.pdf | 4 blocos texto | 1 tabelas | 0 imgs | 0.34s
2026-04-20 11:22:19 | INFO     | Processando: adsp20163250_1.pdf
2026-04-20 11:22:19 | INFO     | Concluído: adsp20163183_1.pdf | 8 blocos texto | 1 tabelas | 2 imgs | 0.87s
2026-04-20 11:22:19 | INFO     | Processando: adsp20163251_1.pdf
2026-04-20 11:22:20 | INFO     | PyMuPDF: sem imagens embutidas em adsp20163229.pdf
2026-04-20 11:22:20 | WARNING  | Imagens — pdf2image falhou (Poppler instalado?): No module named 'pdf2image'
2026-04-20 11:22:20 | INFO     | Concluído: adsp20163229.pdf | 4 blocos texto | 0 tabelas | 0 imgs | 0.28s
2026-04-20 11:22:20 | INFO     | Processando: adsp20163252_1.pdf
2026-04-20 11:22:20 | INFO     | PyMuPDF: sem imagens embutidas em adsp20163247_1.pdf
2026-04-20 11:22:20 | INFO     | PyMuPDF: sem imagens embutidas em adsp20163182_1.pdf
2026-04-20 11:22:20 | WARNING  | Imagens — pdf2image falhou (Poppler instalado?): No module named 'pdf2image'
2026-04-20 11:22:20 | INFO     | Concluído: adsp20163247_1.pdf | 4 blocos texto | 0 tabelas | 0 imgs | 0.32s
2026-04-20 11:22:20 | WARNING  | Imagens — pdf2image falhou (Poppler instalado?): No module named 'pdf2image'
2026-04-20 11:22:20 | INFO     | Concluído: adsp20163182_1.pdf | 11 blocos texto | 0 tabelas | 0 imgs | 0.98s
2026-04-20 11:22:20 | INFO     | Processando: adsp20163253_1.pdf
2026-04-20 11:22:20 | INFO     | Processando: adsp20163254_1.pdf
2026-04-20 11:22:20 | INFO     | PyMuPDF: sem imagens embutidas em adsp20163249_1.pdf
2026-04-20 11:22:20 | WARNING  | Imagens — pdf2image falhou (Poppler instalado?): No module named 'pdf2image'
2026-04-20 11:22:20 | INFO     | Concluído: adsp20163249_1.pdf | 3 blocos texto | 2 tabelas | 0 imgs | 0.35s
2026-04-20 11:22:20 | INFO     | Processando: adsp20163255_1.pdf
2026-04-20 11:22:20 | INFO     | PyMuPDF: sem imagens embutidas em adsp20163248_1.pdf
2026-04-20 11:22:20 | WARNING  | Imagens — pdf2image falhou (Poppler instalado?): No module named 'pdf2image'
2026-04-20 11:22:20 | INFO     | Concluído: adsp20163248_1.pdf | 6 blocos texto | 1 tabelas | 0 imgs | 0.46s
2026-04-20 11:22:20 | INFO     | Processando: adsp20163256_1.pdf
2026-04-20 11:22:20 | INFO     | PyMuPDF: sem imagens embutidas em adsp20163250_1.pdf
2026-04-20 11:22:20 | WARNING  | Imagens — pdf2image falhou (Poppler instalado?): No module named 'pdf2image'
2026-04-20 11:22:20 | INFO     | Concluído: adsp20163250_1.pdf | 3 blocos texto | 2 tabelas | 0 imgs | 0.45s
2026-04-20 11:22:20 | INFO     | Processando: adsp20163258_1.pdf
2026-04-20 11:22:20 | INFO     | PyMuPDF: sem imagens embutidas em adsp20163252_1.pdf
2026-04-20 11:22:20 | WARNING  | Imagens — pdf2image falhou (Poppler instalado?): No module named 'pdf2image'
2026-04-20 11:22:20 | INFO     | Concluído: adsp20163252_1.pdf | 4 blocos texto | 1 tabelas | 0 imgs | 0.46s
2026-04-20 11:22:20 | INFO     | Processando: adsp20163259_1.pdf
2026-04-20 11:22:20 | INFO     | PyMuPDF: sem imagens embutidas em adsp20163253_1.pdf
2026-04-20 11:22:20 | WARNING  | Imagens — pdf2image falhou (Poppler instalado?): No module named 'pdf2image'
2026-04-20 11:22:20 | INFO     | Concluído: adsp20163253_1.pdf | 4 blocos texto | 1 tabelas | 0 imgs | 0.45s
2026-04-20 11:22:20 | INFO     | Processando: adsp20163265_1.pdf
2026-04-20 11:22:20 | INFO     | PyMuPDF: sem imagens embutidas em adsp20163254_1.pdf
2026-04-20 11:22:20 | WARNING  | Imagens — pdf2image falhou (Poppler instalado?): No module named 'pdf2image'
2026-04-20 11:22:20 | INFO     | Concluído: adsp20163254_1.pdf | 6 blocos texto | 3 tabelas | 0 imgs | 0.59s
2026-04-20 11:22:20 | INFO     | Processando: adsp2016328.pdf
2026-04-20 11:22:20 | INFO     | PyMuPDF: sem imagens embutidas em adsp20163258_1.pdf
2026-04-20 11:22:20 | WARNING  | Imagens — pdf2image falhou (Poppler instalado?): No module named 'pdf2image'
2026-04-20 11:22:20 | INFO     | Concluído: adsp20163258_1.pdf | 3 blocos texto | 2 tabelas | 0 imgs | 0.36s
2026-04-20 11:22:20 | INFO     | Processando: adsp20163281.pdf
2026-04-20 11:22:20 | INFO     | PyMuPDF: sem imagens embutidas em adsp20163281.pdf
2026-04-20 11:22:20 | WARNING  | Imagens — pdf2image falhou (Poppler instalado?): No module named 'pdf2image'
2026-04-20 11:22:20 | INFO     | Concluído: adsp20163281.pdf | 2 blocos texto | 0 tabelas | 0 imgs | 0.21s
2026-04-20 11:22:20 | INFO     | Processando: adsp20163285_1.pdf
2026-04-20 11:22:21 | INFO     | PyMuPDF: sem imagens embutidas em adsp20163259_1.pdf
2026-04-20 11:22:21 | WARNING  | Imagens — pdf2image falhou (Poppler instalado?): No module named 'pdf2image'
2026-04-20 11:22:21 | INFO     | Concluído: adsp20163259_1.pdf | 4 blocos texto | 5 tabelas | 0 imgs | 0.60s
2026-04-20 11:22:21 | INFO     | Processando: adsp20163288.pdf
2026-04-20 11:22:21 | INFO     | PyMuPDF: sem imagens embutidas em adsp20163255_1.pdf
2026-04-20 11:22:21 | WARNING  | Imagens — pdf2image falhou (Poppler instalado?): No module named 'pdf2image'
2026-04-20 11:22:21 | INFO     | Concluído: adsp20163255_1.pdf | 7 blocos texto | 0 tabelas | 0 imgs | 0.85s
2026-04-20 11:22:21 | INFO     | Processando: adsp20163293_1.pdf
2026-04-20 11:22:21 | INFO     | PyMuPDF: sem imagens embutidas em adsp20163251_1.pdf
2026-04-20 11:22:21 | WARNING  | Imagens — pdf2image falhou (Poppler instalado?): No module named 'pdf2image'
2026-04-20 11:22:21 | INFO     | Concluído: adsp20163251_1.pdf | 10 blocos texto | 1 tabelas | 0 imgs | 1.28s
2026-04-20 11:22:21 | INFO     | Processando: adsp20163294_1.pdf
2026-04-20 11:22:21 | INFO     | PyMuPDF: sem imagens embutidas em adsp2016328.pdf
2026-04-20 11:22:21 | WARNING  | Imagens — pdf2image falhou (Poppler instalado?): No module named 'pdf2image'
2026-04-20 11:22:21 | INFO     | Concluído: adsp2016328.pdf | 4 blocos texto | 0 tabelas | 0 imgs | 0.59s
2026-04-20 11:22:21 | INFO     | Processando: adsp20163301_1.pdf
2026-04-20 11:22:21 | INFO     | PyMuPDF: sem imagens embutidas em adsp20163256_1.pdf
2026-04-20 11:22:21 | WARNING  | Imagens — pdf2image falhou (Poppler instalado?): No module named 'pdf2image'
2026-04-20 11:22:21 | INFO     | Concluído: adsp20163256_1.pdf | 7 blocos texto | 2 tabelas | 0 imgs | 1.09s
2026-04-20 11:22:21 | INFO     | Processando: adsp20163312_1.pdf
2026-04-20 11:22:21 | INFO     | PyMuPDF: sem imagens embutidas em adsp20163265_1.pdf
2026-04-20 11:22:21 | WARNING  | Imagens — pdf2image falhou (Poppler instalado?): No module named 'pdf2image'
2026-04-20 11:22:21 | INFO     | Concluído: adsp20163265_1.pdf | 7 blocos texto | 0 tabelas | 0 imgs | 0.90s
2026-04-20 11:22:21 | INFO     | Processando: adsp20163313_1.pdf
2026-04-20 11:22:21 | INFO     | PyMuPDF: sem imagens embutidas em adsp20163285_1.pdf
2026-04-20 11:22:21 | WARNING  | Imagens — pdf2image falhou (Poppler instalado?): No module named 'pdf2image'
2026-04-20 11:22:21 | INFO     | Concluído: adsp20163285_1.pdf | 7 blocos texto | 0 tabelas | 0 imgs | 0.63s
2026-04-20 11:22:21 | INFO     | Processando: adsp20163314.pdf
2026-04-20 11:22:21 | INFO     | Concluído: adsp20163294_1.pdf | 3 blocos texto | 3 tabelas | 1 imgs | 0.54s
